--
-- Dumping data for table `admissionrules`
--

INSERT INTO `admissionrules` (`id`, `ruletype`, `active`, `mkdate`) VALUES(1, 'ConditionalAdmission', 1, 1399476073);
INSERT INTO `admissionrules` (`id`, `ruletype`, `active`, `mkdate`) VALUES(2, 'LimitedAdmission', 1, 1399476073);
INSERT INTO `admissionrules` (`id`, `ruletype`, `active`, `mkdate`) VALUES(3, 'LockedAdmission', 1, 1399476073);
INSERT INTO `admissionrules` (`id`, `ruletype`, `active`, `mkdate`) VALUES(4, 'PasswordAdmission', 1, 1399476073);
INSERT INTO `admissionrules` (`id`, `ruletype`, `active`, `mkdate`) VALUES(5, 'TimedAdmission', 1, 1399476073);
INSERT INTO `admissionrules` (`id`, `ruletype`, `active`, `mkdate`) VALUES(6, 'ParticipantRestrictedAdmission', 1, 1399476073);
INSERT INTO `admissionrules` (`id`, `ruletype`, `active`, `mkdate`) VALUES(7, 'CourseMemberAdmission', 1, 1436546684);

--
-- Dumping data for table `config`
--


INSERT INTO `config` (`config_id`, `parent_id`, `field`, `value`, `is_default`, `type`, `range`, `section`, `position`, `mkdate`, `chdate`, `description`, `comment`, `message_template`) VALUES('7291d64d9cc4ea43ee9e8260f05a4111', '', 'MAIL_NOTIFICATION_ENABLE', '0', 1, 'boolean', 'global', '', 0, 1122996278, 1122996278, 'Informationen über neue Inhalte per email verschicken', '', '');
INSERT INTO `config` (`config_id`, `parent_id`, `field`, `value`, `is_default`, `type`, `range`, `section`, `position`, `mkdate`, `chdate`, `description`, `comment`, `message_template`) VALUES('9f6d7e248f58d1b211314dfb26c77d63', '', 'RESOURCES_ALLOW_DELETE_REQUESTS', '1', 1, 'boolean', 'global', 'resources', 0, 1136826903, 1136826903, 'Erlaubt das Löschen von Raumanfragen für globale Ressourcenadmins', '', '');
INSERT INTO `config` (`config_id`, `parent_id`, `field`, `value`, `is_default`, `type`, `range`, `section`, `position`, `mkdate`, `chdate`, `description`, `comment`, `message_template`) VALUES('25bdaf939c88ee79bf3da54165d61a48', '', 'MAINTENANCE_MODE_ENABLE', '0', 1, 'boolean', 'global', '', 0, 1130840930, 1130840930, 'Schaltet das System in den Wartungsmodus, so dass nur noch Administratoren Zugriff haben', '', '');
INSERT INTO `config` (`config_id`, `parent_id`, `field`, `value`, `is_default`, `type`, `range`, `section`, `position`, `mkdate`, `chdate`, `description`, `comment`, `message_template`) VALUES('88c038ca4fb36764ff6486d72379e1ae', '', 'ZIP_UPLOAD_MAX_FILES', '100', 1, 'integer', 'global', 'files', 0, 1130840930, 1130840930, 'Die maximale Anzahl an Dateien, die bei einem Zipupload automatisch entpackt werden', '', '');
INSERT INTO `config` (`config_id`, `parent_id`, `field`, `value`, `is_default`, `type`, `range`, `section`, `position`, `mkdate`, `chdate`, `description`, `comment`, `message_template`) VALUES('c1f9ef95f501893c73e2654296c425f2', '', 'ZIP_UPLOAD_ENABLE', '1', 1, 'boolean', 'global', 'files', 0, 1130840930, 1130840930, 'Ermöglicht es, ein Zip Archiv hochzuladen, welches automatisch entpackt wird', '', '');
INSERT INTO `config` (`config_id`, `parent_id`, `field`, `value`, `is_default`, `type`, `range`, `section`, `position`, `mkdate`, `chdate`, `description`, `comment`, `message_template`) VALUES('d733eb0f9ef6db9fb3b461dd4df22376', '', 'ZIP_UPLOAD_MAX_DIRS', '10', 1, 'integer', 'global', 'files', 0, 1130840962, 1130840962, 'Die maximale Anzahl an Verzeichnissen, die bei einem Zipupload automatisch entpackt werden', '', '');
INSERT INTO `config` (`config_id`, `parent_id`, `field`, `value`, `is_default`, `type`, `range`, `section`, `position`, `mkdate`, `chdate`, `description`, `comment`, `message_template`) VALUES('1c07aa46c6fe6fea26d9b0cfd8fbcd19', '', 'SENDFILE_LINK_MODE', 'normal', 1, 'string', 'global', 'files', 0, 1141212096, 1141212096, 'Format der Downloadlinks: normal=sendfile.php?parameter=x, old=sendfile.php?/parameter=x, rewrite=download/parameter/file.txt', '', '');
INSERT INTO `config` (`config_id`, `parent_id`, `field`, `value`, `is_default`, `type`, `range`, `section`, `position`, `mkdate`, `chdate`, `description`, `comment`, `message_template`) VALUES('9d4956b4eac20f03b60b17d7ac30b40a', '', 'SEMESTER_TIME_SWITCH', '0', 1, 'integer', 'global', '', 0, 1140013696, 1140013696, 'Anzahl der Wochen vor Semesterende zu dem das vorgewählte Semester umspringt', '', '');
INSERT INTO `config` (`config_id`, `parent_id`, `field`, `value`, `is_default`, `type`, `range`, `section`, `position`, `mkdate`, `chdate`, `description`, `comment`, `message_template`) VALUES('06cdb765fb8f0853e3ebe08f51c3596e', '', 'RESOURCES_ENABLE', '0', 1, 'boolean', 'global', '', 0, 0, 0, 'Enable the Stud.IP resource management module', '', '');
INSERT INTO `config` (`config_id`, `parent_id`, `field`, `value`, `is_default`, `type`, `range`, `section`, `position`, `mkdate`, `chdate`, `description`, `comment`, `message_template`) VALUES('3d415eca6003321f09e59407e4a7994d', '', 'RESOURCES_LOCKING_ACTIVE', '', 1, 'boolean', 'global', 'resources', 0, 0, 1100709567, 'Schaltet in der Ressourcenverwaltung das Blockieren der Bearbeitung für einen Zeitraum aus (nur Admins dürfen in dieser Zeit auf die Belegung zugreifen)', '', '');
INSERT INTO `config` (`config_id`, `parent_id`, `field`, `value`, `is_default`, `type`, `range`, `section`, `position`, `mkdate`, `chdate`, `description`, `comment`, `message_template`) VALUES('b7a2817d142443245df2f5ac587fe218', '', 'RESOURCES_ALLOW_ROOM_REQUESTS', '1', 1, 'boolean', 'global', 'resources', 0, 0, 1100709567, 'Schaltet in der Ressourcenverwaltung das System zum Stellen und Bearbeiten von Raumanfragen ein oder aus', '', '');
INSERT INTO `config` (`config_id`, `parent_id`, `field`, `value`, `is_default`, `type`, `range`, `section`, `position`, `mkdate`, `chdate`, `description`, `comment`, `message_template`) VALUES('d821ffbff29ce636c6763ffe3fd8b427', '', 'RESOURCES_ALLOW_CREATE_ROOMS', '2', 1, 'integer', 'global', 'resources', 0, 0, 1100709567, 'Welche Rechstufe darf  Räume anlegen? 1 = Nutzer ab Status tutor, 2 = Nutzer ab Status admin, 3 = nur Ressourcenadministratoren', '', '');
INSERT INTO `config` (`config_id`, `parent_id`, `field`, `value`, `is_default`, `type`, `range`, `section`, `position`, `mkdate`, `chdate`, `description`, `comment`, `message_template`) VALUES('5a6e2342b90530ed50ad8497054420c0', '', 'RESOURCES_ALLOW_ROOM_PROPERTY_REQUESTS', '1', 1, 'boolean', 'global', 'resources', 0, 0, 1074780851, 'Schaltet in der Ressourcenverwaltung die Möglichkeit, im Rahmen einer Anfrage Raumeigenschaften zu wünschen, ein oder aus', '', '');
INSERT INTO `config` (`config_id`, `parent_id`, `field`, `value`, `is_default`, `type`, `range`, `section`, `position`, `mkdate`, `chdate`, `description`, `comment`, `message_template`) VALUES('e4123cf9158cd0b936144f0f4cf8dfa3', '', 'RESOURCES_INHERITANCE_PERMS_ROOMS', '1', 1, 'integer', 'global', 'resources', 0, 0, 1100709567, 'Art der Rechtevererbung in der Ressourcenverwaltung für Räume: 1 = lokale Rechte der Einrichtung und Veranstaltung werden übertragen, 2 = nur Autorenrechte werden vergeben, 3 = es werden keine Rechte vergeben', '', '');
INSERT INTO `config` (`config_id`, `parent_id`, `field`, `value`, `is_default`, `type`, `range`, `section`, `position`, `mkdate`, `chdate`, `description`, `comment`, `message_template`) VALUES('45856b1e3407ce565d87ec9b8fd32d7d', '', 'RESOURCES_INHERITANCE_PERMS', '1', 1, 'integer', 'global', 'resources', 0, 0, 1100709567, 'Art der Rechtevererbung in der Ressourcenverwaltung für Ressourcen (nicht Räume): 1 = lokale Rechte der Einrichtung und Veranstaltung werden übertragen, 2 = nur Autorenrechte werden vergeben, 3 = es werden keine Rechte vergeben', '', '');
INSERT INTO `config` (`config_id`, `parent_id`, `field`, `value`, `is_default`, `type`, `range`, `section`, `position`, `mkdate`, `chdate`, `description`, `comment`, `message_template`) VALUES('c353c73d8f37e3c301ae34898c837af4', '', 'RESOURCES_ENABLE_ORGA_CLASSIFY', '1', 1, 'boolean', 'global', 'resources', 0, 0, 1100709567, 'Schaltet in der Ressourcenverwaltung das Einordnen von Ressourcen in Orga-Struktur (ohne Rechtevergabe) ein oder aus', '', '');
INSERT INTO `config` (`config_id`, `parent_id`, `field`, `value`, `is_default`, `type`, `range`, `section`, `position`, `mkdate`, `chdate`, `description`, `comment`, `message_template`) VALUES('0821671742242add144595b1112399fb', '', 'RESOURCES_ALLOW_SINGLE_ASSIGN_PERCENTAGE', '50', 1, 'integer', 'global', 'resources', 0, 0, 1100709567, 'Wert (in Prozent), ab dem ein Raum mit Einzelbelegungen (statt Serienbelegungen) gefüllt wird, wenn dieser Anteil an möglichen Belegungen bereits durch andere Belegungen zu Überschneidungen führt', '', '');
INSERT INTO `config` (`config_id`, `parent_id`, `field`, `value`, `is_default`, `type`, `range`, `section`, `position`, `mkdate`, `chdate`, `description`, `comment`, `message_template`) VALUES('94d1643209a8f404dfe71228aad5345d', '', 'RESOURCES_ALLOW_SINGLE_DATE_GROUPING', '5', 1, 'integer', 'global', 'resources', 0, 0, 1100709567, 'Anzahl an Einzeltermine, ab der diese als Gruppe zusammengefasst bearbeitet werden', '', '');
INSERT INTO `config` (`config_id`, `parent_id`, `field`, `value`, `is_default`, `type`, `range`, `section`, `position`, `mkdate`, `chdate`, `description`, `comment`, `message_template`) VALUES('d29daf70897da5f89d44013260f26abd', '', 'AJAX_AUTOCOMPLETE_DISABLED', '0', 1, 'boolean', 'global', '', 0, 1293118060, 1293118060, 'Sollen alle QuickSearches deaktiviertes Autocomplete haben? Wenn es zu Performanceproblemen kommt, kann es sich lohnen, diese Variable auf true zu stellen.', '', '');
INSERT INTO `config` (`config_id`, `parent_id`, `field`, `value`, `is_default`, `type`, `range`, `section`, `position`, `mkdate`, `chdate`, `description`, `comment`, `message_template`) VALUES('f2f8a47ea69ed9ccba5573e85a15662c', '', 'ACCESSKEY_ENABLE', '', 1, 'boolean', 'user', '', 0, 0, 0, 'Schaltet die Nutzung von Shortcuts für einen User ein oder aus, Systemdefault', '', '');
INSERT INTO `config` (`config_id`, `parent_id`, `field`, `value`, `is_default`, `type`, `range`, `section`, `position`, `mkdate`, `chdate`, `description`, `comment`, `message_template`) VALUES('0b00c75bc76abe0dd132570403b38e5c', '', 'NEWS_RSS_EXPORT_ENABLE', '1', 1, 'boolean', 'global', '', 0, 0, 0, 'Schaltet die Möglichkeit des rss-Export von privaten News global ein oder aus', '', '');
INSERT INTO `config` (`config_id`, `parent_id`, `field`, `value`, `is_default`, `type`, `range`, `section`, `position`, `mkdate`, `chdate`, `description`, `comment`, `message_template`) VALUES('b255d2742560c9ec6524897227960e11', '', 'PLUS_SETTINGS', '[]', 1, 'array', 'user', '', 0, 1436547919, 1436547919, 'Nutzer Konfiguration für Plusseite', '', '');
INSERT INTO `config` (`config_id`, `parent_id`, `field`, `value`, `is_default`, `type`, `range`, `section`, `position`, `mkdate`, `chdate`, `description`, `comment`, `message_template`) VALUES('a52e3b62ac0bee819b782d8979960b7b', '', 'RESOURCES_ENABLE_GROUPING', '1', 1, 'boolean', 'global', 'resources', 0, 0, 1121861801, 'Schaltet in der Ressourcenverwaltung die Funktion zur Verwaltung von Raumgruppen ein oder aus', '', '');
INSERT INTO `config` (`config_id`, `parent_id`, `field`, `value`, `is_default`, `type`, `range`, `section`, `position`, `mkdate`, `chdate`, `description`, `comment`, `message_template`) VALUES('76cac679fa57fdbb3f9d6cee20bf8c6f', '', 'RESOURCES_ENABLE_SEM_SCHEDULE', '1', 1, 'boolean', 'global', 'resources', 0, 0, 0, 'Schaltet in der Ressourcenverwaltung ein, ob ein Semesterbelegungsplan erstellt werden kann', '', '');
INSERT INTO `config` (`config_id`, `parent_id`, `field`, `value`, `is_default`, `type`, `range`, `section`, `position`, `mkdate`, `chdate`, `description`, `comment`, `message_template`) VALUES('3af783748f92cdf99b066d4227f8dffc', '', 'RESOURCES_SEARCH_ONLY_REQUESTABLE_PROPERTY', '1', 1, 'boolean', 'global', 'resources', 0, 0, 0, 'Schaltet in der Suche der Ressourcenverwaltun das Durchsuchen von nicht wünschbaren Eigenschaften ein oder aus', '', '');
INSERT INTO `config` (`config_id`, `parent_id`, `field`, `value`, `is_default`, `type`, `range`, `section`, `position`, `mkdate`, `chdate`, `description`, `comment`, `message_template`) VALUES('fe498bb91a4cbfdfd5078915e979153c', '', 'RESOURCES_ENABLE_VIRTUAL_ROOM_GROUPS', '1', 1, 'boolean', 'global', 'resources', 0, 0, 0, 'Schaltet in der Ressourcenverwaltung automatische gebildete Raumgruppen neben per Konfigurationsdatei definierten Gruppen ein oder aus', '', '');
INSERT INTO `config` (`config_id`, `parent_id`, `field`, `value`, `is_default`, `type`, `range`, `section`, `position`, `mkdate`, `chdate`, `description`, `comment`, `message_template`) VALUES('68b127dde744085637d221e11d4e8cf2', '', 'RESOURCES_ALLOW_CREATE_TOP_LEVEL', '', 1, 'boolean', 'global', 'resources', 0, 0, 0, 'Schaltet für die Ressourcenverwaltung ein, ob neue Hierachieebenen von anderen Nutzern als Admins angelegt werden können oder nicht', '', '');
INSERT INTO `config` (`config_id`, `parent_id`, `field`, `value`, `is_default`, `type`, `range`, `section`, `position`, `mkdate`, `chdate`, `description`, `comment`, `message_template`) VALUES('b16359d5514b13794689eab669124c69', '', 'ALLOW_DOZENT_VISIBILITY', '', 1, 'boolean', 'global', 'permissions', 0, 0, 0, 'Schaltet ein oder aus, ob ein Dozent eigene Veranstaltungen selbst verstecken darf oder nicht', '', '');
INSERT INTO `config` (`config_id`, `parent_id`, `field`, `value`, `is_default`, `type`, `range`, `section`, `position`, `mkdate`, `chdate`, `description`, `comment`, `message_template`) VALUES('e8cd96580149cde65ad69b6cf18d5c39', '', 'ALLOW_DOZENT_ARCHIV', '', 1, 'boolean', 'global', 'permissions', 0, 0, 1109946684, 'Schaltet ein oder aus, ob ein Dozent eigene Veranstaltungen selbst archivieren darf oder nicht', '', '');
INSERT INTO `config` (`config_id`, `parent_id`, `field`, `value`, `is_default`, `type`, `range`, `section`, `position`, `mkdate`, `chdate`, `description`, `comment`, `message_template`) VALUES('24ecbeb431826c61fd8b53b3aa41bfa6', '', 'SHOWSEM_ENABLE', '1', 1, 'boolean', 'user', '', 0, 1122461027, 1122461027, 'Einstellung für Nutzer, ob Semesterangaben in der Übersicht "Meine Veranstaltung" nach dem Titel der Veranstaltung gemacht werden; Systemdefault', '', '');
INSERT INTO `config` (`config_id`, `parent_id`, `field`, `value`, `is_default`, `type`, `range`, `section`, `position`, `mkdate`, `chdate`, `description`, `comment`, `message_template`) VALUES('91e6e53b3748a53c42440453e8045be3', '', 'RESOURCES_ALLOW_SEMASSI_SKIP_REQUEST', '1', 1, 'boolean', 'global', 'resources', 0, 1122565305, 1122565305, 'Schaltet das Pflicht, eine Raumanfrage beim Anlegen einer Veranstaltung machen zu müssen, ein oder aus', '', '');
INSERT INTO `config` (`config_id`, `parent_id`, `field`, `value`, `is_default`, `type`, `range`, `section`, `position`, `mkdate`, `chdate`, `description`, `comment`, `message_template`) VALUES('f32367b1542a1d513ecee8a26e26d239', '', 'RESOURCES_SCHEDULE_EXPLAIN_USER_NAME', '1', 1, 'boolean', 'global', 'resources', 0, 1123516671, 1123516671, 'Schaltet in der Ressourcenverwaltung die Anzeige der Namen des Belegers in der Ausgabe von Belegungsplänen ein oder aus', '', '');
INSERT INTO `config` (`config_id`, `parent_id`, `field`, `value`, `is_default`, `type`, `range`, `section`, `position`, `mkdate`, `chdate`, `description`, `comment`, `message_template`) VALUES('4c52bfa598daa03944a401b66c53d828', '', 'NEWS_DISABLE_GARBAGE_COLLECT', '0', 1, 'boolean', 'global', '', 0, 1123751948, 1123751948, 'Schaltet den Garbage-Collect für News ein oder aus', '', '');
INSERT INTO `config` (`config_id`, `parent_id`, `field`, `value`, `is_default`, `type`, `range`, `section`, `position`, `mkdate`, `chdate`, `description`, `comment`, `message_template`) VALUES('9e0579653e585a688665a6ea2e2d7c90', '', 'EVAL_AUSWERTUNG_CONFIG_ENABLE', '1', 1, 'boolean', 'global', 'evaluation', 0, 1141225624, 1141225624, 'Ermöglicht es dem Nutzer, die grafische Darstellung der Evaluationsauswertung zu konfigurieren', '', '');
INSERT INTO `config` (`config_id`, `parent_id`, `field`, `value`, `is_default`, `type`, `range`, `section`, `position`, `mkdate`, `chdate`, `description`, `comment`, `message_template`) VALUES('0ad11a4cafa548d3c72a3dc1776568d8', '', 'EVAL_AUSWERTUNG_GRAPH_FORMAT', 'png', 1, 'string', 'global', 'evaluation', 0, 1141225624, 1141225624, 'Das Format, in dem die Diagramme der grafischen Evaluationsauswertung erstellt werden (jpg, png, gif).', '', '');
INSERT INTO `config` (`config_id`, `parent_id`, `field`, `value`, `is_default`, `type`, `range`, `section`, `position`, `mkdate`, `chdate`, `description`, `comment`, `message_template`) VALUES('781e0998a1b5c998ebbc02a4f0d907ac', '', 'USER_VISIBILITY_UNKNOWN', '1', 1, 'boolean', 'global', 'privacy', 0, 1153815901, 1153815901, 'Sollen Nutzer mit Sichtbarkeit "unknown" wie sichtbare behandelt werden?', '', '');
INSERT INTO `config` (`config_id`, `parent_id`, `field`, `value`, `is_default`, `type`, `range`, `section`, `position`, `mkdate`, `chdate`, `description`, `comment`, `message_template`) VALUES('819e4437029e6734fa04e8fa239c5e01', '', 'MAILQUEUE_ENABLE', '0', 1, 'boolean', 'global', 'global', 0, 1403258017, 1403258017, 'Aktiviert bzw. deaktiviert die Mailqueue', '', '');
INSERT INTO `config` (`config_id`, `parent_id`, `field`, `value`, `is_default`, `type`, `range`, `section`, `position`, `mkdate`, `chdate`, `description`, `comment`, `message_template`) VALUES('54ad03142e6704434976c9a0df8329c8', '', 'ONLINE_NAME_FORMAT', 'full_rev', 1, 'string', 'user', '', 0, 1153814980, 1153814980, 'Default-Wert für wer-ist-online Namensformatierung', '', '');
INSERT INTO `config` (`config_id`, `parent_id`, `field`, `value`, `is_default`, `type`, `range`, `section`, `position`, `mkdate`, `chdate`, `description`, `comment`, `message_template`) VALUES('8a147b2d487d7ae91264f03cab5d8c07', '', 'ADMISSION_PRELIM_COMMENT_ENABLE', '0', 1, 'boolean', 'global', '', 0, 1153814966, 1153814966, 'Schaltet ein oder aus, ob ein Nutzer im Modus "Vorläufiger Eintrag" eine Bemerkung hinterlegen kann', '', '');
INSERT INTO `config` (`config_id`, `parent_id`, `field`, `value`, `is_default`, `type`, `range`, `section`, `position`, `mkdate`, `chdate`, `description`, `comment`, `message_template`) VALUES('a93eb21bb08719b3a522b7e238bd8b7e', '', 'EXTERNAL_HELP', '1', 1, 'boolean', 'global', '', 0, 1155128579, 1155128579, 'Schaltet das externe Hilfesystem ein', '', '');
INSERT INTO `config` (`config_id`, `parent_id`, `field`, `value`, `is_default`, `type`, `range`, `section`, `position`, `mkdate`, `chdate`, `description`, `comment`, `message_template`) VALUES('10367c279370c7f78552d2747c2b169c', '', 'EXTERNAL_HELP_LOCATIONID', 'default', 1, 'string', 'global', '', 0, 1155128579, 1155128579, 'Eine eindeutige ID zur Identifikation der gewünschten Hilfeseiten, leer bedeutet Standardhilfe', '', '');
INSERT INTO `config` (`config_id`, `parent_id`, `field`, `value`, `is_default`, `type`, `range`, `section`, `position`, `mkdate`, `chdate`, `description`, `comment`, `message_template`) VALUES('6679a9cf02e56c0fce92e91b8f696005', '', 'EXTERNAL_HELP_URL', 'http://hilfe.studip.de/index.php/%s', 1, 'string', 'global', '', 0, 1155128579, 1155128579, 'URL Template für das externe Hilfesystem', '', '');
INSERT INTO `config` (`config_id`, `parent_id`, `field`, `value`, `is_default`, `type`, `range`, `section`, `position`, `mkdate`, `chdate`, `description`, `comment`, `message_template`) VALUES('4cd2cd3cc207ffc0ae92721c291cd906', '', 'RESOURCES_SHOW_ROOM_NOT_BOOKED_HINT', '0', 1, 'boolean', 'global', 'resources', 0, 1168444600, 1168444600, 'Einstellung, ob bei aktivierter Raumverwaltung Raumangaben die nicht gebucht sind gekennzeichnet werden', '', '');
INSERT INTO `config` (`config_id`, `parent_id`, `field`, `value`, `is_default`, `type`, `range`, `section`, `position`, `mkdate`, `chdate`, `description`, `comment`, `message_template`) VALUES('3b6a1623b8e0913430d6a27bfda976fd', '', 'ADMISSION_ALLOW_DISABLE_WAITLIST', '1', 1, 'boolean', 'global', '', 0, 1170242650, 1170242650, 'Schaltet ein oder aus, ob die Warteliste in Zugangsbeschränkten Veranstaltungen deaktiviert werden kann', '', '');
INSERT INTO `config` (`config_id`, `parent_id`, `field`, `value`, `is_default`, `type`, `range`, `section`, `position`, `mkdate`, `chdate`, `description`, `comment`, `message_template`) VALUES('08f085d9ef2ee7d8b355dcc35282ab8c', '', 'ENABLE_SKYPE_INFO', '1', 1, 'boolean', 'global', 'privacy', 0, 1170242666, 1170242666, 'Ermöglicht die Eingabe / Anzeige eines Skype Namens ', '', '');
INSERT INTO `config` (`config_id`, `parent_id`, `field`, `value`, `is_default`, `type`, `range`, `section`, `position`, `mkdate`, `chdate`, `description`, `comment`, `message_template`) VALUES('615e92cdf78c1436c3fc1f60a8cd944e', '', 'SEM_VISIBILITY_PERM', 'root', 1, 'string', 'global', 'permissions', 0, 1170242706, 1170242706, 'Bestimmt den globalen Nutzerstatus, ab dem versteckte Veranstaltungen in der Suche gefunden werden (root,admin,dozent)', '', '');
INSERT INTO `config` (`config_id`, `parent_id`, `field`, `value`, `is_default`, `type`, `range`, `section`, `position`, `mkdate`, `chdate`, `description`, `comment`, `message_template`) VALUES('4158d433b57052b20fd66d84b71c7324', '', 'SEM_CREATE_PERM', 'dozent', 1, 'string', 'global', 'permissions', 0, 1170242930, 1170242930, 'Bestimmt den globalen Nutzerstatus, ab dem Veranstaltungen angelegt werden dürfen (root,admin,dozent)', '', '');
INSERT INTO `config` (`config_id`, `parent_id`, `field`, `value`, `is_default`, `type`, `range`, `section`, `position`, `mkdate`, `chdate`, `description`, `comment`, `message_template`) VALUES('93da66ca9e2d17df5bc61bd56406add7', '', 'RESOURCES_ROOM_REQUEST_DEFAULT_ACTION', 'NO_ROOM_INFO_ACTION', 1, 'string', 'global', 'resources', 0, 0, 0, 'Designates the pre-selected action for the room request dialog', 'Valid values are: NO_ROOM_INFO_ACTION, ROOM_REQUEST_ACTION, BOOKING_OF_ROOM_ACTION, FREETEXT_ROOM_ACTION', '');
INSERT INTO `config` (`config_id`, `parent_id`, `field`, `value`, `is_default`, `type`, `range`, `section`, `position`, `mkdate`, `chdate`, `description`, `comment`, `message_template`) VALUES('0d3f84ed4dd6b7147b504ffb5b6fbc2c', '', 'RESOURCES_ENABLE_EXPERT_SCHEDULE_VIEW', '0', 1, 'boolean', 'global', 'resources', 0, 12, 12, 'Enables the expert view of the course schedules', '', '');
INSERT INTO `config` (`config_id`, `parent_id`, `field`, `value`, `is_default`, `type`, `range`, `section`, `position`, `mkdate`, `chdate`, `description`, `comment`, `message_template`) VALUES('bc3004618b17b29dc65e10e89be9a7a0', '', 'RESOURCES_ENABLE_BOOKINGSTATUS_COLORING', '1', 1, 'boolean', 'global', 'resources', 0, 0, 0, 'Enable the colored presentation of the room booking status of a date', '', '');
INSERT INTO `config` (`config_id`, `parent_id`, `field`, `value`, `is_default`, `type`, `range`, `section`, `position`, `mkdate`, `chdate`, `description`, `comment`, `message_template`) VALUES('cb92d5bb08f346567dbd394d0d553454', '', 'EMAIL_DOMAIN_RESTRICTION', '', 1, 'string', 'global', '', 0, 1157107088, 1157107088, 'Beschränkt die gültigkeit von Email-Adressen bei freier Registrierung auf die angegebenen Domains. Komma-separierte Liste von Domains ohne vorangestelltes @.', '', '');
INSERT INTO `config` (`config_id`, `parent_id`, `field`, `value`, `is_default`, `type`, `range`, `section`, `position`, `mkdate`, `chdate`, `description`, `comment`, `message_template`) VALUES('791c632089d80d63bf910e661e378fca', '', 'MAIL_AS_HTML', '0', 1, 'boolean', 'user', '', 0, 1293118060, 1293118060, 'Benachrichtigungen werden im HTML-Format versandt', '', '');
INSERT INTO `config` (`config_id`, `parent_id`, `field`, `value`, `is_default`, `type`, `range`, `section`, `position`, `mkdate`, `chdate`, `description`, `comment`, `message_template`) VALUES('3acf297f781b0c0aefd551ec304b902d', '', 'DOCUMENTS_EMBEDD_FLASH_MOVIES', 'deny', 1, 'string', 'global', 'files', 0, 1157107088, 1157107088, 'Sollen im Dateibereich Flash-Filme direkt in einem Player angezeigt werden? deny=nicht erlaubt, allow=erlaubt, autoload=Film wird beim aufklappen geladen (incrementiert Downloads), autoplay=Film wird sofort abgespielt', '', '');
INSERT INTO `config` (`config_id`, `parent_id`, `field`, `value`, `is_default`, `type`, `range`, `section`, `position`, `mkdate`, `chdate`, `description`, `comment`, `message_template`) VALUES('e2d53231d99575a728cb84b0defc3569', '', 'ZIP_DOWNLOAD_MAX_FILES', '100', 1, 'integer', 'global', 'files', 0, 1219328498, 1219328498, 'Die maximale Anzahl an Dateien, die gezippt heruntergeladen werden kann', '', '');
INSERT INTO `config` (`config_id`, `parent_id`, `field`, `value`, `is_default`, `type`, `range`, `section`, `position`, `mkdate`, `chdate`, `description`, `comment`, `message_template`) VALUES('be1cd744e51e87d8c0c1cb9a6c171887', '', 'ZIP_DOWNLOAD_MAX_SIZE', '100', 1, 'integer', 'global', 'files', 0, 1219328498, 1219328498, 'Die maximale Größe aller Dateien, die zusammen in einem Zip heruntergeladen werden kann (in Megabytes).', '', '');
INSERT INTO `config` (`config_id`, `parent_id`, `field`, `value`, `is_default`, `type`, `range`, `section`, `position`, `mkdate`, `chdate`, `description`, `comment`, `message_template`) VALUES('b8faa6e4bdb8ec8d095f5ea1d04950c0', '', 'RANGE_TREE_ADMIN_PERM', 'admin', 1, 'string', 'global', 'permissions', 0, 1219328498, 1219328498, 'mit welchem Status darf die Einrichtungshierarchie bearbeitet werden (admin oder root)', '', '');
INSERT INTO `config` (`config_id`, `parent_id`, `field`, `value`, `is_default`, `type`, `range`, `section`, `position`, `mkdate`, `chdate`, `description`, `comment`, `message_template`) VALUES('e0b4d32bd6da9a430c2644bd5ea3ab3b', '', 'SEM_TREE_ADMIN_PERM', 'admin', 1, 'string', 'global', 'permissions', 0, 1219328498, 1219328498, 'mit welchem Status darf die Veranstaltungshierarchie bearbeitet werden (admin oder root)', '', '');
INSERT INTO `config` (`config_id`, `parent_id`, `field`, `value`, `is_default`, `type`, `range`, `section`, `position`, `mkdate`, `chdate`, `description`, `comment`, `message_template`) VALUES('fb5d5b3f1a0b70ded3c5770f30ec2ac1', '', 'SEMESTER_ADMINISTRATION_ENABLE', '1', 1, 'boolean', 'global', '', 0, 1219328498, 1219328498, 'schaltet die Semesterverwaltung ein oder aus', '', '');
INSERT INTO `config` (`config_id`, `parent_id`, `field`, `value`, `is_default`, `type`, `range`, `section`, `position`, `mkdate`, `chdate`, `description`, `comment`, `message_template`) VALUES('34f348c06bbd5d9fc7bb36a8d829e12e', '', 'SEM_TREE_ALLOW_BRANCH_ASSIGN', '1', 1, 'boolean', 'global', '', 0, 1222947575, 1222947575, 'Diese Option beeinflusst die Möglichkeit, Veranstaltungen entweder nur an die Blätter oder überall in der Veranstaltungshierarchie einhängen zu dürfen.', '', '');
INSERT INTO `config` (`config_id`, `parent_id`, `field`, `value`, `is_default`, `type`, `range`, `section`, `position`, `mkdate`, `chdate`, `description`, `comment`, `message_template`) VALUES('b213cfe252348f6934b3be424d97eebf', '', 'MESSAGE_PRIORITY', '0', 1, 'boolean', 'global', '', 0, 1240427632, 1240427632, 'If enabled, messages of high priority are displayed reddish', '', '');
INSERT INTO `config` (`config_id`, `parent_id`, `field`, `value`, `is_default`, `type`, `range`, `section`, `position`, `mkdate`, `chdate`, `description`, `comment`, `message_template`) VALUES('9212fb9cfd117f462c36b276838493f2', '', 'RESTRICTED_USER_MANAGEMENT', '0', 1, 'boolean', 'global', 'permissions', 0, 1240427632, 1240427632, 'Schränkt Zugriff auf die globale Nutzerverwaltung auf root ein', '', '');
INSERT INTO `config` (`config_id`, `parent_id`, `field`, `value`, `is_default`, `type`, `range`, `section`, `position`, `mkdate`, `chdate`, `description`, `comment`, `message_template`) VALUES('664fba27a9f0d8be2a68db04ecc919e1', '', 'AUX_RULE_ADMIN_PERM', 'admin', 1, 'string', 'global', 'permissions', 0, 1240427632, 1240427632, 'mit welchem Status dürfen Zusatzangaben definiert werden (admin, root)', '', '');
INSERT INTO `config` (`config_id`, `parent_id`, `field`, `value`, `is_default`, `type`, `range`, `section`, `position`, `mkdate`, `chdate`, `description`, `comment`, `message_template`) VALUES('759849f5dbc68a74df6905a8187ee59a', '', 'LOCK_RULE_ADMIN_PERM', 'admin', 1, 'string', 'global', 'permissions', 0, 1240427632, 1240427632, 'mit welchem Status dürfen Sperrebenen angepasst werden (admin, root)', '', '');
INSERT INTO `config` (`config_id`, `parent_id`, `field`, `value`, `is_default`, `type`, `range`, `section`, `position`, `mkdate`, `chdate`, `description`, `comment`, `message_template`) VALUES('62ccc1c5408de882f38de933cecaf88f', '', 'ALLOW_SELFASSIGN_INSTITUTE', '1', 1, 'boolean', 'global', 'permissions', 0, 1240427632, 1240427632, 'Wenn eingeschaltet, dürfen Studenten sich selbst Einrichtungen an denen sie studieren zuordnen.', '', '');
INSERT INTO `config` (`config_id`, `parent_id`, `field`, `value`, `is_default`, `type`, `range`, `section`, `position`, `mkdate`, `chdate`, `description`, `comment`, `message_template`) VALUES('7fc613594ac8a9f44b6280c6dd3d653e', '', 'ALLOW_ADMIN_USERACCESS', '1', 1, 'boolean', 'global', 'permissions', 0, 1240427632, 1240427632, 'Wenn eingeschaltet, dürfen Administratoren sensible Nutzerdaten wie z.B. Passwörter ändern.', '', '');
INSERT INTO `config` (`config_id`, `parent_id`, `field`, `value`, `is_default`, `type`, `range`, `section`, `position`, `mkdate`, `chdate`, `description`, `comment`, `message_template`) VALUES('cd1ba192616b66967b51f8e8f8155fb5', '', 'SEM_TREE_SHOW_EMPTY_AREAS_PERM', 'user', 1, 'string', 'global', 'permissions', 0, 1240427632, 1240427632, 'Bestimmt den globalen Nutzerstatus, ab dem in der Veranstaltungssuche auch Bereiche angezeigt werden, denen keine Veranstaltungen zugewiesen sind.', '', '');
INSERT INTO `config` (`config_id`, `parent_id`, `field`, `value`, `is_default`, `type`, `range`, `section`, `position`, `mkdate`, `chdate`, `description`, `comment`, `message_template`) VALUES('06d703c3de37cdae942c66e18f7dcd02', '', 'ASSI_SEMESTER_PRESELECT', '1', 1, 'boolean', 'global', '', 0, 1257956185, 1257956185, 'Wenn ausgeschaltet wird im admin_seminare_assi beimErstellen einer Veranstaltung als Semester bitte auswählen angezeigt und nicht das voreingestellte Semester.', '', '');
INSERT INTO `config` (`config_id`, `parent_id`, `field`, `value`, `is_default`, `type`, `range`, `section`, `position`, `mkdate`, `chdate`, `description`, `comment`, `message_template`) VALUES('274e61e0b19ab9edadb4be9764aa17a2', '', 'RESOURCES_HIDE_PAST_SINGLE_DATES', '1', 1, 'boolean', 'global', 'resources', 0, 1257956185, 1257956185, 'Schaltet in der Ressourcenverwaltung ein,ob bereits vergangene Terminen bei der Buchung und Planung brücksichtigt werden sollen', '', '');
INSERT INTO `config` (`config_id`, `parent_id`, `field`, `value`, `is_default`, `type`, `range`, `section`, `position`, `mkdate`, `chdate`, `description`, `comment`, `message_template`) VALUES('64031f867c3688ecf1c697bd79eff230', '', 'RESOURCES_ALLOW_ROOM_REQUESTS_ALL_ROOMS', '1', 1, 'boolean', 'global', 'resources', 0, 1257956185, 1257956185, 'Schaltet in der Ressourcenverwaltung ein,ob alle Räume gewünscht werden können, oder nur eigene und ''Global'' gesetzte', '', '');
INSERT INTO `config` (`config_id`, `parent_id`, `field`, `value`, `is_default`, `type`, `range`, `section`, `position`, `mkdate`, `chdate`, `description`, `comment`, `message_template`) VALUES('f2ce635d994363fad26e010f5dbae2c4', '', 'STUDYGROUPS_ENABLE', '0', 1, 'boolean', 'global', 'studygroups', 0, 1257956185, 1293118059, 'Schaltet ein oder aus, ob die Studiengruppen global verfügbar sind.', '', '');
INSERT INTO `config` (`config_id`, `parent_id`, `field`, `value`, `is_default`, `type`, `range`, `section`, `position`, `mkdate`, `chdate`, `description`, `comment`, `message_template`) VALUES('ebe2dd4ffa77bb1966c5940272d7c8dd', '', 'STUDYGROUP_TERMS', 'Mir ist bekannt, dass ich die Gruppe nicht zu rechtswidrigen Zwecken nutzen darf. Dazu zählen u.a. Urheberrechtsverletzungen, Beleidigungen und andere Persönlichkeitsdelikte.\n\nIch erkläre mich damit einverstanden, dass AdministratorInnen die Inhalte der Gruppe zu Kontrollzwecken einsehen dürfen.', 1, 'string', 'global', 'studygroups', 0, 1257956185, 1257956185, 'Hier werden die Nutzungsbedinungen der Studiengruppen hinterlegt.', '', '');
INSERT INTO `config` (`config_id`, `parent_id`, `field`, `value`, `is_default`, `type`, `range`, `section`, `position`, `mkdate`, `chdate`, `description`, `comment`, `message_template`) VALUES('678424efcbb858b401edbb5f98b43dac', '', 'HOMEPAGEPLUGIN_DEFAULT_ACTIVATION', '1', 1, 'boolean', 'global', 'privacy', 0, 1403258014, 1403258014, 'Sollen neu installierte Homepageplugins automatisch für Benutzer aktiviert sein?', '', '');
INSERT INTO `config` (`config_id`, `parent_id`, `field`, `value`, `is_default`, `type`, `range`, `section`, `position`, `mkdate`, `chdate`, `description`, `comment`, `message_template`) VALUES('da0a01b50f472296f940de98c56b5a9f', '', 'STUDYGROUP_DEFAULT_INST', '', 1, 'string', 'global', 'studygroups', 0, 1258042892, 1258042892, 'Die Standardeinrichtung für Studiengruppen kann hier gesetzt werden.', '', '');
INSERT INTO `config` (`config_id`, `parent_id`, `field`, `value`, `is_default`, `type`, `range`, `section`, `position`, `mkdate`, `chdate`, `description`, `comment`, `message_template`) VALUES('e776a479dc024fb9b6478be3f60455da', '', 'ENABLE_PROTECTED_DOWNLOAD_RESTRICTION', '0', 1, 'boolean', 'global', 'files', 0, 1257956185, 1257956185, 'Schaltet die Überprüfung (fester Teilnehmerkreis) bei Download von als geschützt markierten Dateien ein', '', '');
INSERT INTO `config` (`config_id`, `parent_id`, `field`, `value`, `is_default`, `type`, `range`, `section`, `position`, `mkdate`, `chdate`, `description`, `comment`, `message_template`) VALUES('9e601ed3a973474c0aac3d7a18c5bf02', '', 'DOZENT_ALWAYS_VISIBLE', '1', 1, 'boolean', 'global', 'privacy', 0, 1293118059, 1293118059, 'Legt fest, ob Personen mit Dozentenrechten immer global sichtbar sind und das auch nicht selbst ändern können.', '', '');
INSERT INTO `config` (`config_id`, `parent_id`, `field`, `value`, `is_default`, `type`, `range`, `section`, `position`, `mkdate`, `chdate`, `description`, `comment`, `message_template`) VALUES('80ccace5c451cec67d88da1edb4b5eec', '', 'HOMEPAGE_VISIBILITY_DEFAULT', 'VISIBILITY_STUDIP', 1, 'string', 'global', 'privacy', 0, 1293118059, 1293118059, 'Standardsichtbarkeit für Homepageelemente, falls der Benutzer nichts anderes eingestellt hat. Gültige Werte sind: VISIBILITY_ME, VISIBILITY_BUDDIES, VISIBILITY_DOMAIN, VISIBILITY_STUDIP, VISIBILITY_EXTERN', '', '');
INSERT INTO `config` (`config_id`, `parent_id`, `field`, `value`, `is_default`, `type`, `range`, `section`, `position`, `mkdate`, `chdate`, `description`, `comment`, `message_template`) VALUES('1115645eb5439f998a8cc6f4a3a9dccf', '', 'FORUM_ANONYMOUS_POSTINGS', '0', 1, 'boolean', 'global', 'privacy', 0, 1293118059, 1293118059, 'Legt fest, ob Forenbeiträge anonym verfasst werden dürfen (Root sieht aber immer den Urheber).', '', '');
INSERT INTO `config` (`config_id`, `parent_id`, `field`, `value`, `is_default`, `type`, `range`, `section`, `position`, `mkdate`, `chdate`, `description`, `comment`, `message_template`) VALUES('d1eef8315d340d78d7eca557139937f1', '', 'INST_FAK_ADMIN_PERMS', 'all', 1, 'string', 'global', 'permissions', 0, 1293118059, 1293118059, '"none" Fakultätsadmin darf Einrichtungen weder anlegen noch löschen, "create" Fakultätsadmin darf Einrichtungen anlegen, aber nicht löschen, "all" Fakultätsadmin darf Einrichtungen anlegen und löschen.', '', '');
INSERT INTO `config` (`config_id`, `parent_id`, `field`, `value`, `is_default`, `type`, `range`, `section`, `position`, `mkdate`, `chdate`, `description`, `comment`, `message_template`) VALUES('45e7816a1bfb1521e7a1d6311a964b00', '', 'CALENDAR_ENABLE', '1', 1, 'boolean', 'global', 'modules', 0, 1293118059, 1293118059, 'Schaltet ein oder aus, ob der Kalender global verfügbar ist.', '', '');
INSERT INTO `config` (`config_id`, `parent_id`, `field`, `value`, `is_default`, `type`, `range`, `section`, `position`, `mkdate`, `chdate`, `description`, `comment`, `message_template`) VALUES('be154136cfaf6ed1c753a6cc26c2ec66', '', 'EXPORT_ENABLE', '1', 1, 'boolean', 'global', 'modules', 0, 1293118059, 1293118059, 'Schaltet ein oder aus, ob der Export global verfügbar ist.', '', '');
INSERT INTO `config` (`config_id`, `parent_id`, `field`, `value`, `is_default`, `type`, `range`, `section`, `position`, `mkdate`, `chdate`, `description`, `comment`, `message_template`) VALUES('8481ee7faec9805d577de600a0835bc3', '', 'EXTERN_ENABLE', '1', 1, 'boolean', 'global', 'modules', 0, 1293118059, 1293118059, 'Schaltet ein oder aus, ob die externen Seiten global verfügbar sind.', '', '');
INSERT INTO `config` (`config_id`, `parent_id`, `field`, `value`, `is_default`, `type`, `range`, `section`, `position`, `mkdate`, `chdate`, `description`, `comment`, `message_template`) VALUES('ded48fe2ca250e104dc33fb6f0b42c67', '', 'VOTE_ENABLE', '1', 1, 'boolean', 'global', 'modules', 0, 1293118059, 1293118059, 'Schaltet ein oder aus, ob die Umfragen global verfügbar sind.', '', '');
INSERT INTO `config` (`config_id`, `parent_id`, `field`, `value`, `is_default`, `type`, `range`, `section`, `position`, `mkdate`, `chdate`, `description`, `comment`, `message_template`) VALUES('46a02bfefc7b643a1ea40b7e10d4c037', '', 'ELEARNING_INTERFACE_ENABLE', '0', 1, 'boolean', 'global', 'modules', 0, 1293118059, 1293118059, 'Schaltet ein oder aus, ob die Lernmodule global verfügbar sind.', '', '');
INSERT INTO `config` (`config_id`, `parent_id`, `field`, `value`, `is_default`, `type`, `range`, `section`, `position`, `mkdate`, `chdate`, `description`, `comment`, `message_template`) VALUES('55241293c1a418caa62c72af8b3c2506', '', 'MY_COURSES_ENABLE_STUDYGROUPS', '0', 0, 'boolean', 'global', 'MeineVeranstaltungen', 0, 1416496224, 1416496224, 'Sollen Studiengruppen in einem eigenen Bereich angezeigt werden (Neues Navigationelement in Meine Veranstaltungen)?.', '', '');
INSERT INTO `config` (`config_id`, `parent_id`, `field`, `value`, `is_default`, `type`, `range`, `section`, `position`, `mkdate`, `chdate`, `description`, `comment`, `message_template`) VALUES('ad82e1d6bd97320244362974c460bc7d', '', 'WIKI_ENABLE', '1', 1, 'boolean', 'global', 'modules', 0, 1293118059, 1293118059, 'Schaltet ein oder aus, ob das Wiki global verfügbar ist.', '', '');
INSERT INTO `config` (`config_id`, `parent_id`, `field`, `value`, `is_default`, `type`, `range`, `section`, `position`, `mkdate`, `chdate`, `description`, `comment`, `message_template`) VALUES('250306a36a09d6465ee3fd24c66932f4', '', 'SMILEYADMIN_ENABLE', '1', 1, 'boolean', 'global', 'modules', 0, 1293118059, 1293118059, 'Schaltet ein oder aus, ob die Administration der Smileys verfügbar ist.', '', '');
INSERT INTO `config` (`config_id`, `parent_id`, `field`, `value`, `is_default`, `type`, `range`, `section`, `position`, `mkdate`, `chdate`, `description`, `comment`, `message_template`) VALUES('bdc9e8e9f5174f3ef668a87adef906eb', '', 'LOG_ENABLE', '1', 1, 'boolean', 'global', 'modules', 0, 1293118059, 1293118059, 'Schaltet ein oder aus, ob das Log global verfügbar ist.', '', '');
INSERT INTO `config` (`config_id`, `parent_id`, `field`, `value`, `is_default`, `type`, `range`, `section`, `position`, `mkdate`, `chdate`, `description`, `comment`, `message_template`) VALUES('826a49fd9f9aaea20e85adbad9b095af', '', 'SCM_ENABLE', '1', 1, 'boolean', 'global', 'modules', 0, 1293118059, 1293118059, 'Schaltet ein oder aus, ob freie Informationsseiten global verfügbar sind.', '', '');
INSERT INTO `config` (`config_id`, `parent_id`, `field`, `value`, `is_default`, `type`, `range`, `section`, `position`, `mkdate`, `chdate`, `description`, `comment`, `message_template`) VALUES('edc2bf96acd7bac3bf923a71a12abb13', '', 'BANNER_ADS_ENABLE', '0', 1, 'boolean', 'global', 'modules', 0, 1293118059, 1293118059, 'Schaltet ein oder aus, ob die Bannerwerbung global verfügbar ist.', '', '');
INSERT INTO `config` (`config_id`, `parent_id`, `field`, `value`, `is_default`, `type`, `range`, `section`, `position`, `mkdate`, `chdate`, `description`, `comment`, `message_template`) VALUES('0109868144360b658367d61aa6f16906', '', 'LITERATURE_ENABLE', '1', 1, 'boolean', 'global', 'modules', 0, 1293118059, 1293118059, 'Schaltet ein oder aus, ob die Literaturverwaltung global verfügbar ist.', '', '');
INSERT INTO `config` (`config_id`, `parent_id`, `field`, `value`, `is_default`, `type`, `range`, `section`, `position`, `mkdate`, `chdate`, `description`, `comment`, `message_template`) VALUES('0faeba67819f6cc2016f4a5b017c36f6', '', 'MY_COURSES_FORCE_GROUPING', 'sem_number', 1, 'string', 'global', '', 0, 1293118059, 1293118059, 'Legt fest, ob die persönliche Veranstaltungsübersicht systemweit zwangsgruppiert werden soll, wenn keine eigene Gruppierung eingestellt ist. Werte: not_grouped, sem_number, sem_tree_id, sem_status, gruppe, dozent_id.', '', '');
INSERT INTO `config` (`config_id`, `parent_id`, `field`, `value`, `is_default`, `type`, `range`, `section`, `position`, `mkdate`, `chdate`, `description`, `comment`, `message_template`) VALUES('e274953d097e32023b477d1ad895dfc8', '', 'DEPUTIES_ENABLE', '0', 1, 'boolean', 'global', 'deputies', 0, 1293118059, 1293118059, 'Legt fest, ob die Funktion Dozierendenvertretung aktiviert ist.', '', '');
INSERT INTO `config` (`config_id`, `parent_id`, `field`, `value`, `is_default`, `type`, `range`, `section`, `position`, `mkdate`, `chdate`, `description`, `comment`, `message_template`) VALUES('18b2970268e2143f8ee142cbadf38de5', '', 'DEPUTIES_DEFAULTENTRY_ENABLE', '0', 1, 'boolean', 'global', 'deputies', 0, 1293118059, 1293118059, 'Dürfen DozentInnen Standardvertretungen festlegen? Diese werden automatisch bei Hinzufügen des Dozenten/der Dozentin als Vertretung in Veranstaltungen eingetragen.', '', '');
INSERT INTO `config` (`config_id`, `parent_id`, `field`, `value`, `is_default`, `type`, `range`, `section`, `position`, `mkdate`, `chdate`, `description`, `comment`, `message_template`) VALUES('8e596c37d6a921e38de1576eca50d5b6', '', 'DEPUTIES_EDIT_ABOUT_ENABLE', '1', 1, 'boolean', 'global', 'deputies', 0, 1293118059, 1293118059, 'Dürfen DozentInnen ihren Standardvertretungen erlauben, ihr Profil zu bearbeiten?', '', '');
INSERT INTO `config` (`config_id`, `parent_id`, `field`, `value`, `is_default`, `type`, `range`, `section`, `position`, `mkdate`, `chdate`, `description`, `comment`, `message_template`) VALUES('dada821b887f0fca1a45e9e339a5aff7', '', 'FILESYSTEM_MULTICOPY_ENABLE', '1', 1, 'boolean', 'global', '', 0, 1293118059, 1293118059, 'Soll es erlaubt sein, das Dozenten Ordner oder Dateien in mehrere Veranstaltungen bzw. Institute verschieben oder kopieren dürfen?', '', '');
INSERT INTO `config` (`config_id`, `parent_id`, `field`, `value`, `is_default`, `type`, `range`, `section`, `position`, `mkdate`, `chdate`, `description`, `comment`, `message_template`) VALUES('dc99e1c9623b6971629a304f174cd3b0', '', 'ALLOW_METADATE_SORTING', '0', 1, 'boolean', 'global', 'permissions', 0, 1293118059, 1293118059, 'Soll es erlaubt sein, dass regelmäßige Zeiten einer Veranstaltung frei sortiert werden können?', '', '');
INSERT INTO `config` (`config_id`, `parent_id`, `field`, `value`, `is_default`, `type`, `range`, `section`, `position`, `mkdate`, `chdate`, `description`, `comment`, `message_template`) VALUES('c304d6f383297f9506d7acf7ee42c460', '', 'LOAD_EXTERNAL_MEDIA', 'deny', 1, 'string', 'global', '', 0, 1293118060, 1293118060, 'Sollen externe Medien über [img/flash/audio/video] eingebunden werden? deny=nicht erlaubt, allow=erlaubt, proxy=proxy benutzen.', '', '');
INSERT INTO `config` (`config_id`, `parent_id`, `field`, `value`, `is_default`, `type`, `range`, `section`, `position`, `mkdate`, `chdate`, `description`, `comment`, `message_template`) VALUES('ece3432a2267af28f4e7729d549ca9ea', '', 'ENTRIES_PER_PAGE', '20', 1, 'integer', 'global', 'global', 0, 1311411856, 1311411856, 'Anzahl von Einträgen pro Seite', '', '');
INSERT INTO `config` (`config_id`, `parent_id`, `field`, `value`, `is_default`, `type`, `range`, `section`, `position`, `mkdate`, `chdate`, `description`, `comment`, `message_template`) VALUES('ce272afc2347f03fcbc69568f8a0098a', '', 'PDF_LOGO', '', 1, 'string', 'global', 'global', 0, 1311411856, 1311411856, 'Geben Sie hier den absoluten Pfad auf Ihrem Server (also ohne http) zu einem Logo an, das bei PDF-Exporten im Kopfbereich verwendet wird.', '', '');
INSERT INTO `config` (`config_id`, `parent_id`, `field`, `value`, `is_default`, `type`, `range`, `section`, `position`, `mkdate`, `chdate`, `description`, `comment`, `message_template`) VALUES('86bbdf3b3ac03a5ad6be7c3c7cd402d4', '', 'AUTO_INSERT_SEM_PARTICIPANTS_VIEW_PERM', 'tutor', 1, 'string', 'global', 'global', 0, 1311411856, 1311411856, 'Ab welchem Status soll in Veranstaltungen mit automatisch eingetragenen Nutzern der Teilnehmerreiter zu sehen sein?', '', '');
INSERT INTO `config` (`config_id`, `parent_id`, `field`, `value`, `is_default`, `type`, `range`, `section`, `position`, `mkdate`, `chdate`, `description`, `comment`, `message_template`) VALUES('f2469d9595be17d9ef4dd8b45b51f794', '', 'SKIPLINKS_ENABLE', '', 1, 'boolean', 'user', 'privacy', 0, 1311411856, 1311411856, 'Wählen Sie diese Option, um Skiplinks beim ersten Drücken der Tab-Taste anzuzeigen (Systemdefault).', '', '');
INSERT INTO `config` (`config_id`, `parent_id`, `field`, `value`, `is_default`, `type`, `range`, `section`, `position`, `mkdate`, `chdate`, `description`, `comment`, `message_template`) VALUES('e4983898ecf465efde62b32ffdc9b12b', '', 'CRONJOBS_ENABLE', '1', 1, 'boolean', 'global', 'global', 0, 1403258015, 1403258015, 'Schaltet die Cronjobs an', '', '');
INSERT INTO `config` (`config_id`, `parent_id`, `field`, `value`, `is_default`, `type`, `range`, `section`, `position`, `mkdate`, `chdate`, `description`, `comment`, `message_template`) VALUES('b9f480020414ca0d41b3e8844b8af5e7', '', 'CRONJOBS_ESCALATION', '6000', 1, 'integer', 'global', 'global', 0, 1403258015, 1403258015, 'Gibt an, nach wievielen Sekunden ein Cronjob als steckengeblieben angesehen wird', '', '');
INSERT INTO `config` (`config_id`, `parent_id`, `field`, `value`, `is_default`, `type`, `range`, `section`, `position`, `mkdate`, `chdate`, `description`, `comment`, `message_template`) VALUES('7f6084adb44da8c24647109544db4d1d', '', 'EMAIL_VISIBILITY_DEFAULT', '1', 1, 'boolean', 'global', 'privacy', 0, 1326799691, 1326799691, 'Ist die eigene Emailadresse sichtbar, falls der Nutzer nichts anderes eingestellt hat?', '', '');
INSERT INTO `config` (`config_id`, `parent_id`, `field`, `value`, `is_default`, `type`, `range`, `section`, `position`, `mkdate`, `chdate`, `description`, `comment`, `message_template`) VALUES('5591ed8d2ff2afeb186d5f788cbb7e2f', '', 'ONLINE_VISIBILITY_DEFAULT', '1', 1, 'boolean', 'global', 'privacy', 0, 1326799691, 1326799691, 'Sind Nutzer sichtbar in der Wer ist online-Liste, falls sie nichts anderes eingestellt haben?', '', '');
INSERT INTO `config` (`config_id`, `parent_id`, `field`, `value`, `is_default`, `type`, `range`, `section`, `position`, `mkdate`, `chdate`, `description`, `comment`, `message_template`) VALUES('94bca8fa4c2ad851ddaf26df8b7ec1d3', '', 'SEARCH_VISIBILITY_DEFAULT', '1', 1, 'boolean', 'global', 'privacy', 0, 1326799691, 1326799691, 'Sind Nutzer auffindbar in der Personensuche, falls sie nichts anderes eingestellt haben?', '', '');
INSERT INTO `config` (`config_id`, `parent_id`, `field`, `value`, `is_default`, `type`, `range`, `section`, `position`, `mkdate`, `chdate`, `description`, `comment`, `message_template`) VALUES('e414e0834adc8c2815787da81ed29a51', '', 'PROPOSED_TEACHER_LABELS', '', 1, 'string', 'global', 'global', 0, 1326799692, 1326799692, 'Write a list of comma separated possible labels for teachers and tutor here.', '', '');
INSERT INTO `config` (`config_id`, `parent_id`, `field`, `value`, `is_default`, `type`, `range`, `section`, `position`, `mkdate`, `chdate`, `description`, `comment`, `message_template`) VALUES('88a3a312b783c9d890b77e84a51853fa', '', 'SCHEDULE_ENABLE', '1', 1, 'boolean', 'global', 'modules', 0, 1326799692, 1326799692, 'Schaltet ein oder aus, ob der Stundenplan global verfügbar ist.', '', '');
INSERT INTO `config` (`config_id`, `parent_id`, `field`, `value`, `is_default`, `type`, `range`, `section`, `position`, `mkdate`, `chdate`, `description`, `comment`, `message_template`) VALUES('4a38babf107742cf71c8f7d23fea2c9a', '', 'CALENDAR_GROUP_ENABLE', '0', 1, 'boolean', 'global', 'modules', 0, 1326799692, 1326799692, 'Schaltet die Gruppenterminkalender-Funktionen ein.', '', '');
INSERT INTO `config` (`config_id`, `parent_id`, `field`, `value`, `is_default`, `type`, `range`, `section`, `position`, `mkdate`, `chdate`, `description`, `comment`, `message_template`) VALUES('d7332ad7fba147d81bd1ccae6211284f', '', 'COURSE_CALENDAR_ENABLE', '0', 1, 'boolean', 'global', 'modules', 0, 1326799692, 1326799692, 'Kalender als Inhaltselement in Veranstaltungen.', '', '');
INSERT INTO `config` (`config_id`, `parent_id`, `field`, `value`, `is_default`, `type`, `range`, `section`, `position`, `mkdate`, `chdate`, `description`, `comment`, `message_template`) VALUES('2034a3eb8484cc4744fddf65767674cd', '', 'PERSONAL_NOTIFICATIONS_ACTIVATED', '1', 1, 'boolean', 'global', 'privacy', 0, 1403258015, 1403258015, 'Sollen persönliche Benachrichtigungen aktiviert sein?', '', '');
INSERT INTO `config` (`config_id`, `parent_id`, `field`, `value`, `is_default`, `type`, `range`, `section`, `position`, `mkdate`, `chdate`, `description`, `comment`, `message_template`) VALUES('ae429c21b4ce1c354745e52ef671f1ff', '', 'CALENDAR_SETTINGS', '{"view":"showweek","start":9,"end":20,"step_day":900,"step_week":3600,"type_week":"LONG","holidays":true,"sem_data":true,"delete":0}', 1, 'array', 'user', '', 0, 1403258015, 1403258015, 'persönliche Einstellungen des Kalenders', '', '');
INSERT INTO `config` (`config_id`, `parent_id`, `field`, `value`, `is_default`, `type`, `range`, `section`, `position`, `mkdate`, `chdate`, `description`, `comment`, `message_template`) VALUES('d924152d8c38aca6a6363eb2a4f51ecb', '', 'MESSAGING_SETTINGS', '{"show_only_buddys":false,"delete_messages_after_logout":false,"timefilter":"30d","opennew":1,"logout_markreaded":false,"openall":false,"addsignature":false,"save_snd":true,"sms_sig":"","send_view":false,"confirm_reading":3,"send_as_email":false,"folder":{"in":["dummy"],"out":["dummy"]}}', 1, 'array', 'user', '', 0, 1403258015, 1403258015, 'persönliche Einstellungen Nachrichtenbereich', '', '');
INSERT INTO `config` (`config_id`, `parent_id`, `field`, `value`, `is_default`, `type`, `range`, `section`, `position`, `mkdate`, `chdate`, `description`, `comment`, `message_template`) VALUES('135bc61587772882a8dba504b5aa9f05', '', 'FORUM_SETTINGS', '{"neuauf":false,"rateallopen":true,"showimages":true,"sortthemes":"last","themeview":"mixed","presetview":"mixed","shrink":604800}', 1, 'array', 'user', '', 0, 1403258015, 1403258015, 'persönliche Einstellungen Forum', '', '');
INSERT INTO `config` (`config_id`, `parent_id`, `field`, `value`, `is_default`, `type`, `range`, `section`, `position`, `mkdate`, `chdate`, `description`, `comment`, `message_template`) VALUES('1f284b41a375d9e9707a3af416d03a0e', '', 'SCHEDULE_SETTINGS', '{"glb_start_time":8,"glb_end_time":19,"glb_days":{"1":1,"2":2,"3":3,"4":4,"5":5,"6":6,"0":0},"glb_sem":null,"converted":true}', 1, 'array', 'user', '', 0, 1403258015, 1403258015, 'persönliche Einstellungen Stundenplan', '', '');
INSERT INTO `config` (`config_id`, `parent_id`, `field`, `value`, `is_default`, `type`, `range`, `section`, `position`, `mkdate`, `chdate`, `description`, `comment`, `message_template`) VALUES('062039db1a9873d253ec8bb8ac956166', '', 'PROFILE_LAST_VISIT', '0', 1, 'integer', 'user', '', 0, 1403258015, 1403258015, 'Zeitstempel des letzten Besuchs der Profilseite', '', '');
INSERT INTO `config` (`config_id`, `parent_id`, `field`, `value`, `is_default`, `type`, `range`, `section`, `position`, `mkdate`, `chdate`, `description`, `comment`, `message_template`) VALUES('8f794863e1e9f6940eea8030a75f2da1', '', 'CURRENT_LOGIN_TIMESTAMP', '0', 1, 'integer', 'user', '', 0, 1403258015, 1403258015, 'Zeitstempel des Logins', '', '');
INSERT INTO `config` (`config_id`, `parent_id`, `field`, `value`, `is_default`, `type`, `range`, `section`, `position`, `mkdate`, `chdate`, `description`, `comment`, `message_template`) VALUES('12721c47c36f3b0f91cea4b51350530d', '', 'LAST_LOGIN_TIMESTAMP', '0', 1, 'integer', 'user', '', 0, 1403258015, 1403258015, 'Zeitstempel des vorherigen Logins', '', '');
INSERT INTO `config` (`config_id`, `parent_id`, `field`, `value`, `is_default`, `type`, `range`, `section`, `position`, `mkdate`, `chdate`, `description`, `comment`, `message_template`) VALUES('04d58f9f2944cdfb31452aa9fc5baf9c', '', 'PERSONAL_STARTPAGE', '0', 1, 'integer', 'user', '', 0, 1403258015, 1403258015, 'Persönliche Startseite', '', '');
INSERT INTO `config` (`config_id`, `parent_id`, `field`, `value`, `is_default`, `type`, `range`, `section`, `position`, `mkdate`, `chdate`, `description`, `comment`, `message_template`) VALUES('ff78074546ad3589c1a25fa0d06c0e9a', '', 'MY_COURSES_GROUPING', '', 1, 'string', 'user', '', 0, 1403258015, 1403258015, 'Gruppierung der Veranstaltungsübersicht', '', '');
INSERT INTO `config` (`config_id`, `parent_id`, `field`, `value`, `is_default`, `type`, `range`, `section`, `position`, `mkdate`, `chdate`, `description`, `comment`, `message_template`) VALUES('859f6640b59468bee5a11084feb34d54', '', 'MY_COURSES_OPEN_GROUPS', '[]', 1, 'array', 'user', '', 0, 1403258015, 1403258015, 'geöffnete Gruppen der Veranstaltungsübersicht', '', '');
INSERT INTO `config` (`config_id`, `parent_id`, `field`, `value`, `is_default`, `type`, `range`, `section`, `position`, `mkdate`, `chdate`, `description`, `comment`, `message_template`) VALUES('78da757c0e141b11cfda80126cc56c40', '', 'MY_INSTITUTES_DEFAULT', '', 1, 'string', 'user', '', 0, 1403258015, 1403258015, 'Standard Einrichtung in der Veranstaltungsübersicht für Admins', '', '');
INSERT INTO `config` (`config_id`, `parent_id`, `field`, `value`, `is_default`, `type`, `range`, `section`, `position`, `mkdate`, `chdate`, `description`, `comment`, `message_template`) VALUES('b8215b4d5a8b5646b07ee86612b5104f', '', 'OPENGRAPH_ENABLE', '1', 1, 'boolean', 'global', 'global', 0, 1403258018, 1403258018, 'De-/Aktiviert OpenGraph-Informationen und deren Abrufen.', '', '');
INSERT INTO `config` (`config_id`, `parent_id`, `field`, `value`, `is_default`, `type`, `range`, `section`, `position`, `mkdate`, `chdate`, `description`, `comment`, `message_template`) VALUES('12d6f9ae68ece3eb2f8f60099fc66655', '', 'IMPORTANT_SEMNUMBER', '0', 1, 'boolean', 'global', 'global', 0, 1403258018, 1403258018, 'Zeigt die Veranstaltungsnummer prominenter in der Suche und auf der Meine Veranstaltungen Seite an', '', '');
INSERT INTO `config` (`config_id`, `parent_id`, `field`, `value`, `is_default`, `type`, `range`, `section`, `position`, `mkdate`, `chdate`, `description`, `comment`, `message_template`) VALUES('d819c9eb9d740c65fae6b84b4fb8e796', '', 'STUDYGROUPS_INVISIBLE_ALLOWED', '0', 1, 'boolean', 'global', 'studygroups', 0, 1403258018, 1403258018, 'Ermöglicht unsichtbare Studiengruppen', '', '');
INSERT INTO `config` (`config_id`, `parent_id`, `field`, `value`, `is_default`, `type`, `range`, `section`, `position`, `mkdate`, `chdate`, `description`, `comment`, `message_template`) VALUES('24b3fd4877137b9f1eb59483812b620f', '', 'API_ENABLED', '0', 1, 'boolean', 'global', 'global', 0, 1403258019, 1403258019, 'Schaltet die REST-API an', '', '');
INSERT INTO `config` (`config_id`, `parent_id`, `field`, `value`, `is_default`, `type`, `range`, `section`, `position`, `mkdate`, `chdate`, `description`, `comment`, `message_template`) VALUES('a1872a693290df30144391ef6e0ea4be', '', 'API_OAUTH_AUTH_PLUGIN', 'Standard', 1, 'string', 'global', 'global', 0, 1403258019, 1403258019, 'Definiert das für OAuth verwendete Authentifizierungsverfahren', '', '');
INSERT INTO `config` (`config_id`, `parent_id`, `field`, `value`, `is_default`, `type`, `range`, `section`, `position`, `mkdate`, `chdate`, `description`, `comment`, `message_template`) VALUES('18a9792e58d6b4a4badc0f383e29a22f', '', 'ALLOW_DOZENT_COURSESET_ADMIN', '0', 1, 'boolean', 'global', 'coursesets', 0, 1403258021, 1403258021, 'Sollen Lehrende einrichtungsweite Anmeldesets anlegen und bearbeiten dürfen?', '', '');
INSERT INTO `config` (`config_id`, `parent_id`, `field`, `value`, `is_default`, `type`, `range`, `section`, `position`, `mkdate`, `chdate`, `description`, `comment`, `message_template`) VALUES('38328e236221a3f14ddaee121e30e48a', '', 'ENABLE_COURSESET_FCFS', '0', 1, 'boolean', 'global', 'coursesets', 0, 1403258021, 1403258021, 'Soll first-come-first-served (Windhundverfahren) bei der Anmeldung erlaubt sein?', '', '');
INSERT INTO `config` (`config_id`, `parent_id`, `field`, `value`, `is_default`, `type`, `range`, `section`, `position`, `mkdate`, `chdate`, `description`, `comment`, `message_template`) VALUES('e8cd96580149cde65ad69b6cf18d5c4A', '', 'WYSIWYG', '0', 1, 'boolean', 'global', 'global', 0, 1403258021, 1403258021, 'Aktiviert den WYSIWYG Editor im JavaScript.', '', '');
INSERT INTO `config` (`config_id`, `parent_id`, `field`, `value`, `is_default`, `type`, `range`, `section`, `position`, `mkdate`, `chdate`, `description`, `comment`, `message_template`) VALUES('e6b6b8be6caf8abf0904c29e30e9b129', '', 'SCORE_ENABLE', '1', 1, 'boolean', 'global', 'modules', 0, 1403258021, 1403258021, 'Schaltet ein oder aus, ob die Rangliste und die Score-Funktion global verfügbar sind.', '', '');
INSERT INTO `config` (`config_id`, `parent_id`, `field`, `value`, `is_default`, `type`, `range`, `section`, `position`, `mkdate`, `chdate`, `description`, `comment`, `message_template`) VALUES('aff56f98d59aabf19d82b38e06487b1a', '', 'TOURS_ENABLE', '1', 1, 'boolean', 'global', 'global', 0, 1416496223, 1416496223, 'Aktiviert die Funktionen zum Anbieten von Touren in Stud.IP', '', '');
INSERT INTO `config` (`config_id`, `parent_id`, `field`, `value`, `is_default`, `type`, `range`, `section`, `position`, `mkdate`, `chdate`, `description`, `comment`, `message_template`) VALUES('3a7d9b0a0c876fd30594637dd7c070ec', '', 'MY_COURSES_ENABLE_ALL_SEMESTERS', '0', 0, 'boolean', 'global', 'MeineVeranstaltungen', 0, 1416496224, 1416496224, 'Ermöglicht die Anzeige von allen Semestern unter meine Veranstaltungen.', '', '');
INSERT INTO `config` (`config_id`, `parent_id`, `field`, `value`, `is_default`, `type`, `range`, `section`, `position`, `mkdate`, `chdate`, `description`, `comment`, `message_template`) VALUES('8aea17b0efc1ea0f2398c9994dacbf6b', '', 'PERSONALDOCUMENT_ENABLE', '0', 1, 'boolean', 'global', 'files', 0, 1416496270, 1416496270, 'Aktiviert den persoenlichen Dateibereich', '', '');
INSERT INTO `config` (`config_id`, `parent_id`, `field`, `value`, `is_default`, `type`, `range`, `section`, `position`, `mkdate`, `chdate`, `description`, `comment`, `message_template`) VALUES('c2ccf01a7f229f94b76cd37ec9360a7d', '', 'COURSE_SEM_TREE_DISPLAY', '0', 1, 'boolean', 'global', 'global', 0, 1416496270, 1416496270, 'Zeigt den Studienbereichsbaum als Baum an', '', '');
INSERT INTO `config` (`config_id`, `parent_id`, `field`, `value`, `is_default`, `type`, `range`, `section`, `position`, `mkdate`, `chdate`, `description`, `comment`, `message_template`) VALUES('c0c57c05aebfb9b54953bea7948a0578', '', 'COURSE_SEM_TREE_CLOSED_LEVELS', '[1]', 1, 'array', 'global', 'global', 0, 1416496270, 1416496270, 'Gibt an, welche Ebenen der Studienbereichszuordnung geschlossen bleiben sollen', '', '');
INSERT INTO `config` (`config_id`, `parent_id`, `field`, `value`, `is_default`, `type`, `range`, `section`, `position`, `mkdate`, `chdate`, `description`, `comment`, `message_template`) VALUES('008df4d1780faecb957bbee3d3140918', '', 'HELP_CONTENT_CURRENT_VERSION', '3.1', 1, 'string', 'global', 'global', 0, 1416496271, 1416496271, 'Aktuelle Version der Helpbar-Einträge in Stud.IP', '', '');
INSERT INTO `config` (`config_id`, `parent_id`, `field`, `value`, `is_default`, `type`, `range`, `section`, `position`, `mkdate`, `chdate`, `description`, `comment`, `message_template`) VALUES('ba2ca9978d2178f24bbea87469692c84', '', 'STUDIP_SHORT_NAME', 'Stud.IP', 1, 'string', 'global', 'global', 0, 1436546684, 1436546684, 'Studip Kurzname', '', '');

--
-- Daten für Tabelle `cronjobs_schedules`
--

INSERT INTO `cronjobs_schedules` (`schedule_id`, `task_id`, `active`, `title`, `description`, `parameters`, `priority`, `type`, `minute`, `hour`, `day`, `month`, `day_of_week`, `next_execution`, `last_execution`, `last_result`, `execution_count`, `mkdate`, `chdate`) VALUES('3eb6cd006b1d27ab3dfd812c17d90f38', '532b3fe76447dd85e10949a6fc5f3aa8', 0, NULL, '', '{"cronjobs":"1","cronjobs-success":"7","cronjobs-error":"14"}', 'normal', 'periodic', 13, 2, NULL, NULL, NULL, 0, NULL, NULL, 0, 1403258015, 1403258107);
INSERT INTO `cronjobs_schedules` (`schedule_id`, `task_id`, `active`, `title`, `description`, `parameters`, `priority`, `type`, `minute`, `hour`, `day`, `month`, `day_of_week`, `next_execution`, `last_execution`, `last_result`, `execution_count`, `mkdate`, `chdate`) VALUES('dc849ba21c484ffbb82f7ef9edea3d7d', '208619e89a59895771c2967076daf59e', 0, NULL, NULL, '[]', 'low', 'periodic', -30, NULL, NULL, NULL, NULL, 0, NULL, NULL, 0, 1403258015, 1403258015);
INSERT INTO `cronjobs_schedules` (`schedule_id`, `task_id`, `active`, `title`, `description`, `parameters`, `priority`, `type`, `minute`, `hour`, `day`, `month`, `day_of_week`, `next_execution`, `last_execution`, `last_result`, `execution_count`, `mkdate`, `chdate`) VALUES('f048bf3c13bfdb2a2a17ce867903ca0e', 'd19f37c382fec524b4fd51b3c5a1ada3', 0, NULL, NULL, '[]', 'high', 'periodic', 7, 1, NULL, NULL, NULL, 0, NULL, NULL, 0, 1403258015, 1403258015);
INSERT INTO `cronjobs_schedules` (`schedule_id`, `task_id`, `active`, `title`, `description`, `parameters`, `priority`, `type`, `minute`, `hour`, `day`, `month`, `day_of_week`, `next_execution`, `last_execution`, `last_result`, `execution_count`, `mkdate`, `chdate`) VALUES('6eef46d414b104b153402be299e16515', '2f2713671892bd9624fc27866cfd4630', 0, NULL, '', '{"verbose":"1","send_messages":"1"}', 'normal', 'periodic', -30, NULL, NULL, NULL, NULL, 0, NULL, NULL, 0, 1403258015, 1403258130);
INSERT INTO `cronjobs_schedules` (`schedule_id`, `task_id`, `active`, `title`, `description`, `parameters`, `priority`, `type`, `minute`, `hour`, `day`, `month`, `day_of_week`, `next_execution`, `last_execution`, `last_result`, `execution_count`, `mkdate`, `chdate`) VALUES('cdf293c6c5ae966d87dc5ee723d9880d', '823875ed4a4b2e87baca0e5137243d96', 0, NULL, '', '{"verbose":"1"}', 'normal', 'periodic', 33, 2, NULL, NULL, NULL, 0, NULL, NULL, 0, 1403258015, 1403258146);
INSERT INTO `cronjobs_schedules` (`schedule_id`, `task_id`, `active`, `title`, `description`, `parameters`, `priority`, `type`, `minute`, `hour`, `day`, `month`, `day_of_week`, `next_execution`, `last_execution`, `last_result`, `execution_count`, `mkdate`, `chdate`) VALUES('dfd35e23a8256fee930e2e748cd53f1d', '3428a64935e8c6a5ab5dcf5bf95fe556', 0, NULL, NULL, '[]', 'normal', 'periodic', 13, 3, NULL, NULL, NULL, 0, NULL, NULL, 0, 1403258015, 1403258015);
INSERT INTO `cronjobs_schedules` (`schedule_id`, `task_id`, `active`, `title`, `description`, `parameters`, `priority`, `type`, `minute`, `hour`, `day`, `month`, `day_of_week`, `next_execution`, `last_execution`, `last_result`, `execution_count`, `mkdate`, `chdate`) VALUES('81411d712690ab3a82032439dbcdc8c1', '9c4ad2a8fe47d07e61475d25f5e539db', 0, NULL, NULL, '[]', 'normal', 'periodic', NULL, NULL, NULL, NULL, NULL, 0, NULL, NULL, 0, 1403258017, 1403258017);

--
-- Daten für Tabelle `cronjobs_tasks`
--

INSERT INTO `cronjobs_tasks` (`task_id`, `filename`, `class`, `active`, `execution_count`, `assigned_count`) VALUES('532b3fe76447dd85e10949a6fc5f3aa8', 'lib/cronjobs/cleanup_log.class.php', 'CleanupLogJob', 1, 0, 0);
INSERT INTO `cronjobs_tasks` (`task_id`, `filename`, `class`, `active`, `execution_count`, `assigned_count`) VALUES('208619e89a59895771c2967076daf59e', 'lib/cronjobs/purge_cache.class.php', 'PurgeCacheJob', 1, 0, 0);
INSERT INTO `cronjobs_tasks` (`task_id`, `filename`, `class`, `active`, `execution_count`, `assigned_count`) VALUES('d19f37c382fec524b4fd51b3c5a1ada3', 'lib/cronjobs/send_mail_notifications.class.php', 'SendMailNotificationsJob', 1, 0, 0);
INSERT INTO `cronjobs_tasks` (`task_id`, `filename`, `class`, `active`, `execution_count`, `assigned_count`) VALUES('2f2713671892bd9624fc27866cfd4630', 'lib/cronjobs/check_admission.class.php', 'CheckAdmissionJob', 1, 0, 0);
INSERT INTO `cronjobs_tasks` (`task_id`, `filename`, `class`, `active`, `execution_count`, `assigned_count`) VALUES('823875ed4a4b2e87baca0e5137243d96', 'lib/cronjobs/garbage_collector.class.php', 'GarbageCollectorJob', 1, 0, 0);
INSERT INTO `cronjobs_tasks` (`task_id`, `filename`, `class`, `active`, `execution_count`, `assigned_count`) VALUES('3428a64935e8c6a5ab5dcf5bf95fe556', 'lib/cronjobs/session_gc.class.php', 'SessionGcJob', 1, 0, 0);
INSERT INTO `cronjobs_tasks` (`task_id`, `filename`, `class`, `active`, `execution_count`, `assigned_count`) VALUES('9c4ad2a8fe47d07e61475d25f5e539db', 'lib/cronjobs/send_mail_queue.class.php', 'SendMailQueueJob', 1, 0, 0);

--
-- Dumping data for table `evalanswer`
--

INSERT INTO `evalanswer` (`evalanswer_id`, `parent_id`, `position`, `text`, `value`, `rows`, `counter`, `residual`) VALUES('d67301d4f59aa35d1e3f12a9791b6885', 'ef227e91618878835d52cfad3e6d816b', 0, 'Sehr gut', 1, 0, 0, 0);
INSERT INTO `evalanswer` (`evalanswer_id`, `parent_id`, `position`, `text`, `value`, `rows`, `counter`, `residual`) VALUES('7052b76e616656e4b70f1c504c04ec81', 'ef227e91618878835d52cfad3e6d816b', 1, '', 2, 0, 0, 0);
INSERT INTO `evalanswer` (`evalanswer_id`, `parent_id`, `position`, `text`, `value`, `rows`, `counter`, `residual`) VALUES('64152ace8f2a74d0efb67c54eff64a2b', 'ef227e91618878835d52cfad3e6d816b', 2, '', 3, 0, 0, 0);
INSERT INTO `evalanswer` (`evalanswer_id`, `parent_id`, `position`, `text`, `value`, `rows`, `counter`, `residual`) VALUES('3a3ab5307f39ea039d41fb6f2683475e', 'ef227e91618878835d52cfad3e6d816b', 3, '', 4, 0, 0, 0);
INSERT INTO `evalanswer` (`evalanswer_id`, `parent_id`, `position`, `text`, `value`, `rows`, `counter`, `residual`) VALUES('6115b19f694ccd3d010a0047ff8f970a', 'ef227e91618878835d52cfad3e6d816b', 4, 'Sehr Schlecht', 5, 0, 0, 0);
INSERT INTO `evalanswer` (`evalanswer_id`, `parent_id`, `position`, `text`, `value`, `rows`, `counter`, `residual`) VALUES('be4c3e5fe0b2b735bb3b2712afa8c490', 'ef227e91618878835d52cfad3e6d816b', 5, 'Keine Meinung', 6, 0, 0, 1);
INSERT INTO `evalanswer` (`evalanswer_id`, `parent_id`, `position`, `text`, `value`, `rows`, `counter`, `residual`) VALUES('84be4c31449a9c1807bf2dea0dc869f1', '724244416b5d04a4d8f4eab8a86fdbf8', 0, 'Sehr gut', 1, 0, 0, 0);
INSERT INTO `evalanswer` (`evalanswer_id`, `parent_id`, `position`, `text`, `value`, `rows`, `counter`, `residual`) VALUES('c446970d2addd68e43c2a6cae6117bf7', '724244416b5d04a4d8f4eab8a86fdbf8', 1, 'Gut', 2, 0, 0, 0);
INSERT INTO `evalanswer` (`evalanswer_id`, `parent_id`, `position`, `text`, `value`, `rows`, `counter`, `residual`) VALUES('3d4dcedb714dfdcfbe65cd794b4d404b', '724244416b5d04a4d8f4eab8a86fdbf8', 2, 'Befriedigend', 3, 0, 0, 0);
INSERT INTO `evalanswer` (`evalanswer_id`, `parent_id`, `position`, `text`, `value`, `rows`, `counter`, `residual`) VALUES('fa2bf667ba73ae74794df35171c2ad2e', '724244416b5d04a4d8f4eab8a86fdbf8', 3, 'Ausreichend', 4, 0, 0, 0);
INSERT INTO `evalanswer` (`evalanswer_id`, `parent_id`, `position`, `text`, `value`, `rows`, `counter`, `residual`) VALUES('0be387b9379a05c5578afce64b0c688f', '724244416b5d04a4d8f4eab8a86fdbf8', 4, 'Mangelhaft', 5, 0, 0, 0);
INSERT INTO `evalanswer` (`evalanswer_id`, `parent_id`, `position`, `text`, `value`, `rows`, `counter`, `residual`) VALUES('aec07dd525f2610bdd10bf778aa1893b', '724244416b5d04a4d8f4eab8a86fdbf8', 5, 'Nicht erteilt', 6, 0, 0, 1);
INSERT INTO `evalanswer` (`evalanswer_id`, `parent_id`, `position`, `text`, `value`, `rows`, `counter`, `residual`) VALUES('7080335582e2787a54f315ec8cef631e', '95bbae27965d3404f7fa3af058850bd3', 0, 'trifft völlig zu', 1, 0, 0, 0);
INSERT INTO `evalanswer` (`evalanswer_id`, `parent_id`, `position`, `text`, `value`, `rows`, `counter`, `residual`) VALUES('d68a74dc2c1f0ce226366da918dd161d', '95bbae27965d3404f7fa3af058850bd3', 1, 'trifft ziemlich zu', 2, 0, 0, 0);
INSERT INTO `evalanswer` (`evalanswer_id`, `parent_id`, `position`, `text`, `value`, `rows`, `counter`, `residual`) VALUES('641686e7c61899b303cda106f20064e7', '95bbae27965d3404f7fa3af058850bd3', 2, 'teilsteils', 3, 0, 0, 0);
INSERT INTO `evalanswer` (`evalanswer_id`, `parent_id`, `position`, `text`, `value`, `rows`, `counter`, `residual`) VALUES('7c36d074f2cc38765c982c9dfb769afc', '95bbae27965d3404f7fa3af058850bd3', 3, 'trifft wenig zu', 4, 0, 0, 0);
INSERT INTO `evalanswer` (`evalanswer_id`, `parent_id`, `position`, `text`, `value`, `rows`, `counter`, `residual`) VALUES('5c4827f903168ed4483db5386a9ad5b8', '95bbae27965d3404f7fa3af058850bd3', 4, 'trifft gar nicht zu', 5, 0, 0, 0);
INSERT INTO `evalanswer` (`evalanswer_id`, `parent_id`, `position`, `text`, `value`, `rows`, `counter`, `residual`) VALUES('c10a3f4e97f8badc5230a9900afde0c7', '95bbae27965d3404f7fa3af058850bd3', 5, 'kann ich nicht beurteilen', 6, 0, 0, 1);
INSERT INTO `evalanswer` (`evalanswer_id`, `parent_id`, `position`, `text`, `value`, `rows`, `counter`, `residual`) VALUES('ced33706ca95aff2163c7d0381ef5717', '6fddac14c1f2ac490b93681b3da5fc66', 0, 'Montag', 1, 0, 0, 0);
INSERT INTO `evalanswer` (`evalanswer_id`, `parent_id`, `position`, `text`, `value`, `rows`, `counter`, `residual`) VALUES('087c734855c8a5b34d99c16ad09cd312', '6fddac14c1f2ac490b93681b3da5fc66', 1, 'Dienstag', 2, 0, 0, 0);
INSERT INTO `evalanswer` (`evalanswer_id`, `parent_id`, `position`, `text`, `value`, `rows`, `counter`, `residual`) VALUES('63f5011614f45329cc396b90d94a7096', '6fddac14c1f2ac490b93681b3da5fc66', 2, 'Mittwoch', 3, 0, 0, 0);
INSERT INTO `evalanswer` (`evalanswer_id`, `parent_id`, `position`, `text`, `value`, `rows`, `counter`, `residual`) VALUES('ccd1eaddccca993f6789659b36f40506', '6fddac14c1f2ac490b93681b3da5fc66', 3, 'Donnerstag', 4, 0, 0, 0);
INSERT INTO `evalanswer` (`evalanswer_id`, `parent_id`, `position`, `text`, `value`, `rows`, `counter`, `residual`) VALUES('48842cedeac739468741940982b5fe6d', '6fddac14c1f2ac490b93681b3da5fc66', 4, 'Freitag', 5, 0, 0, 0);
INSERT INTO `evalanswer` (`evalanswer_id`, `parent_id`, `position`, `text`, `value`, `rows`, `counter`, `residual`) VALUES('21b3f7cf2de5cbb098d800f344d399ee', '12e508079c4770fb13c9fce028f40cac', 0, 'Montag', 1, 0, 0, 0);
INSERT INTO `evalanswer` (`evalanswer_id`, `parent_id`, `position`, `text`, `value`, `rows`, `counter`, `residual`) VALUES('f0016e918b5bc5c4cf3cc62bf06fa2e9', '12e508079c4770fb13c9fce028f40cac', 1, 'Dienstag', 2, 0, 0, 0);
INSERT INTO `evalanswer` (`evalanswer_id`, `parent_id`, `position`, `text`, `value`, `rows`, `counter`, `residual`) VALUES('c88242b50ff0bb43df32c1e15bdaca22', '12e508079c4770fb13c9fce028f40cac', 2, 'Mittwoch', 3, 0, 0, 0);
INSERT INTO `evalanswer` (`evalanswer_id`, `parent_id`, `position`, `text`, `value`, `rows`, `counter`, `residual`) VALUES('b39860f6601899dcf87ba71944c57bc7', '12e508079c4770fb13c9fce028f40cac', 3, 'Donnerstag', 4, 0, 0, 0);
INSERT INTO `evalanswer` (`evalanswer_id`, `parent_id`, `position`, `text`, `value`, `rows`, `counter`, `residual`) VALUES('568d6fd620642cb7395c27d145a76734', '12e508079c4770fb13c9fce028f40cac', 4, 'Freitag', 5, 0, 0, 0);
INSERT INTO `evalanswer` (`evalanswer_id`, `parent_id`, `position`, `text`, `value`, `rows`, `counter`, `residual`) VALUES('39b98a5560d5dabaf67227e2895db8da', 'a68bd711902f23bd5c55a29f1ecaa095', 0, '', 1, 5, 0, 0);
INSERT INTO `evalanswer` (`evalanswer_id`, `parent_id`, `position`, `text`, `value`, `rows`, `counter`, `residual`) VALUES('61ae27ab33c402316a3f1eb74e1c46ab', '442e1e464e12498bd238a7767215a5a2', 0, '', 1, 1, 0, 0);

--
-- Dumping data for table `evalquestion`
--

INSERT INTO `evalquestion` (`evalquestion_id`, `parent_id`, `type`, `position`, `text`, `multiplechoice`) VALUES('ef227e91618878835d52cfad3e6d816b', '0', 'polskala', 0, 'Wertung 1-5', 0);
INSERT INTO `evalquestion` (`evalquestion_id`, `parent_id`, `type`, `position`, `text`, `multiplechoice`) VALUES('724244416b5d04a4d8f4eab8a86fdbf8', '0', 'likertskala', 0, 'Schulnoten', 0);
INSERT INTO `evalquestion` (`evalquestion_id`, `parent_id`, `type`, `position`, `text`, `multiplechoice`) VALUES('95bbae27965d3404f7fa3af058850bd3', '0', 'likertskala', 0, 'Wertung (trifft zu, ...)', 0);
INSERT INTO `evalquestion` (`evalquestion_id`, `parent_id`, `type`, `position`, `text`, `multiplechoice`) VALUES('6fddac14c1f2ac490b93681b3da5fc66', '0', 'multiplechoice', 0, 'Werktage', 0);
INSERT INTO `evalquestion` (`evalquestion_id`, `parent_id`, `type`, `position`, `text`, `multiplechoice`) VALUES('12e508079c4770fb13c9fce028f40cac', '0', 'multiplechoice', 0, 'Werktage-mehrfach', 1);
INSERT INTO `evalquestion` (`evalquestion_id`, `parent_id`, `type`, `position`, `text`, `multiplechoice`) VALUES('a68bd711902f23bd5c55a29f1ecaa095', '0', 'multiplechoice', 0, 'Freitext-Mehrzeilig', 0);
INSERT INTO `evalquestion` (`evalquestion_id`, `parent_id`, `type`, `position`, `text`, `multiplechoice`) VALUES('442e1e464e12498bd238a7767215a5a2', '0', 'multiplechoice', 0, 'Freitext-Einzeilig', 0);

--
-- Dumping data for table `log_actions`
--

INSERT INTO `log_actions` (`action_id`, `name`, `description`, `info_template`, `active`, `expires`, `filename`, `class`, `type`) VALUES('0ee290df95f0547caafa163c4d533991', 'SEM_VISIBLE', 'Veranstaltung sichtbar schalten', '%user schaltet %sem(%affected) sichtbar.', 1, 0, NULL, NULL, NULL);
INSERT INTO `log_actions` (`action_id`, `name`, `description`, `info_template`, `active`, `expires`, `filename`, `class`, `type`) VALUES('a94706b41493e32f8336194262418c01', 'SEM_INVISIBLE', 'Veranstaltung unsichtbar schalten', '%user versteckt %sem(%affected).', 1, 0, NULL, NULL, NULL);
INSERT INTO `log_actions` (`action_id`, `name`, `description`, `info_template`, `active`, `expires`, `filename`, `class`, `type`) VALUES('bd2103035a8021942390a78a431ba0c4', 'DUMMY', 'Dummy-Aktion', '%user tut etwas.', 1, 0, NULL, NULL, NULL);
INSERT INTO `log_actions` (`action_id`, `name`, `description`, `info_template`, `active`, `expires`, `filename`, `class`, `type`) VALUES('4490aa3d29644e716440fada68f54032', 'LOG_ERROR', 'Allgemeiner Log-Fehler', 'Allgemeiner Logging-Fehler, Details siehe Debug-Info.', 1, 0, NULL, NULL, NULL);
INSERT INTO `log_actions` (`action_id`, `name`, `description`, `info_template`, `active`, `expires`, `filename`, `class`, `type`) VALUES('f858b05c11f5faa2198a109a783087a8', 'SEM_CREATE', 'Veranstaltung anlegen', '%user legt %sem(%affected) an.', 1, 0, NULL, NULL, NULL);
INSERT INTO `log_actions` (`action_id`, `name`, `description`, `info_template`, `active`, `expires`, `filename`, `class`, `type`) VALUES('5b96f2fe994637253ba0fe4a94ad1b98', 'SEM_ARCHIVE', 'Veranstaltung archivieren', '%user archiviert %info (ID: %affected).', 1, 0, NULL, NULL, NULL);
INSERT INTO `log_actions` (`action_id`, `name`, `description`, `info_template`, `active`, `expires`, `filename`, `class`, `type`) VALUES('bf192518a9c3587129ed2fdb9ea56f73', 'SEM_DELETE_FROM_ARCHIVE', 'Veranstaltung aus Archiv löschen', '%user löscht %info aus dem Archiv (ID: %affected).', 1, 0, NULL, NULL, NULL);
INSERT INTO `log_actions` (`action_id`, `name`, `description`, `info_template`, `active`, `expires`, `filename`, `class`, `type`) VALUES('4869cd69f20d4d7ed4207e027d763a73', 'INST_USER_STATUS', 'Einrichtungsnutzerstatus ändern', '%user ändert Status für %user(%coaffected) in Einrichtung %inst(%affected): %info.', 1, 0, NULL, NULL, NULL);
INSERT INTO `log_actions` (`action_id`, `name`, `description`, `info_template`, `active`, `expires`, `filename`, `class`, `type`) VALUES('6be59dcd70197c59d7bf3bcd3fec616f', 'INST_USER_DEL', 'Benutzer aus Einrichtung löschen', '%user löscht %user(%coaffected) aus Einrichtung %inst(%affected).', 1, 0, NULL, NULL, NULL);
INSERT INTO `log_actions` (`action_id`, `name`, `description`, `info_template`, `active`, `expires`, `filename`, `class`, `type`) VALUES('cf8986a67e67ca273e15fd9230f6e872', 'USER_CHANGE_TITLE', 'Akademische Titel ändern', '%user ändert/setzt akademischen Titel für %user(%affected) - %info.', 1, 0, NULL, NULL, NULL);
INSERT INTO `log_actions` (`action_id`, `name`, `description`, `info_template`, `active`, `expires`, `filename`, `class`, `type`) VALUES('ca216ccdf753f59ba7fd621f7b22f7bd', 'USER_CHANGE_NAME', 'Personennamen ändern', '%user ändert/setzt Name für %user(%affected) - %info.', 1, 0, NULL, NULL, NULL);
INSERT INTO `log_actions` (`action_id`, `name`, `description`, `info_template`, `active`, `expires`, `filename`, `class`, `type`) VALUES('8aad296e52423452fc75cabaf2bee384', 'USER_CHANGE_USERNAME', 'Benutzernamen ändern', '%user ändert/setzt Benutzernamen für %user(%affected): %info.', 1, 0, NULL, NULL, NULL);
INSERT INTO `log_actions` (`action_id`, `name`, `description`, `info_template`, `active`, `expires`, `filename`, `class`, `type`) VALUES('0d87c25b624b16fb9b8cdaf9f4e96e53', 'INST_CREATE', 'Einrichtung anlegen', '%user legt Einrichtung %inst(%affected) an.', 1, 0, NULL, NULL, NULL);
INSERT INTO `log_actions` (`action_id`, `name`, `description`, `info_template`, `active`, `expires`, `filename`, `class`, `type`) VALUES('1a1e8c9c3125ea8d2c58c875a41226d6', 'INST_DEL', 'Einrichtung löschen', '%user löscht Einrichtung %info (%affected).', 1, 0, NULL, NULL, NULL);
INSERT INTO `log_actions` (`action_id`, `name`, `description`, `info_template`, `active`, `expires`, `filename`, `class`, `type`) VALUES('d18d750fb2c166e1c425976e8bca96e7', 'USER_CHANGE_EMAIL', 'E-Mail-Adresse ändern', '%user ändert/setzt E-Mail-Adresse für %user(%affected): %info.', 1, 0, NULL, NULL, NULL);
INSERT INTO `log_actions` (`action_id`, `name`, `description`, `info_template`, `active`, `expires`, `filename`, `class`, `type`) VALUES('a92afa63584cc2a62d2dd2996727b2c5', 'USER_CREATE', 'Nutzer anlegen', '%user legt Nutzer %user(%affected) an.', 1, 0, NULL, NULL, NULL);
INSERT INTO `log_actions` (`action_id`, `name`, `description`, `info_template`, `active`, `expires`, `filename`, `class`, `type`) VALUES('e406e407501c8418f752e977182cd782', 'USER_CHANGE_PERMS', 'Globalen Nutzerstatus ändern', '%user ändert/setzt globalen Status von %user(%affected): %info', 1, 0, NULL, NULL, NULL);
INSERT INTO `log_actions` (`action_id`, `name`, `description`, `info_template`, `active`, `expires`, `filename`, `class`, `type`) VALUES('63042706e5cd50924987b9515e1e6cae', 'INST_USER_ADD', 'Benutzer zu Einrichtung hinzufügen', '%user fügt %user(%coaffected) zu Einrichtung %inst(%affected) mit Status %info hinzu.', 1, 0, NULL, NULL, NULL);
INSERT INTO `log_actions` (`action_id`, `name`, `description`, `info_template`, `active`, `expires`, `filename`, `class`, `type`) VALUES('4dd6b4101f7bf3bd7fe8374042da95e9', 'USER_NEWPWD', 'Neues Passwort', '%user generiert neues Passwort für %user(%affected)', 1, 0, NULL, NULL, NULL);
INSERT INTO `log_actions` (`action_id`, `name`, `description`, `info_template`, `active`, `expires`, `filename`, `class`, `type`) VALUES('e8646729e5e04970954c8b9679af389b', 'USER_DEL', 'Benutzer löschen', '%user löscht %user(%affected) (%info)', 1, 0, NULL, NULL, NULL);
INSERT INTO `log_actions` (`action_id`, `name`, `description`, `info_template`, `active`, `expires`, `filename`, `class`, `type`) VALUES('2e816bfd792e4a99913f11c04ad49198', 'SEM_UNDELETE_SINGLEDATE', 'Einzeltermin wiederherstellen', '%user stellt Einzeltermin %singledate(%affected) in %sem(%coaffected) wieder her.', 1, 0, NULL, NULL, NULL);
INSERT INTO `log_actions` (`action_id`, `name`, `description`, `info_template`, `active`, `expires`, `filename`, `class`, `type`) VALUES('997cf01328d4d9f36b9f50ac9b6ace47', 'SEM_DELETE_SINGLEDATE', 'Einzeltermin löschen', '%user löscht Einzeltermin %singledate(%affected) in %sem(%coaffected).', 1, 0, NULL, NULL, NULL);
INSERT INTO `log_actions` (`action_id`, `name`, `description`, `info_template`, `active`, `expires`, `filename`, `class`, `type`) VALUES('b205bde204b5607e036c10557a6ce149', 'SEM_SET_STARTSEMESTER', 'Startsemester ändern', '%user hat in %sem(%affected) das Startsemester auf %semester(%coaffected) geändert.', 1, 0, NULL, NULL, NULL);
INSERT INTO `log_actions` (`action_id`, `name`, `description`, `info_template`, `active`, `expires`, `filename`, `class`, `type`) VALUES('9d13643a1833c061dc3d10b4fb227f12', 'SEM_SET_ENDSEMESTER', 'Semesterlaufzeit ändern', '%user hat in %sem(%affected) die Laufzeit auf %semester(%coaffected) geändert', 1, 0, NULL, NULL, NULL);
INSERT INTO `log_actions` (`action_id`, `name`, `description`, `info_template`, `active`, `expires`, `filename`, `class`, `type`) VALUES('5f8fda12a4c0bd6eadbb94861de83696', 'SEM_ADD_CYCLE', 'Regelmäßige Zeit hinzugefügt', '%user hat in %sem(%affected) die regelmäßige Zeit %info hinzugefügt.', 1, 0, NULL, NULL, NULL);
INSERT INTO `log_actions` (`action_id`, `name`, `description`, `info_template`, `active`, `expires`, `filename`, `class`, `type`) VALUES('6f4bb66c1caf89879d89f3b1921a93dd', 'SEM_DELETE_CYCLE', 'Regelmäßige Zeit gelöscht', '%user hat in %sem(%affected) die regelmäßige Zeit %info gelöscht.', 1, 0, NULL, NULL, NULL);
INSERT INTO `log_actions` (`action_id`, `name`, `description`, `info_template`, `active`, `expires`, `filename`, `class`, `type`) VALUES('3f7dcf6cc85d6fba1281d18c4d9aba6f', 'SEM_ADD_SINGLEDATE', 'Einzeltermin hinzufügen', '%user hat in %sem(%affected) den Einzeltermin <em>%coaffected</em> hinzugefügt', 1, 0, NULL, NULL, NULL);
INSERT INTO `log_actions` (`action_id`, `name`, `description`, `info_template`, `active`, `expires`, `filename`, `class`, `type`) VALUES('c36fa0f804cde78a6dcb1c30c2ee47ba', 'SEM_DELETE_REQUEST', 'Raumanfrage gelöscht', '%user hat in %sem(%affected) die Raumanfrage für die gesamte Veranstaltung gelöscht.', 1, 0, NULL, NULL, NULL);
INSERT INTO `log_actions` (`action_id`, `name`, `description`, `info_template`, `active`, `expires`, `filename`, `class`, `type`) VALUES('370db4eb0e38051dd3c5d7c52717215a', 'SEM_DELETE_SINGLEDATE_REQUEST', 'Einzeltermin, Raumanfrage gelöscht', '%user hat in %sem(%affected) die Raumanfrage für den Termin <em>%coaffected</em> gelöscht.', 1, 0, NULL, NULL, NULL);
INSERT INTO `log_actions` (`action_id`, `name`, `description`, `info_template`, `active`, `expires`, `filename`, `class`, `type`) VALUES('9d642dc93540580d42ba2ea502c3fbf6', 'SINGLEDATE_CHANGE_TIME', 'Einzeltermin bearbeiten', '%user hat in %sem(%affected) den Einzeltermin %coaffected geändert.', 1, 0, NULL, NULL, NULL);
INSERT INTO `log_actions` (`action_id`, `name`, `description`, `info_template`, `active`, `expires`, `filename`, `class`, `type`) VALUES('10c31be1aec819c03b0dc299d0111576', 'CHANGE_BASIC_DATA', 'Basisdaten geändert', '%user hat in Veranstaltung %sem(%affected) die Daten %info geändert.', 0, 0, NULL, NULL, NULL);
INSERT INTO `log_actions` (`action_id`, `name`, `description`, `info_template`, `active`, `expires`, `filename`, `class`, `type`) VALUES('fd74339a9ea038d084569e33e2655b6a', 'CHANGE_INSTITUTE_DATA', 'Beteiligte Einrichtungen geändert', '%user hat in Veranstaltung %sem(%affected) die Daten geändert. %info', 0, 0, NULL, NULL, NULL);
INSERT INTO `log_actions` (`action_id`, `name`, `description`, `info_template`, `active`, `expires`, `filename`, `class`, `type`) VALUES('89114dcd6f02dd7f94488a616c21a7c3', 'PLUGIN_ENABLE', 'Plugin einschalten', '%user hat in Veranstaltung %sem(%affected) das Plugin %plugin(%coaffected) aktiviert.', 1, 0, NULL, NULL, NULL);
INSERT INTO `log_actions` (`action_id`, `name`, `description`, `info_template`, `active`, `expires`, `filename`, `class`, `type`) VALUES('a66c9e04e9c41bf5cc4d23fa509a8667', 'PLUGIN_DISABLE', 'Plugin ausschalten', '%user hat in Veranstaltung %sem(%affected) das Plugin %plugin(%coaffected) deaktiviert.', 1, 0, NULL, NULL, NULL);
INSERT INTO `log_actions` (`action_id`, `name`, `description`, `info_template`, `active`, `expires`, `filename`, `class`, `type`) VALUES('005df8d5eb23c66214b28b3c9792680b', 'SEM_CHANGED_ACCESS', 'Zugangsberechtigungen geändert', '%user ändert die Zugangsberechtigungen der Veranstaltung %sem(%affected).', 0, 0, NULL, NULL, NULL);
INSERT INTO `log_actions` (`action_id`, `name`, `description`, `info_template`, `active`, `expires`, `filename`, `class`, `type`) VALUES('535010528d6c012ec0e3535e2d754f66', 'SEM_USER_ADD', 'In Veranstaltung eingetragen', '%user hat %user(%coaffected) für %sem(%affected) mit dem status %info eingetragen. (%dbg_info)', 0, 0, NULL, NULL, NULL);
INSERT INTO `log_actions` (`action_id`, `name`, `description`, `info_template`, `active`, `expires`, `filename`, `class`, `type`) VALUES('6e2b789a57b9125af59c0273f5b47cb1', 'SEM_USER_DEL', 'Aus Veranstaltung ausgetragen', '%user hat %user(%coaffected) aus %sem(%affected) ausgetragen. (%info)', 0, 0, NULL, NULL, NULL);
INSERT INTO `log_actions` (`action_id`, `name`, `description`, `info_template`, `active`, `expires`, `filename`, `class`, `type`) VALUES('d07c8b37c6d3e206cd012d07ba8028b1', 'SEM_CHANGED_RIGHTS', 'Veranstaltungsrechte geändert', '%user hat %user(%coaffected) in %sem(%affected) als %info eingetragen. (%dbg_info)', 0, 0, NULL, NULL, NULL);
INSERT INTO `log_actions` (`action_id`, `name`, `description`, `info_template`, `active`, `expires`, `filename`, `class`, `type`) VALUES('2420da2946df66a5ad96c6d45e97d5b9', 'SEM_ADD_STUDYAREA', 'Studienbereich zu Veranst. hinzufügen', '%user fügt Studienbereich "%studyarea(%coaffected)" zu %sem(%affected) hinzu.', 0, 0, NULL, NULL, NULL);
INSERT INTO `log_actions` (`action_id`, `name`, `description`, `info_template`, `active`, `expires`, `filename`, `class`, `type`) VALUES('754708c8c0c61a916855c5031014acbb', 'SEM_DELETE_STUDYAREA', 'Studienbereich aus Veranst. löschen', '%user entfernt Studienbereich "%studyarea(%coaffected)" aus %sem(%affected).', 0, 0, NULL, NULL, NULL);
INSERT INTO `log_actions` (`action_id`, `name`, `description`, `info_template`, `active`, `expires`, `filename`, `class`, `type`) VALUES('30dfb509cb1a8e228af3bd17dd6c8d1d', 'RES_ASSIGN_SEM', 'Buchen einer Ressource (VA)', '%user bucht %res(%affected) für %sem(%coaffected) (%info).', 0, 0, NULL, NULL, NULL);
INSERT INTO `log_actions` (`action_id`, `name`, `description`, `info_template`, `active`, `expires`, `filename`, `class`, `type`) VALUES('e8b1105ca4f2305ef0db6c961d2fbe4c', 'RES_ASSIGN_SINGLE', 'Buchen einer Ressource (Einzel)', '%user bucht %res(%affected) direkt (%info).', 0, 0, NULL, NULL, NULL);
INSERT INTO `log_actions` (`action_id`, `name`, `description`, `info_template`, `active`, `expires`, `filename`, `class`, `type`) VALUES('7d26ffbf73103601966f7517e40d7e66', 'RES_REQUEST_NEW', 'Neue Raumanfrage', '%user stellt neue Raumanfrage für %sem(%affected), gewünschter Raum: %res(%coaffected), %info', 0, 0, NULL, NULL, NULL);
INSERT INTO `log_actions` (`action_id`, `name`, `description`, `info_template`, `active`, `expires`, `filename`, `class`, `type`) VALUES('46bc7faabfc73864998b561b1011e3fe', 'RES_REQUEST_UPDATE', 'Geänderte Raumanfrage', '%user ändert Raumanfrage für %sem(%affected), gewünschter Raum: %res(%coaffected), %info', 0, 0, NULL, NULL, NULL);
INSERT INTO `log_actions` (`action_id`, `name`, `description`, `info_template`, `active`, `expires`, `filename`, `class`, `type`) VALUES('a0928e74639fd2a55f5d4d2a3c5a8e71', 'RES_REQUEST_DEL', 'Raumanfrage löschen', '%user löscht Raumanfrage für %sem(%affected).', 0, 0, NULL, NULL, NULL);
INSERT INTO `log_actions` (`action_id`, `name`, `description`, `info_template`, `active`, `expires`, `filename`, `class`, `type`) VALUES('a3856b6531e2f79d158b5ebfb998e5db', 'RES_ASSIGN_DEL_SEM', 'VA-Buchung löschen', '%user löscht Ressourcenbelegung für %res(%affected) in Veranstaltung %sem(%coaffected), %info.', 0, 0, NULL, NULL, NULL);
INSERT INTO `log_actions` (`action_id`, `name`, `description`, `info_template`, `active`, `expires`, `filename`, `class`, `type`) VALUES('17f0a527e9db7dec09687a70681559cf', 'RES_ASSIGN_DEL_SINGLE', 'Direktbuchung löschen', '%user löscht Direktbuchung für %res(%affected) (%info).', 0, 0, NULL, NULL, NULL);
INSERT INTO `log_actions` (`action_id`, `name`, `description`, `info_template`, `active`, `expires`, `filename`, `class`, `type`) VALUES('9179d3cf4e0353f9874bcde072d12b30', 'RES_REQUEST_DENY', 'Abgelehnte Raumanfrage', '%user lehnt Raumanfrage für %sem(%coaffected), Raum %sem(%affected) ab.', 0, 0, NULL, NULL, NULL);
INSERT INTO `log_actions` (`action_id`, `name`, `description`, `info_template`, `active`, `expires`, `filename`, `class`, `type`) VALUES('ff806b4b26f8bc8c3e65e29d14176cd9', 'RES_REQUEST_RESOLVE', 'Aufgelöste Raumanfrage', '%user löst Raumanfrage für %sem(%affected), Raum %res(%coaffected) auf.', 0, 0, NULL, NULL, NULL);
INSERT INTO `log_actions` (`action_id`, `name`, `description`, `info_template`, `active`, `expires`, `filename`, `class`, `type`) VALUES('248f54105b7102e5cbcc36e9439504fb', 'STUDYAREA_ADD', 'Studienbereich hinzufügen', '%user legt Studienbereich %studyarea(%affected) an.', 0, 0, NULL, NULL, NULL);
INSERT INTO `log_actions` (`action_id`, `name`, `description`, `info_template`, `active`, `expires`, `filename`, `class`, `type`) VALUES('9123d360316ba28ddb32c0ed1a0320f2', 'STUDYAREA_DELETE', 'Studienbereich löschen', '%user entfernt Studienbereich %studyarea(%affected).', 0, 0, NULL, NULL, NULL);
INSERT INTO `log_actions` (`action_id`, `name`, `description`, `info_template`, `active`, `expires`, `filename`, `class`, `type`) VALUES('897207a36c411d736947052219624b72', 'USER_CHANGE_PASSWORD', 'Nutzerpasswort geändert', '%user ändert/setzt das Passwort für %user(%affected)', 0, 0, NULL, NULL, NULL);
INSERT INTO `log_actions` (`action_id`, `name`, `description`, `info_template`, `active`, `expires`, `filename`, `class`, `type`) VALUES('9ed46a3ca3d4f43e17f91e314224dcae', 'SEM_CHANGE_CYCLE', 'Regelmäßige Zeit geändert', '%user hat in %sem(%affected) die regelmäßige Zeit %info geändert', 1, 0, NULL, NULL, NULL);

--
-- Dumping data for table `plugins`
--

INSERT INTO `plugins` (`pluginid`, `pluginclassname`, `pluginpath`, `pluginname`, `plugintype`, `enabled`, `navigationpos`, `dependentonid`) VALUES(1, 'Blubber', 'core/Blubber', 'Blubber', 'StandardPlugin,SystemPlugin', 'yes', 1, NULL);
INSERT INTO `plugins` (`pluginid`, `pluginclassname`, `pluginpath`, `pluginname`, `plugintype`, `enabled`, `navigationpos`, `dependentonid`) VALUES(2, 'CoreForum', 'core/Forum', 'Forum', 'ForumModule,StandardPlugin,StudipModule', 'yes', 2, NULL);
INSERT INTO `plugins` (`pluginid`, `pluginclassname`, `pluginpath`, `pluginname`, `plugintype`, `enabled`, `navigationpos`, `dependentonid`) VALUES(3, 'EvaluationsWidget', 'core/EvaluationsWidget', 'EvaluationsWidget', 'PortalPlugin', 'yes', 3, NULL);
INSERT INTO `plugins` (`pluginid`, `pluginclassname`, `pluginpath`, `pluginname`, `plugintype`, `enabled`, `navigationpos`, `dependentonid`) VALUES(4, 'NewsWidget', 'core/NewsWidget', 'NewsWidget', 'PortalPlugin', 'yes', 4, NULL);
INSERT INTO `plugins` (`pluginid`, `pluginclassname`, `pluginpath`, `pluginname`, `plugintype`, `enabled`, `navigationpos`, `dependentonid`) VALUES(5, 'QuickSelection', 'core/QuickSelection', 'QuickSelection', 'PortalPlugin', 'yes', 5, NULL);
INSERT INTO `plugins` (`pluginid`, `pluginclassname`, `pluginpath`, `pluginname`, `plugintype`, `enabled`, `navigationpos`, `dependentonid`) VALUES(6, 'ScheduleWidget', 'core/ScheduleWidget', 'ScheduleWidget', 'PortalPlugin', 'yes', 6, NULL);
INSERT INTO `plugins` (`pluginid`, `pluginclassname`, `pluginpath`, `pluginname`, `plugintype`, `enabled`, `navigationpos`, `dependentonid`) VALUES(7, 'TerminWidget', 'core/TerminWidget', 'TerminWidget', 'PortalPlugin', 'yes', 7, NULL);

--
-- Dumping data for table `roles`
--

INSERT INTO `roles` (`roleid`, `rolename`, `system`) VALUES(1, 'Root-Administrator(in)', 'y');
INSERT INTO `roles` (`roleid`, `rolename`, `system`) VALUES(2, 'Administrator(in)', 'y');
INSERT INTO `roles` (`roleid`, `rolename`, `system`) VALUES(3, 'Mitarbeiter(in)', 'y');
INSERT INTO `roles` (`roleid`, `rolename`, `system`) VALUES(4, 'Lehrende(r)', 'y');
INSERT INTO `roles` (`roleid`, `rolename`, `system`) VALUES(5, 'Studierende(r)', 'y');
INSERT INTO `roles` (`roleid`, `rolename`, `system`) VALUES(6, 'Tutor(in)', 'y');
INSERT INTO `roles` (`roleid`, `rolename`, `system`) VALUES(7, 'Nobody', 'y');

--
-- Dumping data for table `roles_plugins`
--

INSERT INTO `roles_plugins` (`roleid`, `pluginid`) VALUES(1, 1);
INSERT INTO `roles_plugins` (`roleid`, `pluginid`) VALUES(1, 2);
INSERT INTO `roles_plugins` (`roleid`, `pluginid`) VALUES(1, 3);
INSERT INTO `roles_plugins` (`roleid`, `pluginid`) VALUES(1, 4);
INSERT INTO `roles_plugins` (`roleid`, `pluginid`) VALUES(1, 5);
INSERT INTO `roles_plugins` (`roleid`, `pluginid`) VALUES(1, 6);
INSERT INTO `roles_plugins` (`roleid`, `pluginid`) VALUES(1, 7);
INSERT INTO `roles_plugins` (`roleid`, `pluginid`) VALUES(2, 1);
INSERT INTO `roles_plugins` (`roleid`, `pluginid`) VALUES(2, 2);
INSERT INTO `roles_plugins` (`roleid`, `pluginid`) VALUES(2, 3);
INSERT INTO `roles_plugins` (`roleid`, `pluginid`) VALUES(2, 4);
INSERT INTO `roles_plugins` (`roleid`, `pluginid`) VALUES(2, 5);
INSERT INTO `roles_plugins` (`roleid`, `pluginid`) VALUES(2, 6);
INSERT INTO `roles_plugins` (`roleid`, `pluginid`) VALUES(2, 7);
INSERT INTO `roles_plugins` (`roleid`, `pluginid`) VALUES(3, 1);
INSERT INTO `roles_plugins` (`roleid`, `pluginid`) VALUES(3, 2);
INSERT INTO `roles_plugins` (`roleid`, `pluginid`) VALUES(3, 3);
INSERT INTO `roles_plugins` (`roleid`, `pluginid`) VALUES(3, 4);
INSERT INTO `roles_plugins` (`roleid`, `pluginid`) VALUES(3, 5);
INSERT INTO `roles_plugins` (`roleid`, `pluginid`) VALUES(3, 6);
INSERT INTO `roles_plugins` (`roleid`, `pluginid`) VALUES(3, 7);
INSERT INTO `roles_plugins` (`roleid`, `pluginid`) VALUES(4, 1);
INSERT INTO `roles_plugins` (`roleid`, `pluginid`) VALUES(4, 2);
INSERT INTO `roles_plugins` (`roleid`, `pluginid`) VALUES(4, 3);
INSERT INTO `roles_plugins` (`roleid`, `pluginid`) VALUES(4, 4);
INSERT INTO `roles_plugins` (`roleid`, `pluginid`) VALUES(4, 5);
INSERT INTO `roles_plugins` (`roleid`, `pluginid`) VALUES(4, 6);
INSERT INTO `roles_plugins` (`roleid`, `pluginid`) VALUES(4, 7);
INSERT INTO `roles_plugins` (`roleid`, `pluginid`) VALUES(5, 1);
INSERT INTO `roles_plugins` (`roleid`, `pluginid`) VALUES(5, 2);
INSERT INTO `roles_plugins` (`roleid`, `pluginid`) VALUES(5, 3);
INSERT INTO `roles_plugins` (`roleid`, `pluginid`) VALUES(5, 4);
INSERT INTO `roles_plugins` (`roleid`, `pluginid`) VALUES(5, 5);
INSERT INTO `roles_plugins` (`roleid`, `pluginid`) VALUES(5, 6);
INSERT INTO `roles_plugins` (`roleid`, `pluginid`) VALUES(5, 7);
INSERT INTO `roles_plugins` (`roleid`, `pluginid`) VALUES(6, 1);
INSERT INTO `roles_plugins` (`roleid`, `pluginid`) VALUES(6, 2);
INSERT INTO `roles_plugins` (`roleid`, `pluginid`) VALUES(6, 3);
INSERT INTO `roles_plugins` (`roleid`, `pluginid`) VALUES(6, 4);
INSERT INTO `roles_plugins` (`roleid`, `pluginid`) VALUES(6, 5);
INSERT INTO `roles_plugins` (`roleid`, `pluginid`) VALUES(6, 6);
INSERT INTO `roles_plugins` (`roleid`, `pluginid`) VALUES(6, 7);
INSERT INTO `roles_plugins` (`roleid`, `pluginid`) VALUES(7, 1);
INSERT INTO `roles_plugins` (`roleid`, `pluginid`) VALUES(7, 2);


--
-- Dumping data for table `roles_studipperms`
--

INSERT INTO `roles_studipperms` (`roleid`, `permname`) VALUES(1, 'root');
INSERT INTO `roles_studipperms` (`roleid`, `permname`) VALUES(2, 'admin');
INSERT INTO `roles_studipperms` (`roleid`, `permname`) VALUES(3, 'admin');
INSERT INTO `roles_studipperms` (`roleid`, `permname`) VALUES(3, 'root');
INSERT INTO `roles_studipperms` (`roleid`, `permname`) VALUES(4, 'dozent');
INSERT INTO `roles_studipperms` (`roleid`, `permname`) VALUES(5, 'autor');
INSERT INTO `roles_studipperms` (`roleid`, `permname`) VALUES(5, 'tutor');
INSERT INTO `roles_studipperms` (`roleid`, `permname`) VALUES(6, 'tutor');

--
-- Dumping data for table `roles_user`
--

INSERT INTO `roles_user` (`roleid`, `userid`, `institut_id`) VALUES(7, 'nobody', '');

--
-- Dumping data for table `schema_version`
--

INSERT INTO `schema_version` (`domain`, `version`) VALUES('studip', 164);

--
-- Dumping data for table `semester_data`
--

INSERT INTO `semester_data` (`semester_id`, `name`, `description`, `semester_token`, `beginn`, `ende`, `vorles_beginn`, `vorles_ende`) VALUES('f2b4fdf5ac59a9cb57dd73c4d3bbb651', 'SS 2015', '', '', 1427839200, 1443650399, 1428962400, 1437256799);
INSERT INTO `semester_data` (`semester_id`, `name`, `description`, `semester_token`, `beginn`, `ende`, `vorles_beginn`, `vorles_ende`) VALUES('eb828ebb81bb946fac4108521a3b4697', 'WS 2015/16', '', '', 1443650400, 1459461599, 1445205600, 1455490799);

--
-- Dumping data for table `semester_holiday`
--

INSERT INTO `semester_holiday` (`holiday_id`, `semester_id`, `name`, `description`, `beginn`, `ende`) VALUES('75a24d5f6f0c4f633d5293221629b9a6', '1', 'Weihnachtsferien 2015/2016', '', 1450911600, 1451861999);

--
-- Dumping data for table `sem_classes`
--

INSERT INTO `sem_classes` (`id`, `name`, `compact_mode`, `workgroup_mode`, `only_inst_user`, `turnus_default`, `default_read_level`, `default_write_level`, `bereiche`, `show_browse`, `write_access_nobody`, `topic_create_autor`, `visible`, `course_creation_forbidden`, `overview`, `forum`, `admin`, `documents`, `schedule`, `participants`, `literature`, `scm`, `wiki`, `resources`, `calendar`, `elearning_interface`, `modules`, `description`, `create_description`, `studygroup_mode`, `admission_prelim_default`, `admission_type_default`, `title_dozent`, `title_dozent_plural`, `title_tutor`, `title_tutor_plural`, `title_autor`, `title_autor_plural`, `mkdate`, `chdate`) VALUES(1, 'Lehre', 0, 0, 1, 0, 1, 1, 1, 1, 0, 0, 1, 0, 'CoreOverview', 'CoreForum', 'CoreAdmin', 'CoreDocuments', 'CoreSchedule', 'CoreParticipants', 'CoreLiterature', 'CoreScm', 'CoreWiki', 'CoreResources', 'CoreCalendar', 'CoreElearningInterface', '{"CoreOverview":{"activated":"1","sticky":"1"},"CoreAdmin":{"activated":"1","sticky":"1"},"CoreForum":{"activated":"1","sticky":"0"},"CoreParticipants":{"activated":"1","sticky":"0"},"CoreDocuments":{"activated":"1","sticky":"0"},"CoreSchedule":{"activated":"1","sticky":"0"},"CoreLiterature":{"activated":"1","sticky":"0"},"CoreScm":{"activated":"1","sticky":"0"},"CoreWiki":{"activated":"1","sticky":"0"},"CoreResources":{"activated":"1","sticky":"0"},"CoreCalendar":{"activated":"1","sticky":"0"},"CoreElearningInterface":{"activated":"1","sticky":"0"},"CoreStudygroupAdmin":{"activated":"0","sticky":"1"},"CoreStudygroupParticipants":{"activated":"0","sticky":"1"}}', 'Hier finden Sie alle in Stud.IP registrierten Lehrveranstaltungen', '', 0, 0, 0, NULL, NULL, NULL, NULL, NULL, NULL, 1366882120, 1366882169);
INSERT INTO `sem_classes` (`id`, `name`, `compact_mode`, `workgroup_mode`, `only_inst_user`, `turnus_default`, `default_read_level`, `default_write_level`, `bereiche`, `show_browse`, `write_access_nobody`, `topic_create_autor`, `visible`, `course_creation_forbidden`, `overview`, `forum`, `admin`, `documents`, `schedule`, `participants`, `literature`, `scm`, `wiki`, `resources`, `calendar`, `elearning_interface`, `modules`, `description`, `create_description`, `studygroup_mode`, `admission_prelim_default`, `admission_type_default`, `title_dozent`, `title_dozent_plural`, `title_tutor`, `title_tutor_plural`, `title_autor`, `title_autor_plural`, `mkdate`, `chdate`) VALUES(2, 'Organisation', 1, 1, 0, -1, 2, 2, 0, 1, 0, 0, 1, 0, 'CoreOverview', 'CoreForum', 'CoreAdmin', 'CoreDocuments', 'CoreSchedule', 'CoreParticipants', NULL, NULL, 'CoreWiki', 'CoreResources', NULL, NULL, '{"CoreOverview":{"activated":"1","sticky":"1"},"CoreAdmin":{"activated":"1","sticky":"1"},"CoreForum":{"activated":"1","sticky":"0"},"CoreParticipants":{"activated":"1","sticky":"0"},"CoreDocuments":{"activated":"1","sticky":"0"},"CoreSchedule":{"activated":"1","sticky":"0"},"CoreWiki":{"activated":"1","sticky":"0"},"CoreResources":{"activated":"1","sticky":"0"},"CoreStudygroupAdmin":{"activated":"0","sticky":"1"},"CoreStudygroupParticipants":{"activated":"0","sticky":"1"},"CoreScm":{"activated":"0","sticky":"1"},"CoreLiterature":{"activated":"0","sticky":"1"},"CoreCalendar":{"activated":"0","sticky":"1"},"CoreElearningInterface":{"activated":"0","sticky":"1"}}', 'Hier finden Sie virtuelle Veranstaltungen zu verschiedenen Gremien an der Universit&auml;t', '', 0, 0, 0, 'LeiterIn', 'LeiterInnen', 'Mitglied', 'Mitglieder', NULL, NULL, 1366882120, 1366882198);
INSERT INTO `sem_classes` (`id`, `name`, `compact_mode`, `workgroup_mode`, `only_inst_user`, `turnus_default`, `default_read_level`, `default_write_level`, `bereiche`, `show_browse`, `write_access_nobody`, `topic_create_autor`, `visible`, `course_creation_forbidden`, `overview`, `forum`, `admin`, `documents`, `schedule`, `participants`, `literature`, `scm`, `wiki`, `resources`, `calendar`, `elearning_interface`, `modules`, `description`, `create_description`, `studygroup_mode`, `admission_prelim_default`, `admission_type_default`, `title_dozent`, `title_dozent_plural`, `title_tutor`, `title_tutor_plural`, `title_autor`, `title_autor_plural`, `mkdate`, `chdate`) VALUES(3, 'Community', 1, 0, 0, -1, 1, 1, 0, 1, 1, 0, 1, 0, 'CoreOverview', 'CoreForum', 'CoreAdmin', 'CoreDocuments', 'CoreSchedule', 'CoreParticipants', 'CoreLiterature', NULL, 'CoreWiki', 'CoreResources', NULL, NULL, '{"CoreOverview":{"activated":1,"sticky":1},"CoreAdmin":{"activated":1,"sticky":1}}', 'Hier finden Sie virtuelle Veranstaltungen zu unterschiedlichen Themen', '', 0, 0, 0, NULL, NULL, NULL, NULL, NULL, NULL, 1366882120, 1366882120);
INSERT INTO `sem_classes` (`id`, `name`, `compact_mode`, `workgroup_mode`, `only_inst_user`, `turnus_default`, `default_read_level`, `default_write_level`, `bereiche`, `show_browse`, `write_access_nobody`, `topic_create_autor`, `visible`, `course_creation_forbidden`, `overview`, `forum`, `admin`, `documents`, `schedule`, `participants`, `literature`, `scm`, `wiki`, `resources`, `calendar`, `elearning_interface`, `modules`, `description`, `create_description`, `studygroup_mode`, `admission_prelim_default`, `admission_type_default`, `title_dozent`, `title_dozent_plural`, `title_tutor`, `title_tutor_plural`, `title_autor`, `title_autor_plural`, `mkdate`, `chdate`) VALUES(99, 'Studiengruppen', 0, 0, 0, 0, 0, 0, 0, 0, 0, 1, 0, 1, 'CoreOverview', 'CoreForum', 'CoreStudygroupAdmin', 'CoreDocuments', NULL, 'CoreStudygroupParticipants', NULL, 'CoreScm', 'CoreWiki', NULL, NULL, NULL, '{"CoreOverview":{"activated":"1","sticky":"1"},"CoreStudygroupAdmin":{"activated":"1","sticky":"1"},"CoreForum":{"activated":"1","sticky":"0"},"CoreStudygroupParticipants":{"activated":"1","sticky":"1"},"CoreDocuments":{"activated":"1","sticky":"0"},"CoreScm":{"activated":"1","sticky":"0"},"CoreWiki":{"activated":"1","sticky":"0"},"CoreAdmin":{"activated":"0","sticky":"1"},"CoreSchedule":{"activated":"0","sticky":"1"},"CoreParticipants":{"activated":"0","sticky":"1"},"CoreLiterature":{"activated":"0","sticky":"1"},"CoreCalendar":{"activated":"0","sticky":"1"},"CoreElearningInterface":{"activated":"0","sticky":"1"},"CoreResources":{"activated":"0","sticky":"1"}}', '', '', 1, 0, 0, 'GruppengründerIn', 'GruppengründerInnen', 'ModeratorIn', 'ModeratorInnen', 'Mitglied', 'Mitglieder', 1366882120, 1366882252);

--
-- Dumping data for table `sem_types`
--

INSERT INTO `sem_types` (`id`, `name`, `class`, `mkdate`, `chdate`) VALUES(1, 'Vorlesung', 1, 1366882120, 1366882120);
INSERT INTO `sem_types` (`id`, `name`, `class`, `mkdate`, `chdate`) VALUES(2, 'Seminar', 1, 1366882120, 1366882120);
INSERT INTO `sem_types` (`id`, `name`, `class`, `mkdate`, `chdate`) VALUES(3, 'Übung', 1, 1366882120, 1366882120);
INSERT INTO `sem_types` (`id`, `name`, `class`, `mkdate`, `chdate`) VALUES(4, 'Praktikum', 1, 1366882120, 1366882120);
INSERT INTO `sem_types` (`id`, `name`, `class`, `mkdate`, `chdate`) VALUES(5, 'Colloquium', 1, 1366882120, 1366882120);
INSERT INTO `sem_types` (`id`, `name`, `class`, `mkdate`, `chdate`) VALUES(6, 'Forschungsgruppe', 1, 1366882120, 1366882120);
INSERT INTO `sem_types` (`id`, `name`, `class`, `mkdate`, `chdate`) VALUES(7, 'sonstige', 1, 1366882120, 1366882120);
INSERT INTO `sem_types` (`id`, `name`, `class`, `mkdate`, `chdate`) VALUES(8, 'Gremium', 2, 1366882120, 1366882120);
INSERT INTO `sem_types` (`id`, `name`, `class`, `mkdate`, `chdate`) VALUES(9, 'Projektgruppe', 2, 1366882120, 1366882120);
INSERT INTO `sem_types` (`id`, `name`, `class`, `mkdate`, `chdate`) VALUES(10, 'sonstige', 2, 1366882120, 1366882120);
INSERT INTO `sem_types` (`id`, `name`, `class`, `mkdate`, `chdate`) VALUES(11, 'Kulturforum', 3, 1366882120, 1366882120);
INSERT INTO `sem_types` (`id`, `name`, `class`, `mkdate`, `chdate`) VALUES(12, 'Veranstaltungsboard', 3, 1366882120, 1366882120);
INSERT INTO `sem_types` (`id`, `name`, `class`, `mkdate`, `chdate`) VALUES(13, 'sonstige', 3, 1366882120, 1366882120);
INSERT INTO `sem_types` (`id`, `name`, `class`, `mkdate`, `chdate`) VALUES(99, 'Studiengruppe', 99, 1366882120, 1366882120);

--
-- Dumping data for table `siteinfo_details`
--

INSERT INTO `siteinfo_details` (`detail_id`, `rubric_id`, `position`, `name`, `content`) VALUES(1, 1, NULL, '[lang=de]Ansprechpartner[/lang][lang=en]Contact[/lang]', '[style=float: right]\n[img]http://www.studip.de/images/studipanim.gif\n**Version:** (:version:)\n[/style]\n[lang=de]Für diese Stud.IP-Installation ((:uniname:)) sind folgende Administratoren zuständig:[/lang]\n[lang=en]The following administrators are responsible for this Stud.IP installation ((:uniname:)):[/lang]\n(:rootlist:)\n[lang=de]allgemeine Anfragen wie Passwort-Anforderungen u.a. richten Sie bitte an:[/lang]\n[lang=en]General queries e.g., password queries, please contact:[/lang]\n(:unicontact:)\n[lang=de]Folgende Einrichtungen sind beteiligt:\n(Genannt werden die jeweiligen Administratoren der Einrichtungen für entsprechende Anfragen)[/lang]\n[lang=en]The following institutes participate:\n(Named are the institutes administrators responsible for the corresponding query areas)[/lang]\n(:adminlist:)');
INSERT INTO `siteinfo_details` (`detail_id`, `rubric_id`, `position`, `name`, `content`) VALUES(2, 1, NULL, '[lang=de]Entwickler[/lang][lang=en]Developer[/lang]', '[style=float: right]\r\n[img]http://www.studip.de/images/studipanim.gif\r\n**Version:** (:version:)\r\n[/style]\r\n[lang=de]Stud.IP ist ein Open Source Projekt zur Unterstützung von Präsenzlehre an Universitäten, Hochschulen und anderen Bildungseinrichtungen. Das System entstand am Zentrum für interdisziplinäre Medienwissenschaft (ZiM) der Georg-August-Universität Göttingen unter Mitwirkung der Suchi & Berg GmbH (data-quest) , Göttingen. Heute erfolgt die Weiterentwicklung von Stud.IP verteilt an vielen Standorten (Göttingen, Osnabrück, Oldenburg, Bremen, Hannover, Jena und weiteren). Die Koordination der Entwicklung erfolgt durch die Stud.IP-CoreGroup.\r\nStud.IP steht unter der GNU General Public License, Version 2.\r\n\r\nWeitere Informationen finden sie auf ** [www.studip.de]http://www.studip.de **,**  [develop.studip.de]http://develop.studip.de ** und ** [blog.studip.de]http://blog.studip.de **.[/lang]\r\n\r\n[lang=en]Stud.IP is an opensource project for supporting attendance courses offered by universities, institutions of higher education and other educational institutions. The system was established at the Zentrum für interdisziplinäre Medienwissenschaft (ZiM) in the Georg-August-Universität Göttingen in cooperation with Suchi & Berg GmbH (data-quest) , Göttingen. At the present further developing takes place at various locations (among others Göttingen, Osnabrück, Oldenburg, Bremen, Hannover, Jena) under coordination through the Stud.IP-CoreGroup.\r\n\r\nStud.IP is covered by the GNU General Public Licence, version 2.\r\n\r\nFurther information can be found under ** [www.studip.de]http://www.studip.de **,**  [develop.studip.de]http://develop.studip.de ** and ** [blog.studip.de]http://blog.studip.de **.[/lang]\r\n\r\n(:coregroup:)\r\n[lang=de]Sie erreichen uns auch über folgende **Mailinglisten**:\r\n\r\n**Nutzer-Anfragen**, E-Mail: studip-users@lists.sourceforge.net : Fragen, Anregungen und Vorschläge an die Entwickler - bitte __keine__ Passwort Anfragen!\r\n**News-Mailingsliste**, E-Mail: studip-news@lists.sourceforge.net : News rund um Stud.IP (Eintragung notwendig)\r\n\r\nWir laden alle Entwickler, Betreiber und Nutzer von Stud.IP ein, sich auf dem Developer-Server http://develop.studip.de an den Diskussionen rund um die Weiterentwicklung und Nutzung der Plattform zu beteiligen.[/lang]\r\n[lang=en]You can contact us via the following **mailing lists**:\r\n\r\n**User enquiries**, E-Mail: studip-users@lists.sourceforge.net : Questions, suggestions and recommendations to the developers - __please no password queries__!\r\n\r\n**News mailing list**, E-Mail: studip-news@lists.sourceforge.net : News about Stud.IP (registration necessary)\r\n\r\nWe invite all developers, administrators and users of Stud.IP to join the discussions on further developing and using the platform available at the developer server http://develop.studip.de[/lang]');
INSERT INTO `siteinfo_details` (`detail_id`, `rubric_id`, `position`, `name`, `content`) VALUES(3, 2, NULL, '[lang=de]Technik[/lang][lang=en]Technology[/lang]', '[style=float: right]\n[img]http://www.studip.de/images/studipanim.gif\n**Version:** (:version:)\n[/style]\n[lang=de]Stud IP ist ein Open-Source Projekt und steht unter der GNU General Public License. Sämtliche zum Betrieb notwendigen Dateien können unter http://sourceforge.net/projects/studip/ heruntergeladen werden.\nDie technische Grundlage bietet ein LINUX-System mit Apache Webserver sowie eine MySQL Datenbank, die über PHP gesteuert wird.\nIm System findet ein 6-stufiges Rechtesystem Verwendung, das individuell auf verschiedenen Ebenen wirkt - etwa in Veranstaltungen, Einrichtungen, Fakultäten oder systemweit.\nSeminare oder Arbeitsgruppen können mit Passwörtern geschützt werden - die Verschlüsselung erfolgt mit einem MD5 one-way-hash.\nDas System ist zu 100% über das Internet administrierbar, es sind keine zusätzlichen Werkzeuge nötig. Ein Webbrowser der 5. Generation wird empfohlen.\nDas System wird ständig weiterentwickelt und an die Wünsche unserer Nutzer angepasst - [sagen Sie uns Ihre Meinung!]studip-users@lists.sourceforge.net[/lang]\n[lang=en]Stud.IP is an Open Source Project and is covered by the Gnu General Public License (GPL). All files necessary for operation can be downloaded from http://sourceforge.net/projects/studip/ .\nThe technical basis can be provided by a LINUX system with Apache Webserver and a MySQL database, which is then controlled by PHP.\nThe system features a authorisation system with six ranks, that affects individually different levels - in courses, institutes,faculties or system wide.\nSeminars or work groups can be secured with passwords - the encryption of which uses a MD5 one-way-hash.\nThe system is capable of being administrated 100% over the internet - no additional tools are necessary. A 5th generation web browser is recommended.\nThe system is continually being developed and customised to the wishes of our users - [Tell us your opinion!]studip-users@lists.sourceforge.net[/lang]');
INSERT INTO `siteinfo_details` (`detail_id`, `rubric_id`, `position`, `name`, `content`) VALUES(4, 2, NULL, '[lang=de]Statistik[/lang][lang=en]Statistics[/lang]', '[lang=de]!!Top-Listen aller Veranstaltungen[/lang][lang=en]!!Top list of all courses[/lang]\n[style=float: right]\n[lang=de]!!Statistik[/lang][lang=en]!!statistics[/lang]\n(:indicator seminar_all:)\n(:indicator seminar_archived:)\n(:indicator institute_firstlevel_all:)\n(:indicator institute_secondlevel_all:)\n(:indicator user_admin:)\n(:indicator user_dozent:)\n(:indicator user_tutor:)\n(:indicator user_autor:)\n(:indicator posting:)\n(:indicator document:)\n(:indicator link:)\n(:indicator litlist:)\n(:indicator termin:)\n(:indicator news:)\n(:indicator guestbook:)\n(:indicator vote:)\n(:indicator test:)\n(:indicator evaluation:)\n(:indicator wiki_pages:)\n(:indicator lernmodul:)\n(:indicator resource:)\n[/style]\n(:toplist mostparticipants:)\n(:toplist recentlycreated:)\n(:toplist mostdocuments:)\n(:toplist mostpostings:)\n(:toplist mostvisitedhomepages:)');
INSERT INTO `siteinfo_details` (`detail_id`, `rubric_id`, `position`, `name`, `content`) VALUES(5, 2, NULL, 'History', '(:history:)');
INSERT INTO `siteinfo_details` (`detail_id`, `rubric_id`, `position`, `name`, `content`) VALUES(6, 2, NULL, 'Stud.IP-Blog', '[lang=de]Das Blog der Stud.IP-Entwickler finden Sie auf:[/lang]\n[lang=en]The Stud.IP-Developer-Blog can be found under:[/lang]\nhttp://blog.studip.de');

--
-- Dumping data for table `siteinfo_rubrics`
--

INSERT INTO `siteinfo_rubrics` (`rubric_id`, `position`, `name`) VALUES(1, NULL, '[lang=de]Kontakt[/lang][lang=en]Contact[/lang]');
INSERT INTO `siteinfo_rubrics` (`rubric_id`, `position`, `name`) VALUES(2, NULL, '[lang=de]Über Stud.IP[/lang][lang=en]About Stud.IP[/lang]');

--
-- Daten für Tabelle `doc_filetype`
--

INSERT INTO `doc_filetype` (`id`, `type`, `description`) VALUES(1, 'exe', NULL);
INSERT INTO `doc_filetype` (`id`, `type`, `description`) VALUES(2, 'com', NULL);
INSERT INTO `doc_filetype` (`id`, `type`, `description`) VALUES(3, 'pif', NULL);
INSERT INTO `doc_filetype` (`id`, `type`, `description`) VALUES(4, 'bat', NULL);
INSERT INTO `doc_filetype` (`id`, `type`, `description`) VALUES(5, 'scr', NULL);

--
-- Daten für Tabelle `doc_usergroup_config`
--

INSERT INTO `doc_usergroup_config` (`id`, `usergroup`, `upload_quota`, `upload_unit`, `quota`, `quota_unit`, `upload_forbidden`, `area_close`, `area_close_text`, `is_group_config`) VALUES(1, 'default', '5242880', 'MB', '52428800', 'MB', 0, 0, NULL, 1);

--
-- Daten für Tabelle `widget_default`
--

INSERT INTO `widget_default` (`pluginid`, `col`, `position`, `perm`) VALUES(5, 0, 0, 'user');
INSERT INTO `widget_default` (`pluginid`, `col`, `position`, `perm`) VALUES(5, 0, 0, 'autor');
INSERT INTO `widget_default` (`pluginid`, `col`, `position`, `perm`) VALUES(5, 0, 0, 'tutor');
INSERT INTO `widget_default` (`pluginid`, `col`, `position`, `perm`) VALUES(5, 0, 0, 'dozent');
INSERT INTO `widget_default` (`pluginid`, `col`, `position`, `perm`) VALUES(5, 0, 0, 'admin');
INSERT INTO `widget_default` (`pluginid`, `col`, `position`, `perm`) VALUES(5, 0, 0, 'root');
INSERT INTO `widget_default` (`pluginid`, `col`, `position`, `perm`) VALUES(4, 0, 1, 'user');
INSERT INTO `widget_default` (`pluginid`, `col`, `position`, `perm`) VALUES(4, 0, 1, 'autor');
INSERT INTO `widget_default` (`pluginid`, `col`, `position`, `perm`) VALUES(4, 0, 1, 'tutor');
INSERT INTO `widget_default` (`pluginid`, `col`, `position`, `perm`) VALUES(4, 0, 1, 'dozent');
INSERT INTO `widget_default` (`pluginid`, `col`, `position`, `perm`) VALUES(4, 0, 1, 'admin');
INSERT INTO `widget_default` (`pluginid`, `col`, `position`, `perm`) VALUES(4, 0, 1, 'root');
INSERT INTO `widget_default` (`pluginid`, `col`, `position`, `perm`) VALUES(7, 0, 2, 'user');
INSERT INTO `widget_default` (`pluginid`, `col`, `position`, `perm`) VALUES(7, 0, 2, 'autor');
INSERT INTO `widget_default` (`pluginid`, `col`, `position`, `perm`) VALUES(7, 0, 2, 'tutor');
INSERT INTO `widget_default` (`pluginid`, `col`, `position`, `perm`) VALUES(7, 0, 2, 'dozent');
INSERT INTO `widget_default` (`pluginid`, `col`, `position`, `perm`) VALUES(7, 0, 2, 'admin');
INSERT INTO `widget_default` (`pluginid`, `col`, `position`, `perm`) VALUES(7, 0, 2, 'root');
INSERT INTO `widget_default` (`pluginid`, `col`, `position`, `perm`) VALUES(3, 0, 3, 'user');
INSERT INTO `widget_default` (`pluginid`, `col`, `position`, `perm`) VALUES(3, 0, 3, 'autor');
INSERT INTO `widget_default` (`pluginid`, `col`, `position`, `perm`) VALUES(3, 0, 3, 'tutor');
INSERT INTO `widget_default` (`pluginid`, `col`, `position`, `perm`) VALUES(3, 0, 3, 'dozent');
INSERT INTO `widget_default` (`pluginid`, `col`, `position`, `perm`) VALUES(3, 0, 3, 'admin');
INSERT INTO `widget_default` (`pluginid`, `col`, `position`, `perm`) VALUES(3, 0, 3, 'root');

--
-- Dumping data for table `help_content`
--

INSERT INTO `help_content` (`global_content_id`, `content_id`, `language`, `content`, `route`, `studip_version`, `position`, `custom`, `visible`, `author_email`, `installation_id`, `mkdate`, `chdate`) VALUES('5a90d1219dbeb07c124156592fb5d877', '5a90d1219dbeb07c124156592fb5d877', 'de', 'In den allgemeinen Einstellungen können verschiedene Anzeigeoptionen und Benachrichtigungsfunktionen ausgewählt und verändert werden.', 'dispatch.php/settings/general', '3.1', 0, 0, 1, '', '', 1406641688, 0);
INSERT INTO `help_content` (`global_content_id`, `content_id`, `language`, `content`, `route`, `studip_version`, `position`, `custom`, `visible`, `author_email`, `installation_id`, `mkdate`, `chdate`) VALUES('a202eb75df0a1da2a309ad7a4abfac59', 'a202eb75df0a1da2a309ad7a4abfac59', 'de', 'In den Privatsphäre-Einstellungen kann die Sichtbarkeit und Auffindbarkeit des eigenen Profils eingestellt werden.', 'dispatch.php/settings/privacy', '3.1', 0, 0, 1, '', '', 1406641688, 0);
INSERT INTO `help_content` (`global_content_id`, `content_id`, `language`, `content`, `route`, `studip_version`, `position`, `custom`, `visible`, `author_email`, `installation_id`, `mkdate`, `chdate`) VALUES('845d1ce67a62d376ec26c8ffbb22d492', '845d1ce67a62d376ec26c8ffbb22d492', 'de', 'Die Einstellungen des Nachrichtensystems bieten die Möglichkeit z.B. eine Weiterleitung der in Stud.IP empfangenen Nachrichten an die E-Mail-Adresse zu veranlassen.', 'dispatch.php/settings/messaging', '3.1', 0, 0, 1, '', '', 1406641688, 0);
INSERT INTO `help_content` (`global_content_id`, `content_id`, `language`, `content`, `route`, `studip_version`, `position`, `custom`, `visible`, `author_email`, `installation_id`, `mkdate`, `chdate`) VALUES('85cbaa1648af330cc4420b57df4be29c', '85cbaa1648af330cc4420b57df4be29c', 'de', 'Die Einstellungen des Terminkalenders bieten die Möglichkeit, diesen an eigene Bedürfnisse anzupassen.', 'dispatch.php/settings/calendar', '3.1', 0, 0, 1, '', '', 1406641688, 0);
INSERT INTO `help_content` (`global_content_id`, `content_id`, `language`, `content`, `route`, `studip_version`, `position`, `custom`, `visible`, `author_email`, `installation_id`, `mkdate`, `chdate`) VALUES('1da144f3c6f52af0566c343151a6a6ff', '1da144f3c6f52af0566c343151a6a6ff', 'de', 'In den Benachrichtigungseinstellungen kann ausgewählt werden, bei welchen Änderungen innerhalb einer Veranstaltung eine Benachrichtigung erfolgen soll.', 'dispatch.php/settings/notification', '3.1', 0, 0, 1, '', '', 1406641688, 0);
INSERT INTO `help_content` (`global_content_id`, `content_id`, `language`, `content`, `route`, `studip_version`, `position`, `custom`, `visible`, `author_email`, `installation_id`, `mkdate`, `chdate`) VALUES('01ad8998268101ad186babf43dac30a4', '01ad8998268101ad186babf43dac30a4', 'de', 'In den Standard-Vertretungseinstellungen können Dozierende eine Standard-Vertretung festlegen, die alle Veranstaltungen des Dozierenden verwalten und ändern kann.', 'dispatch.php/settings/deputies', '3.1', 0, 0, 1, '', '', 1406641688, 0);
INSERT INTO `help_content` (`global_content_id`, `content_id`, `language`, `content`, `route`, `studip_version`, `position`, `custom`, `visible`, `author_email`, `installation_id`, `mkdate`, `chdate`) VALUES('1c61657979ce22a9af023248a617f6b2', '1c61657979ce22a9af023248a617f6b2', 'de', 'Die Startseite wird nach dem Einloggen angezeigt und kann an persönliche Bedürfnisse mit Hilfe von Widgets angepasst werden.', 'dispatch.php/start', '3.1', 0, 0, 1, '', '', 1406641688, 0);
INSERT INTO `help_content` (`global_content_id`, `content_id`, `language`, `content`, `route`, `studip_version`, `position`, `custom`, `visible`, `author_email`, `installation_id`, `mkdate`, `chdate`) VALUES('74c1da86f33f5adfb43e10220bfad238', '74c1da86f33f5adfb43e10220bfad238', 'de', 'Die Veranstaltungsseite zeigt alle abonnierten Veranstaltungen (standardmäßig nur die der letzten beiden Semester), alle abonnierten Studiengruppen sowie alle Einrichtungen, denen man zugeordnet wurde. Die Anzeige lässt sich über Farbgruppierungen, Semesterfilter usw. anpassen.', 'dispatch.php/my_courses', '3.1', 0, 0, 1, '', '', 1406641688, 0);
INSERT INTO `help_content` (`global_content_id`, `content_id`, `language`, `content`, `route`, `studip_version`, `position`, `custom`, `visible`, `author_email`, `installation_id`, `mkdate`, `chdate`) VALUES('437c83a27473ef8139b47198101067fb', '437c83a27473ef8139b47198101067fb', 'de', 'Hier erscheinen archivierte Veranstaltungen, denen der Nutzer zugeordnet ist. Inhalte können nicht mehr verändert, jedoch hinterlegte Dateien als zip-Datei heruntergeladen werden.', 'dispatch.php/my_courses/archive', '3.1', 0, 0, 1, '', '', 1406641688, 0);
INSERT INTO `help_content` (`global_content_id`, `content_id`, `language`, `content`, `route`, `studip_version`, `position`, `custom`, `visible`, `author_email`, `installation_id`, `mkdate`, `chdate`) VALUES('04457f9a66eab07618fe502d470a9711', '04457f9a66eab07618fe502d470a9711', 'de', 'In der Übersicht finden sich veranstaltungsbezogene Kurz- und Detail-Informationen, Ankündigungen, Termine und Umfragen.', 'dispatch.php/course/overview', '3.1', 0, 0, 1, '', '', 1406641688, 0);
INSERT INTO `help_content` (`global_content_id`, `content_id`, `language`, `content`, `route`, `studip_version`, `position`, `custom`, `visible`, `author_email`, `installation_id`, `mkdate`, `chdate`) VALUES('1d1323471cf21637f51284f4e6f2d135', '1d1323471cf21637f51284f4e6f2d135', 'de', 'Detaillierte Informationen über die Veranstaltung werden angezeigt, wie z.B. die Veranstaltungsnummer, Zuordnungen, DozentInnen, TutorInnen etc. In den Detail-Informationen ist unter Aktionen das Eintragen in eine Veranstaltung möglich.', 'dispatch.php/course/details', '3.1', 0, 0, 1, '', '', 1406641688, 0);
INSERT INTO `help_content` (`global_content_id`, `content_id`, `language`, `content`, `route`, `studip_version`, `position`, `custom`, `visible`, `author_email`, `installation_id`, `mkdate`, `chdate`) VALUES('7f4a1f5e3dfe2a459cf0eb357667d91c', '7f4a1f5e3dfe2a459cf0eb357667d91c', 'de', 'Mit den Verwaltungsfunktionen lassen sich die Eigenschaften der Veranstaltung nachträglich ändern. Unter Aktionen ist die Simulation der Studierendenansicht möglich.', 'dispatch.php/course/management', '3.1', 0, 0, 1, '', '', 1406641688, 0);
INSERT INTO `help_content` (`global_content_id`, `content_id`, `language`, `content`, `route`, `studip_version`, `position`, `custom`, `visible`, `author_email`, `installation_id`, `mkdate`, `chdate`) VALUES('4698cafeb9823735c50fd3a1745950ba', '4698cafeb9823735c50fd3a1745950ba', 'de', 'In den Grunddaten können Titel, Beschreibung, Dozierende etc. geändert werden. Die Bearbeitung kann teilweise gesperrt sein, wenn Daten aus anderen Systemen (z.B. LSF/ UniVZ) übernommen werden.', 'dispatch.php/course/basicdata/view', '3.1', 0, 0, 1, '', '', 1406641688, 0);
INSERT INTO `help_content` (`global_content_id`, `content_id`, `language`, `content`, `route`, `studip_version`, `position`, `custom`, `visible`, `author_email`, `installation_id`, `mkdate`, `chdate`) VALUES('5fab81bbd1e19949f304df08ea21ca1b', '5fab81bbd1e19949f304df08ea21ca1b', 'de', 'Mit der Bild-Hochladen-Funktion lässt sich das Bild der Veranstaltung ändern, was Studierenden bei der Unterscheidung von Veranstaltungen auf der Meine-Veranstaltungen-Seite helfen kann.', 'dispatch.php/course/avatar/update', '3.1', 0, 0, 1, '', '', 1406641688, 0);
INSERT INTO `help_content` (`global_content_id`, `content_id`, `language`, `content`, `route`, `studip_version`, `position`, `custom`, `visible`, `author_email`, `installation_id`, `mkdate`, `chdate`) VALUES('19c2bc232075602bd39efd4b6623d576', '19c2bc232075602bd39efd4b6623d576', 'de', 'Mit der Studienbereiche-Funktion kann die Veranstaltung einem Studienbereich zugeordnet werden. Die Bearbeitung kann gesperrt sein, wenn Daten aus anderen Systemen (z.B. LSF/ UniVZ) übernommen werden.', 'dispatch.php/course/study_areas/show', '3.1', 0, 0, 1, '', '', 1406641688, 0);
INSERT INTO `help_content` (`global_content_id`, `content_id`, `language`, `content`, `route`, `studip_version`, `position`, `custom`, `visible`, `author_email`, `installation_id`, `mkdate`, `chdate`) VALUES('70274c459a69e34bbf520e690a8e472b', '70274c459a69e34bbf520e690a8e472b', 'de', 'Mit der Zeiten/Räume-Funktion können die Semester-, Termin- und Raumangaben der Veranstaltung geändert werden. Die Bearbeitung kann gesperrt sein, wenn Daten aus anderen Systemen (z.B. LSF/ UniVZ) übernommen werden.', 'raumzeit.php', '3.1', 0, 0, 1, '', '', 1406641688, 0);
INSERT INTO `help_content` (`global_content_id`, `content_id`, `language`, `content`, `route`, `studip_version`, `position`, `custom`, `visible`, `author_email`, `installation_id`, `mkdate`, `chdate`) VALUES('19d47b782ac5c8b8b21bd1f94858a0fa', '19d47b782ac5c8b8b21bd1f94858a0fa', 'de', 'Mit Zugangsberechtigungen (Anmeldeverfahren) lässt sich z.B. durch Passwörter, Zeitsteuerung und TeilnehmerInnenbeschränkung der Zugang zu einer Veranstaltung regulieren.', 'dispatch.php/course/admission', '3.1', 0, 0, 1, '', '', 1406641688, 0);
INSERT INTO `help_content` (`global_content_id`, `content_id`, `language`, `content`, `route`, `studip_version`, `position`, `custom`, `visible`, `author_email`, `installation_id`, `mkdate`, `chdate`) VALUES('e939ac70210674f49a36ac428167a9b8', 'e939ac70210674f49a36ac428167a9b8', 'de', 'Mit der Umfragen-und-Tests-Funktion lassen sich (zeitgesteuerte) Umfragen oder einzelne Multiple-/Single-Choice-Fragen für Veranstaltungen, Studiengruppen oder das Profil erstellen.', 'admin_vote.php', '3.1', 0, 0, 1, '', '', 1406641688, 0);
INSERT INTO `help_content` (`global_content_id`, `content_id`, `language`, `content`, `route`, `studip_version`, `position`, `custom`, `visible`, `author_email`, `installation_id`, `mkdate`, `chdate`) VALUES('2689cecba24e021f05fcece5e4c96057', '2689cecba24e021f05fcece5e4c96057', 'de', 'Mit der Evaluationen-Funktion lassen sich Befragungen mit Multiple-Choice, Likert- und Freitextfragen für Veranstaltungen, Studiengruppen, das eigene Profil oder Einrichtungen erstellen. Dabei können auch öffentliche Vorlagen anderer Personen verwendet werden. Es werden alle zukünftigen, laufenden und beendeten Evaluationen angezeigt.', 'admin_evaluation.php', '3.1', 0, 0, 1, '', '', 1406641688, 0);
INSERT INTO `help_content` (`global_content_id`, `content_id`, `language`, `content`, `route`, `studip_version`, `position`, `custom`, `visible`, `author_email`, `installation_id`, `mkdate`, `chdate`) VALUES('194874212676ced8d45e1883da1ad456', '194874212676ced8d45e1883da1ad456', 'de', 'Das Forum ist eine textbasierte, zeit- und ortsunabhängige Möglichkeit zum Austausch von Fragen, Meinungen und Erfahrungen. Beiträge können abonniert, exportiert, als Favoriten gekennzeichnet und editiert werden. Über die Navigation links können unterschieldiche Ansichten (z.B. Neue Beiträge seit letztem LogIn) gewählt werden.', 'plugins.php/coreforum', '3.1', 0, 0, 1, '', '', 1406641688, 0);
INSERT INTO `help_content` (`global_content_id`, `content_id`, `language`, `content`, `route`, `studip_version`, `position`, `custom`, `visible`, `author_email`, `installation_id`, `mkdate`, `chdate`) VALUES('a20036992a06e97a984832626121d99a', 'a20036992a06e97a984832626121d99a', 'de', 'Die TeilnehmerInnenliste zeigt eine Liste der Teilnehmenden dieser Veranstaltung. Weitere Teilnehmende können von Dozierenden hinzugefügt, entfernt, herabgestuft, heraufgestuft oder selbstdefinierten Gruppen zugeordnet werden.', 'dispatch.php/course/members', '3.1', 0, 0, 1, '', '', 1406641688, 0);
INSERT INTO `help_content` (`global_content_id`, `content_id`, `language`, `content`, `route`, `studip_version`, `position`, `custom`, `visible`, `author_email`, `installation_id`, `mkdate`, `chdate`) VALUES('d79ca3bc4a8251862339b1c934504a54', 'd79ca3bc4a8251862339b1c934504a54', 'de', 'Hier werden die selbstdefinierten Gruppen angezeigt. An diese können Nachrichten versendet werden. Ein Klick auf die orangenen Pfeile vor dem Gruppenname ordnet Sie der Gruppe zu.', 'statusgruppen.php', '3.1', 0, 0, 1, '', '', 1406641688, 0);
INSERT INTO `help_content` (`global_content_id`, `content_id`, `language`, `content`, `route`, `studip_version`, `position`, `custom`, `visible`, `author_email`, `installation_id`, `mkdate`, `chdate`) VALUES('e22701c71b4425fb5a95adf725866097', 'e22701c71b4425fb5a95adf725866097', 'de', 'Hier können Gruppen erstellt und verwaltet werden. Wenn der Selbsteintrag aktiviert ist, können sich TeilnehmerInnen selbst ein- und austragen.', 'admin_statusgruppe.php', '3.1', 0, 0, 1, '', '', 1406641688, 0);
INSERT INTO `help_content` (`global_content_id`, `content_id`, `language`, `content`, `route`, `studip_version`, `position`, `custom`, `visible`, `author_email`, `installation_id`, `mkdate`, `chdate`) VALUES('aa77d5ee6e0f9a9e6f4a1bbabeaf4a7e', 'aa77d5ee6e0f9a9e6f4a1bbabeaf4a7e', 'de', 'Die Anwesenheitsliste zeigt alle Sitzungstermine (Sitzung, Vorlesung, Übung, Praktikum) des Ablaufplans und ermöglicht das Eintragen von Studierenden durch die Dozierenden in Stud.IP sowie einen Export der Liste zur Übersicht oder als Grundlage handschriftlicher Eintragungen.', 'participantsattendanceplugin/show', '3.1', 0, 0, 1, '', '', 1406641688, 0);
INSERT INTO `help_content` (`global_content_id`, `content_id`, `language`, `content`, `route`, `studip_version`, `position`, `custom`, `visible`, `author_email`, `installation_id`, `mkdate`, `chdate`) VALUES('ac7326260fd5ca4fa83c1154f2ffc7b9', 'ac7326260fd5ca4fa83c1154f2ffc7b9', 'de', 'Die Dateiverwaltung bietet die Möglichkeit zum Hochladen, Verlinken, Verwalten und Herunterladen von Dateien. ', 'folder.php', '3.1', 0, 0, 1, '', '', 1406641688, 0);
INSERT INTO `help_content` (`global_content_id`, `content_id`, `language`, `content`, `route`, `studip_version`, `position`, `custom`, `visible`, `author_email`, `installation_id`, `mkdate`, `chdate`) VALUES('29c3bfa01ddbaaa998094d3ee975a06a', '29c3bfa01ddbaaa998094d3ee975a06a', 'de', 'Der Ablaufplan zeigt Termine, Themen und Räume der Veranstaltung an. Einzelne Termine können bearbeitet werden, z.B. können Themen zu Terminen hinzugefügt werden.', 'dispatch.php/course/dates', '3.1', 0, 0, 1, '', '', 1406641688, 0);
INSERT INTO `help_content` (`global_content_id`, `content_id`, `language`, `content`, `route`, `studip_version`, `position`, `custom`, `visible`, `author_email`, `installation_id`, `mkdate`, `chdate`) VALUES('c4dee277f741cfa7d5a65fa0c6bead4c', 'c4dee277f741cfa7d5a65fa0c6bead4c', 'de', 'Hier können Termine mit Themen versehen werden oder bereits eingegebene Themen übernommen und bearbeitet werden.', 'dispatch.php/course/topics', '3.1', 0, 0, 1, '', '', 1406641688, 0);
INSERT INTO `help_content` (`global_content_id`, `content_id`, `language`, `content`, `route`, `studip_version`, `position`, `custom`, `visible`, `author_email`, `installation_id`, `mkdate`, `chdate`) VALUES('c01725d6a3da568e1b07aee4e68a7e1f', 'c01725d6a3da568e1b07aee4e68a7e1f', 'de', 'Diese Seite ermöglicht das Hinterlegen von freien Informationen, Links etc.', 'dispatch.php/course/scm', '3.1', 0, 0, 1, '', '', 1406641688, 0);
INSERT INTO `help_content` (`global_content_id`, `content_id`, `language`, `content`, `route`, `studip_version`, `position`, `custom`, `visible`, `author_email`, `installation_id`, `mkdate`, `chdate`) VALUES('be204bdd0fce91702f51597bf8428fba', 'be204bdd0fce91702f51597bf8428fba', 'de', 'Das Wiki ermöglicht ein gemeinsames, asynchrones Erstellen und Bearbeiten von Texten. Texte lassen sich formatieren und miteinander verknüpfen, so dass ein verzweigtes Nachschlagewerk entsteht. ', 'wiki.php', '3.1', 0, 0, 1, '', '', 1406641688, 0);
INSERT INTO `help_content` (`global_content_id`, `content_id`, `language`, `content`, `route`, `studip_version`, `position`, `custom`, `visible`, `author_email`, `installation_id`, `mkdate`, `chdate`) VALUES('707b0db0e45fc3bab04be7eff38c1d32', '707b0db0e45fc3bab04be7eff38c1d32', 'de', 'Die Literaturseite bietet Lehrenden die Möglichkeit, Literaturlisten zu erstellen oder aus Literaturverwaltungsprogrammen zu importieren. Diese Listen können in Lehrveranstaltungen kopiert und sichtbar geschaltet werden. Je nach Anbindung kann im tatsächlichen Buchbestand der Hochschule recherchiert werden. ', 'dispatch.php/course/literature', '3.1', 0, 0, 1, '', '', 1406641688, 0);
INSERT INTO `help_content` (`global_content_id`, `content_id`, `language`, `content`, `route`, `studip_version`, `position`, `custom`, `visible`, `author_email`, `installation_id`, `mkdate`, `chdate`) VALUES('8dd3b80d9f95218d67edc3cb570559ff', '8dd3b80d9f95218d67edc3cb570559ff', 'de', 'Hier lassen sich Literaturlisten bearbeiten und in der Veranstaltung sichtbar schalten (mit Klick auf das "Auge").', 'dispatch.php/literature/edit_list', '3.1', 0, 0, 1, '', '', 1406641688, 0);
INSERT INTO `help_content` (`global_content_id`, `content_id`, `language`, `content`, `route`, `studip_version`, `position`, `custom`, `visible`, `author_email`, `installation_id`, `mkdate`, `chdate`) VALUES('e29098d188ae25c298d78978de50bf09', 'e29098d188ae25c298d78978de50bf09', 'de', 'Hier kann in Katalogen nach Literatur gesucht und diese zur Merkliste hinzugefügt werden.', 'dispatch.php/literature/search', '3.1', 0, 0, 1, '', '', 1406641688, 0);
INSERT INTO `help_content` (`global_content_id`, `content_id`, `language`, `content`, `route`, `studip_version`, `position`, `custom`, `visible`, `author_email`, `installation_id`, `mkdate`, `chdate`) VALUES('a1ea37130799a59f7774473f1a681141', 'a1ea37130799a59f7774473f1a681141', 'de', 'Die Lernmodulschnittstelle ermöglicht es, Selbstlerneinheiten oder Tests aus externen Programmen wie ILIAS und LON-CAPA in Stud.IP zur Verfügung zu stellen.', 'dispatch.php/course/elearning/show', '3.1', 0, 0, 1, '', '', 1406641688, 0);
INSERT INTO `help_content` (`global_content_id`, `content_id`, `language`, `content`, `route`, `studip_version`, `position`, `custom`, `visible`, `author_email`, `installation_id`, `mkdate`, `chdate`) VALUES('595c46d86f681f7da4bd2fae780db618', '595c46d86f681f7da4bd2fae780db618', 'de', 'Wählen Sie das gewünschte System und anschließend das Lernmodul/ den Test aus. Schreibrechte bestimmen, wer zukünftig das Lernmodul bearbeiten darf. In der Sidebar befindet sich die Option "Zuordnungen aktualisieren", um geänderte Inhalte z.B. im ILIAS Kurs zu Stud.IP zu übertragen.', 'dispatch.php/course/elearning/edit', '3.1', 0, 0, 1, '', '', 1406641688, 0);
INSERT INTO `help_content` (`global_content_id`, `content_id`, `language`, `content`, `route`, `studip_version`, `position`, `custom`, `visible`, `author_email`, `installation_id`, `mkdate`, `chdate`) VALUES('6529fd70b461fa4a9242e874fbf2a5d3', '6529fd70b461fa4a9242e874fbf2a5d3', 'de', 'In DoIT! haben Lehrende die Möglichkeit, verschiedene Arten von Aufgaben zu stellen, inklusive Hochladen von Dateien, Multiple-Choice-Fragen und Peer Reviewing. Die Aufgabenbearbeitung kann zeitlich befristet werden und wahlweise in Gruppen erfolgen.', 'plugins.php/reloadedplugin/show', '3.1', 0, 0, 1, '', '', 1406641688, 0);
INSERT INTO `help_content` (`global_content_id`, `content_id`, `language`, `content`, `route`, `studip_version`, `position`, `custom`, `visible`, `author_email`, `installation_id`, `mkdate`, `chdate`) VALUES('95ff3a2a68dae73bcb14a4a538a8e4b5', '95ff3a2a68dae73bcb14a4a538a8e4b5', 'de', 'Blubbern ist eine Mischform aus Forum und Chat, bei dem Beiträge der Teilnehmenden in Echtzeit angezeigt werden. Andere können über einen Beitrag informiert werden, indem sie per @benutzername oder @"Vorname Nachname" im Beitrag erwähnt werden.', 'plugins.php/blubber/streams/forum', '3.1', 0, 0, 1, '', '', 1406641688, 0);
INSERT INTO `help_content` (`global_content_id`, `content_id`, `language`, `content`, `route`, `studip_version`, `position`, `custom`, `visible`, `author_email`, `installation_id`, `mkdate`, `chdate`) VALUES('633dab120ce3969c42f33aeb3a59fcc1', '633dab120ce3969c42f33aeb3a59fcc1', 'de', 'Der Gruppenkalender bietet eine Übersicht über Veranstaltungstermine und personalisierte Zusatztermine für diese Veranstaltung. ', 'plugins.php/gruppenkalenderplugin/show', '3.1', 0, 0, 1, '', '', 1406641688, 0);
INSERT INTO `help_content` (`global_content_id`, `content_id`, `language`, `content`, `route`, `studip_version`, `position`, `custom`, `visible`, `author_email`, `installation_id`, `mkdate`, `chdate`) VALUES('1058f03da5b6fc6a5ff3a08c9c1fa5f7', '1058f03da5b6fc6a5ff3a08c9c1fa5f7', 'de', 'Hier können der Veranstaltung weitere Funktionen hinzugefügt werden.', 'dispatch.php/course/plus', '3.1', 0, 0, 1, '', '', 1406641688, 0);
INSERT INTO `help_content` (`global_content_id`, `content_id`, `language`, `content`, `route`, `studip_version`, `position`, `custom`, `visible`, `author_email`, `installation_id`, `mkdate`, `chdate`) VALUES('8a1d7d04c70d93be44e8fe6a8e8c3443', '8a1d7d04c70d93be44e8fe6a8e8c3443', 'de', 'Das Lerntagebuch unterstützt den selbstgesteuerten Lernprozess der Studierenden und wird von ihnen selbstständig geführt. Anfragen zu Arbeitsschritten an die Dozierenden sind möglich, bestimmte Daten können individualisiert freigegeben werden.', 'plugins.php/lerntagebuchplugin/overview', '3.1', 0, 0, 1, '', '', 1406641688, 0);
INSERT INTO `help_content` (`global_content_id`, `content_id`, `language`, `content`, `route`, `studip_version`, `position`, `custom`, `visible`, `author_email`, `installation_id`, `mkdate`, `chdate`) VALUES('72cec29d985f3e6d7df2b5fabb7fe666', '72cec29d985f3e6d7df2b5fabb7fe666', 'de', 'Konfiguation des Lerntagebuchs für Studierende und Anlegen eines Lerntagebuchs für die Dozierenden.', 'plugins.php/lerntagebuchplugin/admin_settings', '3.1', 0, 0, 1, '', '', 1406641688, 0);
INSERT INTO `help_content` (`global_content_id`, `content_id`, `language`, `content`, `route`, `studip_version`, `position`, `custom`, `visible`, `author_email`, `installation_id`, `mkdate`, `chdate`) VALUES('2fcc672d91f2627ab5ca48499e8b1617', '2fcc672d91f2627ab5ca48499e8b1617', 'de', 'Möglichkeit zur Bereitstellung von Vorlesungsaufzeichnungen und Podcasts für Studierende der Veranstaltung (durch Verlinkung auf die Dateien auf dem Medienserver). ', 'plugins.php/mediacastsplugin/show', '3.1', 0, 0, 1, '', '', 1406641688, 0);
INSERT INTO `help_content` (`global_content_id`, `content_id`, `language`, `content`, `route`, `studip_version`, `position`, `custom`, `visible`, `author_email`, `installation_id`, `mkdate`, `chdate`) VALUES('bd0770f9eef5c10fc211114ac35fbe9b', 'bd0770f9eef5c10fc211114ac35fbe9b', 'de', 'Diese Seite zeigt die Studiengruppen an, denen die/der NutzerIn zugeordnet ist. Studiengruppen sind eine einfache Möglichkeit, mit Mitstudierenden, KollegInnen und anderen zusammenzuarbeiten. Jede/r NutzerIn kann Studiengruppen anlegen oder nach ihnen suchen. Die Farbgruppierung kann individuell angepasst werden.', 'dispatch.php/my_studygroups', '3.1', 0, 0, 1, '', '', 1406641688, 0);
INSERT INTO `help_content` (`global_content_id`, `content_id`, `language`, `content`, `route`, `studip_version`, `position`, `custom`, `visible`, `author_email`, `installation_id`, `mkdate`, `chdate`) VALUES('82a17a5f19d211268b1fa90a1ebe0894', '82a17a5f19d211268b1fa90a1ebe0894', 'de', 'Hier kann eine neue Studiengruppe angelegt werden. Jede/r Stud.IP-NutzerIn kann Studiengruppen anlegen und nach eigenen Bedürfnissen konfigurieren.', 'dispatch.php/course/studygroup/new', '3.1', 0, 0, 1, '', '', 1406641688, 0);
INSERT INTO `help_content` (`global_content_id`, `content_id`, `language`, `content`, `route`, `studip_version`, `position`, `custom`, `visible`, `author_email`, `installation_id`, `mkdate`, `chdate`) VALUES('e03cec310c0a884aee80c2d1eea3a53e', 'e03cec310c0a884aee80c2d1eea3a53e', 'de', 'Diese Seite zeigt alle Studiengruppen an, die in Stud.IP existieren. Studiengruppen sind eine einfache Möglichkeit, mit Mitstudierenden, KollegInnen und anderen zusammenzuarbeiten. Jede/r NutzerIn kann Studiengruppen anlegen oder nach ihnen suchen.', 'dispatch.php/studygroup/browse', '3.1', 0, 0, 1, '', '', 1406641688, 0);
INSERT INTO `help_content` (`global_content_id`, `content_id`, `language`, `content`, `route`, `studip_version`, `position`, `custom`, `visible`, `author_email`, `installation_id`, `mkdate`, `chdate`) VALUES('f92b5422246f585f051de1a81602dd56', 'f92b5422246f585f051de1a81602dd56', 'de', 'Hier können Name, Funktionen und Zugangsbeschränkung der Studiengruppe bearbeitet werden.', 'dispatch.php/course/studygroup/edit', '3.1', 0, 0, 1, '', '', 1406641688, 0);
INSERT INTO `help_content` (`global_content_id`, `content_id`, `language`, `content`, `route`, `studip_version`, `position`, `custom`, `visible`, `author_email`, `installation_id`, `mkdate`, `chdate`) VALUES('1dca5b0b83f7bca92ec4add50d34b8c5', '1dca5b0b83f7bca92ec4add50d34b8c5', 'de', 'Hier können der Studiengruppe Mitglieder hinzugefügt und Nachrichten an diese versendet werden.', 'dispatch.php/course/studygroup/members', '3.1', 0, 0, 1, '', '', 1406641688, 0);
INSERT INTO `help_content` (`global_content_id`, `content_id`, `language`, `content`, `route`, `studip_version`, `position`, `custom`, `visible`, `author_email`, `installation_id`, `mkdate`, `chdate`) VALUES('1f6e2f98affbffb1d12904355e9313e5', '1f6e2f98affbffb1d12904355e9313e5', 'de', 'Diese Seite zeigt die Einrichtungen an, denen die/der NutzerIn zugeordnet ist.', 'dispatch.php/my_institutes', '3.1', 0, 0, 1, '', '', 1406641688, 0);
INSERT INTO `help_content` (`global_content_id`, `content_id`, `language`, `content`, `route`, `studip_version`, `position`, `custom`, `visible`, `author_email`, `installation_id`, `mkdate`, `chdate`) VALUES('bf9eb8f2c3842865009342b89fd35476', 'bf9eb8f2c3842865009342b89fd35476', 'de', 'Die Nachrichtenseite bietet einen Überblick über erhaltene, systeminterne Nachrichten, welche mit selbstgewählten Schlüsselwörtern (sog. Tags) versehen werden können, um sie später leichter wieder auffinden zu können.', 'dispatch.php/messages/overview', '3.1', 0, 0, 1, '', '', 1406641688, 0);
INSERT INTO `help_content` (`global_content_id`, `content_id`, `language`, `content`, `route`, `studip_version`, `position`, `custom`, `visible`, `author_email`, `installation_id`, `mkdate`, `chdate`) VALUES('6acc653cfabd3a0d4433ff0ab417bf6a', '6acc653cfabd3a0d4433ff0ab417bf6a', 'de', 'Übersicht über gesendete, systeminterne Nachrichten, welche mit selbstgewählten Schlüsselwörtern (sog. Tags) versehen werden können, um sie später leichter wieder auffinden zu können. ', 'dispatch.php/messages/sent', '3.1', 0, 0, 1, '', '', 1406641688, 0);
INSERT INTO `help_content` (`global_content_id`, `content_id`, `language`, `content`, `route`, `studip_version`, `position`, `custom`, `visible`, `author_email`, `installation_id`, `mkdate`, `chdate`) VALUES('690e6eff3e83a5f372ec99fc49cafeb2', '690e6eff3e83a5f372ec99fc49cafeb2', 'de', 'Blubbern ist das Stud.IP Echtzeitforum, eine Mischform aus Forum und Chat. Andere können über einen Beitrag informiert werden, indem sie per @benutzername oder @"Vorname Nachname" im Beitrag erwähnt werden. Texte lassen sich formatieren und durch Smileys ergänzen.', 'plugins.php/blubber/streams/global', '3.1', 0, 0, 1, '', '', 1406641688, 0);
INSERT INTO `help_content` (`global_content_id`, `content_id`, `language`, `content`, `route`, `studip_version`, `position`, `custom`, `visible`, `author_email`, `installation_id`, `mkdate`, `chdate`) VALUES('cd69b74cd46172785bf2147fb0582e3c', 'cd69b74cd46172785bf2147fb0582e3c', 'de', 'Hier kann ein benutzerdefinierter Blubber-Stream erstellt werden. Er besteht immer aus einer Sammlung von Beiträgen aus ausgewählten Veranstaltungen, Kontaktgruppen und Schlagwörten, die auf Basis einer Filterung noch weiter eingeschränkt werden können. Der neue benutzerdefinierte Stream findet sich nach dem Klick auf den Speichern-Button in der Navigation unter Globaler Stream.', 'plugins.php/blubber/streams/edit', '3.1', 0, 0, 1, '', '', 1406641688, 0);
INSERT INTO `help_content` (`global_content_id`, `content_id`, `language`, `content`, `route`, `studip_version`, `position`, `custom`, `visible`, `author_email`, `installation_id`, `mkdate`, `chdate`) VALUES('394a45f94e1d84d3744027a5a69d9e3e', '394a45f94e1d84d3744027a5a69d9e3e', 'de', 'Auf dieser Seite lässt sich einsehen, welche Kontakte gerade online sind. Diesen Personen kann eine Nachricht geschickt werden. Das Klicken auf den Namen einer Person leitet zu deren Profil weiter.', 'dispatch.php/online', '3.1', 0, 0, 1, '', '', 1406641688, 0);
INSERT INTO `help_content` (`global_content_id`, `content_id`, `language`, `content`, `route`, `studip_version`, `position`, `custom`, `visible`, `author_email`, `installation_id`, `mkdate`, `chdate`) VALUES('245ce01d7a0175ab0b977ae822821e9e', '245ce01d7a0175ab0b977ae822821e9e', 'de', 'Diese Seite bietet die Möglichkeit Stud.IP-Nutzende in das eigene Adressbuch einzutragen und alle bereits im Adressbuch befindlichen Kontakte aufzulisten.', 'contact.php', '3.1', 0, 0, 1, '', '', 1406641688, 0);
INSERT INTO `help_content` (`global_content_id`, `content_id`, `language`, `content`, `route`, `studip_version`, `position`, `custom`, `visible`, `author_email`, `installation_id`, `mkdate`, `chdate`) VALUES('752d441cd321b05c55c8a5d9aa48ddce', '752d441cd321b05c55c8a5d9aa48ddce', 'de', 'Auf dieser Seite können Kontakte aus dem Adressbuch in selbstdefinierte Gruppen sortiert werden.', 'contact_statusgruppen.php', '3.1', 0, 0, 1, '', '', 1406641688, 0);
INSERT INTO `help_content` (`global_content_id`, `content_id`, `language`, `content`, `route`, `studip_version`, `position`, `custom`, `visible`, `author_email`, `installation_id`, `mkdate`, `chdate`) VALUES('94a193baa212abbc9004280a1498e724', '94a193baa212abbc9004280a1498e724', 'de', 'Hier können Kontaktgruppen oder das gesamte Adressbuch exportiert werden, um sie in einem externen Programm importieren zu können.', 'contact_export.php', '3.1', 0, 0, 1, '', '', 1406641688, 0);
INSERT INTO `help_content` (`global_content_id`, `content_id`, `language`, `content`, `route`, `studip_version`, `position`, `custom`, `visible`, `author_email`, `installation_id`, `mkdate`, `chdate`) VALUES('7ebdd278d06f9fc1d2659a54bb3171c1', '7ebdd278d06f9fc1d2659a54bb3171c1', 'de', 'Die Rangliste sortiert die Stud.IP-Nutzenden absteigend anhand ihrer Punktzahl. Die Punktzahl wächst mit den Aktivitäten in Stud.IP und repräsentiert so die Erfahrung der Nutzenden mit dem System. Indem das Kästchen links mit einem Haken versehen wird, wird der eigene Wert für andere NutzerInnen in der Rangliste sichtbar gemacht. In der Grundeinstellung ist der eigene Wert nicht öffentlich sichtbar.', 'dispatch.php/score', '3.1', 0, 0, 1, '', '', 1406641688, 0);
INSERT INTO `help_content` (`global_content_id`, `content_id`, `language`, `content`, `route`, `studip_version`, `position`, `custom`, `visible`, `author_email`, `installation_id`, `mkdate`, `chdate`) VALUES('82537b14dd3714ec9636124ed5af3272', '82537b14dd3714ec9636124ed5af3272', 'de', 'Die Profilseite ermöglicht die Änderung der eigenen Nutzerdaten inkl. Profilbild und Kategorien. Ähnlich wie in Facebook können Kommentare hinterlassen werden. Das Profil von Lehrenden enthält Sprechstunden und Raumangaben. Daneben bietet die Seite die Verwaltung eigener Dateien.', 'dispatch.php/profile', '3.1', 0, 0, 1, '', '', 1406641688, 0);
INSERT INTO `help_content` (`global_content_id`, `content_id`, `language`, `content`, `route`, `studip_version`, `position`, `custom`, `visible`, `author_email`, `installation_id`, `mkdate`, `chdate`) VALUES('ebb5bc1d831d460c06e3c6662236c159', 'ebb5bc1d831d460c06e3c6662236c159', 'de', 'Hier kann ein Profilbild hochgeladen werden.', 'dispatch.php/settings/avatar', '3.1', 0, 0, 1, '', '', 1406641688, 0);
INSERT INTO `help_content` (`global_content_id`, `content_id`, `language`, `content`, `route`, `studip_version`, `position`, `custom`, `visible`, `author_email`, `installation_id`, `mkdate`, `chdate`) VALUES('25255dc15fd0d6260bc1abd1f10aecc5', '25255dc15fd0d6260bc1abd1f10aecc5', 'de', 'Individuelle Nutzerdaten, wie bspw. E-Mail-Adresse, können auf dieser Seite verändert und angepasst werden. ', 'dispatch.php/settings/account', '3.1', 0, 0, 1, '', '', 1406641688, 0);
INSERT INTO `help_content` (`global_content_id`, `content_id`, `language`, `content`, `route`, `studip_version`, `position`, `custom`, `visible`, `author_email`, `installation_id`, `mkdate`, `chdate`) VALUES('d704267767d4c559aa9e552be60c49b5', 'd704267767d4c559aa9e552be60c49b5', 'de', 'Hier kann das Passwort für den Stud.IP-Account geändert werden.', 'dispatch.php/settings/password', '3.1', 0, 0, 1, '', '', 1406641688, 0);
INSERT INTO `help_content` (`global_content_id`, `content_id`, `language`, `content`, `route`, `studip_version`, `position`, `custom`, `visible`, `author_email`, `installation_id`, `mkdate`, `chdate`) VALUES('cbd9b2b22fc00bc92df3589018644b70', 'cbd9b2b22fc00bc92df3589018644b70', 'de', 'Hier können vordefinierte Informationen über die eigene Person eingegeben werden, die auf der Profilseite erscheinen sollen. ', 'dispatch.php/settings/details', '3.1', 0, 0, 1, '', '', 1406641688, 0);
INSERT INTO `help_content` (`global_content_id`, `content_id`, `language`, `content`, `route`, `studip_version`, `position`, `custom`, `visible`, `author_email`, `installation_id`, `mkdate`, `chdate`) VALUES('4e60dd9635f3d3fddecc78e0d1f646c7', '4e60dd9635f3d3fddecc78e0d1f646c7', 'de', 'Unter "Studiendaten" können manuell zusätzliche Studiengänge und Einrichtungen hinzugefügt werden, wenn sie nicht automatisch aus einem externen System (z.B. LSF/ UniVZ) übernommen wurden.', 'dispatch.php/settings/studies', '3.1', 0, 0, 1, '', '', 1406641688, 0);
INSERT INTO `help_content` (`global_content_id`, `content_id`, `language`, `content`, `route`, `studip_version`, `position`, `custom`, `visible`, `author_email`, `installation_id`, `mkdate`, `chdate`) VALUES('462f1447b1a8a93ab7bdb2524f968b1a', '462f1447b1a8a93ab7bdb2524f968b1a', 'de', 'Hier kann die Zugehörigkeit zu Nutzerdomänen eingesehen, aber nicht geändert werden.', 'dispatch.php/settings/userdomains', '3.1', 0, 0, 1, '', '', 1406641688, 0);
INSERT INTO `help_content` (`global_content_id`, `content_id`, `language`, `content`, `route`, `studip_version`, `position`, `custom`, `visible`, `author_email`, `installation_id`, `mkdate`, `chdate`) VALUES('233564d01b8301ebec7ef2fe918d1290', '233564d01b8301ebec7ef2fe918d1290', 'de', 'Ansicht über die der/ dem Stud.IP-NutzerIn zugeordneten Einrichtungen.', 'dispatch.php/settings/statusgruppen', '3.1', 0, 0, 1, '', '', 1406641688, 0);
INSERT INTO `help_content` (`global_content_id`, `content_id`, `language`, `content`, `route`, `studip_version`, `position`, `custom`, `visible`, `author_email`, `installation_id`, `mkdate`, `chdate`) VALUES('e315a4c547be7f17d427b227f0f9d982', 'e315a4c547be7f17d427b227f0f9d982', 'de', 'Auf dieser Seite können selbstdefinierte Informationen über die eigene Person eingegeben werden, die auf der Profilseite erscheinen sollen. ', 'dispatch.php/settings/categories', '3.1', 0, 0, 1, '', '', 1406641688, 0);
INSERT INTO `help_content` (`global_content_id`, `content_id`, `language`, `content`, `route`, `studip_version`, `position`, `custom`, `visible`, `author_email`, `installation_id`, `mkdate`, `chdate`) VALUES('ac5df1de9c75fc92af7718b2103d3037', 'ac5df1de9c75fc92af7718b2103d3037', 'de', 'Blubbern ist eine Mischform aus Forum und Chat. Nachrichten werden im öffentlichen Stream dargestellt. Andere Nutzer können über einen Beitrag informiert werden, indem sie per @benutzername oder @"Vorname Nachname" im Beitrag erwähnt werden.', 'plugins.php/blubber/streams/profile', '3.1', 0, 0, 1, '', '', 1406641688, 0);
INSERT INTO `help_content` (`global_content_id`, `content_id`, `language`, `content`, `route`, `studip_version`, `position`, `custom`, `visible`, `author_email`, `installation_id`, `mkdate`, `chdate`) VALUES('4151003175042b71bea3529e5adc5a9e', '4151003175042b71bea3529e5adc5a9e', 'de', 'Mit der Terminvergabe können Termine für Sprechstunden, Prüfungen usw. angelegt werden, in die sich Studierende selbst eintragen können.', 'plugins.php/homepageterminvergabeplugin/showadmin', '3.1', 0, 0, 1, '', '', 1406641688, 0);
INSERT INTO `help_content` (`global_content_id`, `content_id`, `language`, `content`, `route`, `studip_version`, `position`, `custom`, `visible`, `author_email`, `installation_id`, `mkdate`, `chdate`) VALUES('63c2ecb12f30816aef0fb203eab4f40a', '63c2ecb12f30816aef0fb203eab4f40a', 'de', 'Hier können Termine angelegt und bearbeitet werden.', 'plugins.php/homepageterminvergabeplugin/show_category', '3.1', 0, 0, 1, '', '', 1406641688, 0);
INSERT INTO `help_content` (`global_content_id`, `content_id`, `language`, `content`, `route`, `studip_version`, `position`, `custom`, `visible`, `author_email`, `installation_id`, `mkdate`, `chdate`) VALUES('164f77ab2cb7d38fd1ea20ed725834fd', '164f77ab2cb7d38fd1ea20ed725834fd', 'de', 'Hier findet sich eine Übersicht über die Termine, die von Studierenden gebucht wurden.', 'plugins.php/homepageterminvergabeplugin/show_bookings', '3.1', 0, 0, 1, '', '', 1406641688, 0);
INSERT INTO `help_content` (`global_content_id`, `content_id`, `language`, `content`, `route`, `studip_version`, `position`, `custom`, `visible`, `author_email`, `installation_id`, `mkdate`, `chdate`) VALUES('1289e991a93dce5a0b4edd678514325e', '1289e991a93dce5a0b4edd678514325e', 'de', 'Hier können einzelne Inhaltselemente nachträglich aktiviert oder deaktiviert werden. Aktivierte Inhaltselemente fügen neue Funktionen zu Ihrem Profil oder Ihren Einstellungen hinzu. Diese werden meist als neuer Reiter im Menü erscheinen. Wenn Funktionalitäten nicht benötigt werden, können diese hier deaktiviert werden. Die entsprechenden Menüpunkte werden dann ausgeblendet.', 'dispatch.php/profilemodules', '3.1', 0, 0, 1, '', '', 1406641688, 0);
INSERT INTO `help_content` (`global_content_id`, `content_id`, `language`, `content`, `route`, `studip_version`, `position`, `custom`, `visible`, `author_email`, `installation_id`, `mkdate`, `chdate`) VALUES('b677e8b5f1bd7e8acbe474177449c4e1', 'b677e8b5f1bd7e8acbe474177449c4e1', 'de', 'Die Dateiverwaltung bietet die Möglichkeit zum Hochladen, Verwalten und Herunterladen persönlicher Dateien, die nicht für andere einsehbar sind. ', 'dispatch.php/document/files', '3.1', 0, 0, 1, '', '', 1406641688, 0);
INSERT INTO `help_content` (`global_content_id`, `content_id`, `language`, `content`, `route`, `studip_version`, `position`, `custom`, `visible`, `author_email`, `installation_id`, `mkdate`, `chdate`) VALUES('35b1860b95854a2533b6ecfbbf04ab71', '35b1860b95854a2533b6ecfbbf04ab71', 'de', 'Der Stundenplan besteht aus abonnierten Veranstaltungen, die ein- und ausgeblendet sowie in Darstellungsgröße und -form angepasst werden können.', 'dispatch.php/calendar/schedule', '3.1', 0, 0, 1, '', '', 1406641688, 0);
INSERT INTO `help_content` (`global_content_id`, `content_id`, `language`, `content`, `route`, `studip_version`, `position`, `custom`, `visible`, `author_email`, `installation_id`, `mkdate`, `chdate`) VALUES('db5a995bd12ba8e2ae96adcabeb8c8f7', 'db5a995bd12ba8e2ae96adcabeb8c8f7', 'de', 'Der Terminkalender besteht aus abonnierten Veranstaltungen und eigenen Terminen. Er kann bearbeitet, in der Anzeige verändert und mit externen Programmen (z.B. Outlook) abgeglichen werden. ', 'calendar.php', '3.1', 0, 0, 1, '', '', 1406641688, 0);
INSERT INTO `help_content` (`global_content_id`, `content_id`, `language`, `content`, `route`, `studip_version`, `position`, `custom`, `visible`, `author_email`, `installation_id`, `mkdate`, `chdate`) VALUES('87489a40097e5c26f1d1349c072610de', '87489a40097e5c26f1d1349c072610de', 'de', 'Mit der Veranstaltungssuche können Veranstaltungen, Studiengruppen usw. in verschiedenen Semestern und nach verschiedenen Suchkriterien (siehe "Erweiterte Suche anzeigen"in der Sidebar) gefunden werden. Das aktuelle Semester ist vorgewählt.', 'dispatch.php/search/courses', '3.1', 0, 0, 1, '', '', 1406641688, 0);
INSERT INTO `help_content` (`global_content_id`, `content_id`, `language`, `content`, `route`, `studip_version`, `position`, `custom`, `visible`, `author_email`, `installation_id`, `mkdate`, `chdate`) VALUES('74863847eec53a3d4c8264d8de526be8', '74863847eec53a3d4c8264d8de526be8', 'de', 'Mit der Archivsuche können Veranstaltungen gefunden werden, die bereits archiviert wurden.', 'archiv.php', '3.1', 0, 0, 1, '', '', 1406641688, 0);
INSERT INTO `help_content` (`global_content_id`, `content_id`, `language`, `content`, `route`, `studip_version`, `position`, `custom`, `visible`, `author_email`, `installation_id`, `mkdate`, `chdate`) VALUES('14b77e9e0b7773c92db9e7344a23fcfc', '14b77e9e0b7773c92db9e7344a23fcfc', 'de', 'Mit der Personensuche können NutzerInnen gefunden werden, solange deren Privatsphäre-Einstellung dies nicht verhindert. Die Suche kann auf bestimmte Veranstaltungen oder Einrichtungen begrenzt werden.', 'browse.php', '3.1', 0, 0, 1, '', '', 1406641688, 0);
INSERT INTO `help_content` (`global_content_id`, `content_id`, `language`, `content`, `route`, `studip_version`, `position`, `custom`, `visible`, `author_email`, `installation_id`, `mkdate`, `chdate`) VALUES('4f9d79fe88e81486b8c1f192d70232d5', '4f9d79fe88e81486b8c1f192d70232d5', 'de', 'Mit der Einrichtungssuche können Einrichtungen über ein freies Suchfeld oder den Einrichtungsbaum gefunden werden.', 'institut_browse.php', '3.1', 0, 0, 1, '', '', 1406641688, 0);
INSERT INTO `help_content` (`global_content_id`, `content_id`, `language`, `content`, `route`, `studip_version`, `position`, `custom`, `visible`, `author_email`, `installation_id`, `mkdate`, `chdate`) VALUES('014a2106d384c0ca55d9311597029ca0', '014a2106d384c0ca55d9311597029ca0', 'de', 'Mit der Ressourcensuche können universitäre Ressourcen wie Räume, Gebäude etc. gefunden werden.', 'resources.php', '3.1', 0, 0, 1, '', '', 1406641688, 0);
INSERT INTO `help_content` (`global_content_id`, `content_id`, `language`, `content`, `route`, `studip_version`, `position`, `custom`, `visible`, `author_email`, `installation_id`, `mkdate`, `chdate`) VALUES('60b6caf75d0004dfdb0a1adfd66027ed', '60b6caf75d0004dfdb0a1adfd66027ed', 'de', 'Hier können Dozierende Ankündigungen für ihre Veranstaltungen, Einrichtungen und ihre Profilseite erstellen und anzeigen, wobei die Anzeige gefiltert werden kann.', 'dispatch.php/news/admin_news', '3.1', 0, 0, 1, '', '', 1406641688, 0);
INSERT INTO `help_content` (`global_content_id`, `content_id`, `language`, `content`, `route`, `studip_version`, `position`, `custom`, `visible`, `author_email`, `installation_id`, `mkdate`, `chdate`) VALUES('f3deb7a01205637d71a66e2b90b24cba', 'f3deb7a01205637d71a66e2b90b24cba', 'de', 'Hier können RSS-Feeds, d.h. Nachrichtenströme von externen Internetseiten, auf der Startseite eingebunden werden. Je mehr Feeds eingebunden werden, desto länger dauert das Laden der Startseite.', 'dispatch.php/admin/rss_feeds', '3.1', 0, 0, 1, '', '', 1406641688, 0);
INSERT INTO `help_content` (`global_content_id`, `content_id`, `language`, `content`, `route`, `studip_version`, `position`, `custom`, `visible`, `author_email`, `installation_id`, `mkdate`, `chdate`) VALUES('bc1d6ecab9364cfe2c549d262bfda437', 'bc1d6ecab9364cfe2c549d262bfda437', 'de', 'Die Lernmodulschnittstelle ermöglicht es, Selbstlerneinheiten aus externen Programmen wie ILIAS und LON-CAPA in Stud.IP zur Verfügung zu stellen. Für jedes externe System wird ein eigener Benutzer-Account erstellt oder zugeordnet. Mit den entsprechenden Rechten können eigene Lernmodule erstellt werden.', 'dispatch.php/elearning/my_accounts', '3.1', 0, 0, 1, '', '', 1406641688, 0);
INSERT INTO `help_content` (`global_content_id`, `content_id`, `language`, `content`, `route`, `studip_version`, `position`, `custom`, `visible`, `author_email`, `installation_id`, `mkdate`, `chdate`) VALUES('d1de152db139d8c12552610d2f7999c2', 'd1de152db139d8c12552610d2f7999c2', 'de', 'Mit dem Export können Daten über Veranstaltungen und MitarbeiterInnen in folgende Formate exportiert werden: RTF, TXT, CSV, PDF, HTML und XML.', 'export.php', '3.1', 0, 0, 1, '', '', 1406641688, 0);
INSERT INTO `help_content` (`global_content_id`, `content_id`, `language`, `content`, `route`, `studip_version`, `position`, `custom`, `visible`, `author_email`, `installation_id`, `mkdate`, `chdate`) VALUES('2c55eab1f52d6f7d1021880836906f5b', '2c55eab1f52d6f7d1021880836906f5b', 'de', 'Hier lassen sich Literaturlisten bearbeiten und in der Veranstaltung sichtbar schalten (mit Klick auf das "Auge").', 'dispatch.php/literature/edit_list.php', '3.1', 0, 0, 1, '', '', 1406641688, 0);
INSERT INTO `help_content` (`global_content_id`, `content_id`, `language`, `content`, `route`, `studip_version`, `position`, `custom`, `visible`, `author_email`, `installation_id`, `mkdate`, `chdate`) VALUES('c8e789a0efb73f00f00dacf565524c73', 'c8e789a0efb73f00f00dacf565524c73', 'en', 'Various display options and notification features can be selected and changed in the general settings.', 'dispatch.php/settings/general', '3.1', 0, 0, 1, '', '', 1412942388, 0);
INSERT INTO `help_content` (`global_content_id`, `content_id`, `language`, `content`, `route`, `studip_version`, `position`, `custom`, `visible`, `author_email`, `installation_id`, `mkdate`, `chdate`) VALUES('f5e59c4fc98e1df7fe29b8e9320853e7', 'f5e59c4fc98e1df7fe29b8e9320853e7', 'en', 'The visibility and searchability for the own profile can be set in the privacy settings.', 'dispatch.php/settings/privacy', '3.1', 0, 0, 1, '', '', 1412942388, 0);
INSERT INTO `help_content` (`global_content_id`, `content_id`, `language`, `content`, `route`, `studip_version`, `position`, `custom`, `visible`, `author_email`, `installation_id`, `mkdate`, `chdate`) VALUES('3b7a4c04017fef2984ee029610194f26', '3b7a4c04017fef2984ee029610194f26', 'en', 'The settings of the message system offer the possibility e.g. to arrange for a forwarding of the messages received in Stud.IP to your e-mail address.', 'dispatch.php/settings/messaging', '3.1', 0, 0, 1, '', '', 1412942388, 0);
INSERT INTO `help_content` (`global_content_id`, `content_id`, `language`, `content`, `route`, `studip_version`, `position`, `custom`, `visible`, `author_email`, `installation_id`, `mkdate`, `chdate`) VALUES('260ee12fdc7dccb30eca2cc075ef0096', '260ee12fdc7dccb30eca2cc075ef0096', 'en', 'The settings of the diary offer the possibility to adjust these to own needs .', 'dispatch.php/settings/calendar', '3.1', 0, 0, 1, '', '', 1412942388, 0);
INSERT INTO `help_content` (`global_content_id`, `content_id`, `language`, `content`, `route`, `studip_version`, `position`, `custom`, `visible`, `author_email`, `installation_id`, `mkdate`, `chdate`) VALUES('43df8e33145c25eb6d941e4e845ada24', '43df8e33145c25eb6d941e4e845ada24', 'en', 'In the notification settings it is possible to select with which changes within a course notification is to be given.', 'dispatch.php/settings/notification', '3.1', 0, 0, 1, '', '', 1412942388, 0);
INSERT INTO `help_content` (`global_content_id`, `content_id`, `language`, `content`, `route`, `studip_version`, `position`, `custom`, `visible`, `author_email`, `installation_id`, `mkdate`, `chdate`) VALUES('85c000e33732c5596d198776cb884860', '85c000e33732c5596d198776cb884860', 'en', 'In the standard substitution settings lecturers can stipulate a standard substitution, which can manage and change all courses of the lecturer.', 'dispatch.php/settings/deputies', '3.1', 0, 0, 1, '', '', 1412942388, 0);
INSERT INTO `help_content` (`global_content_id`, `content_id`, `language`, `content`, `route`, `studip_version`, `position`, `custom`, `visible`, `author_email`, `installation_id`, `mkdate`, `chdate`) VALUES('b05b27450e363c38c6b4620b902b3496', 'b05b27450e363c38c6b4620b902b3496', 'en', 'The start page will be displayed after the log-in and can be customised to personal needs by using widgets.', 'dispatch.php/start', '3.1', 0, 0, 1, '', '', 1412942388, 0);
INSERT INTO `help_content` (`global_content_id`, `content_id`, `language`, `content`, `route`, `studip_version`, `position`, `custom`, `visible`, `author_email`, `installation_id`, `mkdate`, `chdate`) VALUES('91d6f451c3ef8d8352a076773b0a19ee', '91d6f451c3ef8d8352a076773b0a19ee', 'en', 'The course page shows all subscribed courses (as a standard only those of the last two semesters), all subscribed study groups as well as all institutions, to which one was allocated. You can customise the display through colour groupings, semester filters, etc. ', 'dispatch.php/my_courses', '3.1', 0, 0, 1, '', '', 1412942388, 0);
INSERT INTO `help_content` (`global_content_id`, `content_id`, `language`, `content`, `route`, `studip_version`, `position`, `custom`, `visible`, `author_email`, `installation_id`, `mkdate`, `chdate`) VALUES('0237ea35a203be81e44c979d82ef5ee6', '0237ea35a203be81e44c979d82ef5ee6', 'en', 'Archived courses to which the user is allocated appear here. Contents can no longer be changed, however deposited documents can be downloaded as a zip file.', 'dispatch.php/my_courses/archive', '3.1', 0, 0, 1, '', '', 1412942388, 0);
INSERT INTO `help_content` (`global_content_id`, `content_id`, `language`, `content`, `route`, `studip_version`, `position`, `custom`, `visible`, `author_email`, `installation_id`, `mkdate`, `chdate`) VALUES('d97eff1196f6aed8e94f7c5096ebd2a9', 'd97eff1196f6aed8e94f7c5096ebd2a9', 'en', 'Course-related brief and detailed information, announcements, dates and surveys can be found in the overview.', 'dispatch.php/course/overview', '3.1', 0, 0, 1, '', '', 1412942388, 0);
INSERT INTO `help_content` (`global_content_id`, `content_id`, `language`, `content`, `route`, `studip_version`, `position`, `custom`, `visible`, `author_email`, `installation_id`, `mkdate`, `chdate`) VALUES('357bbf06015b2738aae15837f581a07d', '357bbf06015b2738aae15837f581a07d', 'en', 'More detailed information about the course is displayed, such as e.g. the course number, allocations, lecturers, tutors, etc. In the detailed information it is possible to register for a course under actions.', 'dispatch.php/course/details', '3.1', 0, 0, 1, '', '', 1412942388, 0);
INSERT INTO `help_content` (`global_content_id`, `content_id`, `language`, `content`, `route`, `studip_version`, `position`, `custom`, `visible`, `author_email`, `installation_id`, `mkdate`, `chdate`) VALUES('0c055cc6ae418a96ff3afa9db13098df', '0c055cc6ae418a96ff3afa9db13098df', 'en', 'The properties of the course can be subsequently changed with the management functions. The simulation of the students view is possible under actions.', 'dispatch.php/course/management', '3.1', 0, 0, 1, '', '', 1412942388, 0);
INSERT INTO `help_content` (`global_content_id`, `content_id`, `language`, `content`, `route`, `studip_version`, `position`, `custom`, `visible`, `author_email`, `installation_id`, `mkdate`, `chdate`) VALUES('615c1887f0ee080043f133681ebf0def', '615c1887f0ee080043f133681ebf0def', 'en', 'Title, description, lecturer, etc. can be changed in the basic data. The processing can partly be blocked if data are taken over from other systems (e.g. LSF/ UniVZ).', 'dispatch.php/course/basicdata/view', '3.1', 0, 0, 1, '', '', 1412942388, 0);
INSERT INTO `help_content` (`global_content_id`, `content_id`, `language`, `content`, `route`, `studip_version`, `position`, `custom`, `visible`, `author_email`, `installation_id`, `mkdate`, `chdate`) VALUES('abfb5d03de288d02df436f9a8bb96d9d', 'abfb5d03de288d02df436f9a8bb96d9d', 'en', 'The photo of the course, which can help students to distinguish between courses on the "my courses" page, can be changed with the photo-upload-function.', 'dispatch.php/course/avatar/update', '3.1', 0, 0, 1, '', '', 1412942388, 0);
INSERT INTO `help_content` (`global_content_id`, `content_id`, `language`, `content`, `route`, `studip_version`, `position`, `custom`, `visible`, `author_email`, `installation_id`, `mkdate`, `chdate`) VALUES('eec46c5d8ea5523d959a8c334455c2ef', 'eec46c5d8ea5523d959a8c334455c2ef', 'en', 'The course can be allocated to a field of study by using the field of study function. The processing can be blocked if data are taken over from other systems (e.g. LSF/ UniVZ).', 'dispatch.php/course/study_areas/show', '3.1', 0, 0, 1, '', '', 1412942388, 0);
INSERT INTO `help_content` (`global_content_id`, `content_id`, `language`, `content`, `route`, `studip_version`, `position`, `custom`, `visible`, `author_email`, `installation_id`, `mkdate`, `chdate`) VALUES('85c709de75085bd56a739e4e8ac6fcad', '85c709de75085bd56a739e4e8ac6fcad', 'en', 'The semester, date and room details of the course can be changed by using the time/room function. The processing can be blocked if data are taken over from other systems (e.g. LSF/ UniVZ).', 'raumzeit.php', '3.1', 0, 0, 1, '', '', 1412942388, 0);
INSERT INTO `help_content` (`global_content_id`, `content_id`, `language`, `content`, `route`, `studip_version`, `position`, `custom`, `visible`, `author_email`, `installation_id`, `mkdate`, `chdate`) VALUES('4e14c94cda99e2ef6462f7fef06d9c91', '4e14c94cda99e2ef6462f7fef06d9c91', 'en', 'The access to a course can be regulated with access authorisations (enrolment procedure) e.g. by passwords, time control and restriction to participants.', 'dispatch.php/course/admission', '3.1', 0, 0, 1, '', '', 1412942388, 0);
INSERT INTO `help_content` (`global_content_id`, `content_id`, `language`, `content`, `route`, `studip_version`, `position`, `custom`, `visible`, `author_email`, `installation_id`, `mkdate`, `chdate`) VALUES('42060187921376807f90e52fad5f9822', '42060187921376807f90e52fad5f9822', 'en', '(Time-controlled) surveys or individual Multiple-/Single-Choice questions can be set up for courses, study groups or the profile by using the survey and test function.', 'admin_vote.php', '3.1', 0, 0, 1, '', '', 1412942388, 0);
INSERT INTO `help_content` (`global_content_id`, `content_id`, `language`, `content`, `route`, `studip_version`, `position`, `custom`, `visible`, `author_email`, `installation_id`, `mkdate`, `chdate`) VALUES('5475d65b07fdaf5f234bf6eed3d5e4a9', '5475d65b07fdaf5f234bf6eed3d5e4a9', 'en', 'With the evaluation function surveys can be set up with Multiple-Choice, Likert and free text questions for courses, study groups, the own profile or institutions. Public templates of other persons can be used hereby. All future, ongoing and ended evaluations are displayed.', 'admin_evaluation.php', '3.1', 0, 0, 1, '', '', 1412942388, 0);
INSERT INTO `help_content` (`global_content_id`, `content_id`, `language`, `content`, `route`, `studip_version`, `position`, `custom`, `visible`, `author_email`, `installation_id`, `mkdate`, `chdate`) VALUES('80286432bf17df20e5f11f86b421b0a7', '80286432bf17df20e5f11f86b421b0a7', 'en', 'The forum is a text-based possibility, which is irrespective of time and place, to exchange questions, opinions and experience. Contributions can be subscribed to, exported, marked as favourites and edited. Various views (e.g. new contributions since the last login) can be chosen via the navigation links.', 'plugins.php/coreforum', '3.1', 0, 0, 1, '', '', 1412942388, 0);
INSERT INTO `help_content` (`global_content_id`, `content_id`, `language`, `content`, `route`, `studip_version`, `position`, `custom`, `visible`, `author_email`, `installation_id`, `mkdate`, `chdate`) VALUES('3607d6daea679dcd7003e076fdd1660a', '3607d6daea679dcd7003e076fdd1660a', 'en', 'The list of participants shows a list of the participants of this course. Further participants can be added,  removed, downgraded, upgraded or allocated to self-defined groups by lecturers.', 'dispatch.php/course/members', '3.1', 0, 0, 1, '', '', 1412942388, 0);
INSERT INTO `help_content` (`global_content_id`, `content_id`, `language`, `content`, `route`, `studip_version`, `position`, `custom`, `visible`, `author_email`, `installation_id`, `mkdate`, `chdate`) VALUES('f529bca4d1626b43cbb8149feea41a84', 'f529bca4d1626b43cbb8149feea41a84', 'en', 'The self-defined groups are displayed here. Messages can be sent to these. A click on the orange arrows before the group name will allocate you to the group.', 'statusgruppen.php', '3.1', 0, 0, 1, '', '', 1412942388, 0);
INSERT INTO `help_content` (`global_content_id`, `content_id`, `language`, `content`, `route`, `studip_version`, `position`, `custom`, `visible`, `author_email`, `installation_id`, `mkdate`, `chdate`) VALUES('bd5df4fb7b84da79149c96c5f43de46c', 'bd5df4fb7b84da79149c96c5f43de46c', 'en', 'Groups can be set up and managed here. If the self-entry is activated participants can enter and remove themselves.', 'admin_statusgruppe.php', '3.1', 0, 0, 1, '', '', 1412942388, 0);
INSERT INTO `help_content` (`global_content_id`, `content_id`, `language`, `content`, `route`, `studip_version`, `position`, `custom`, `visible`, `author_email`, `installation_id`, `mkdate`, `chdate`) VALUES('8c2fc90bd8175e6d598f895944a8ddc2', '8c2fc90bd8175e6d598f895944a8ddc2', 'en', 'The attendance list shows all meetings (meeting, lecture, exercise, internship) of the schedule and enables the entry of students in Stud.IP by the lecturers as well as an export of the list for the overview or as a basis for handwritten entries.', 'participantsattendanceplugin/show', '3.1', 0, 0, 1, '', '', 1412942388, 0);
INSERT INTO `help_content` (`global_content_id`, `content_id`, `language`, `content`, `route`, `studip_version`, `position`, `custom`, `visible`, `author_email`, `installation_id`, `mkdate`, `chdate`) VALUES('ee91ec0f9085221ada06d171a27d2405', 'ee91ec0f9085221ada06d171a27d2405', 'en', 'The document administration offers the possibility to upload, link, administer and download documents. ', 'folder.php', '3.1', 0, 0, 1, '', '', 1412942388, 0);
INSERT INTO `help_content` (`global_content_id`, `content_id`, `language`, `content`, `route`, `studip_version`, `position`, `custom`, `visible`, `author_email`, `installation_id`, `mkdate`, `chdate`) VALUES('8c3067596811d3c6857d253299e01f6f', '8c3067596811d3c6857d253299e01f6f', 'en', 'The schedule displays dates, topics and rooms of the course. Individual dates can be edited, e.g. topics can be added to dates.', 'dispatch.php/course/dates', '3.1', 0, 0, 1, '', '', 1412942388, 0);
INSERT INTO `help_content` (`global_content_id`, `content_id`, `language`, `content`, `route`, `studip_version`, `position`, `custom`, `visible`, `author_email`, `installation_id`, `mkdate`, `chdate`) VALUES('1f216fe42d879c3fcbb582d67e9ad5a2', '1f216fe42d879c3fcbb582d67e9ad5a2', 'en', 'Dates can be allocated topics here or already entered topics can be taken over and edited.', 'dispatch.php/course/topics', '3.1', 0, 0, 1, '', '', 1412942388, 0);
INSERT INTO `help_content` (`global_content_id`, `content_id`, `language`, `content`, `route`, `studip_version`, `position`, `custom`, `visible`, `author_email`, `installation_id`, `mkdate`, `chdate`) VALUES('abaa7b076e6923ac43120f3326322af0', 'abaa7b076e6923ac43120f3326322af0', 'en', 'This page enables the deposit of free information, links, etc.', 'dispatch.php/course/scm', '3.1', 0, 0, 1, '', '', 1412942388, 0);
INSERT INTO `help_content` (`global_content_id`, `content_id`, `language`, `content`, `route`, `studip_version`, `position`, `custom`, `visible`, `author_email`, `installation_id`, `mkdate`, `chdate`) VALUES('7edc08f2f7b0786ca036f8c448441e07', '7edc08f2f7b0786ca036f8c448441e07', 'en', 'The Wiki enables a joint, asynchronous creation and editing of texts. Texts can be formatted and linked with each other so that a branched reference work is produced. ', 'wiki.php', '3.1', 0, 0, 1, '', '', 1412942388, 0);
INSERT INTO `help_content` (`global_content_id`, `content_id`, `language`, `content`, `route`, `studip_version`, `position`, `custom`, `visible`, `author_email`, `installation_id`, `mkdate`, `chdate`) VALUES('44edb997707d1458cbf8a3f8f316b908', '44edb997707d1458cbf8a3f8f316b908', 'en', 'The bibliography page offers lecturers the possibility to create bibliographies or to import these from bibliography management programmes. These lists can be copied and placed visibly in courses. Research can be conducted in the actual book stocks of the university depending on the connection. ', 'dispatch.php/course/literature', '3.1', 0, 0, 1, '', '', 1412942388, 0);
INSERT INTO `help_content` (`global_content_id`, `content_id`, `language`, `content`, `route`, `studip_version`, `position`, `custom`, `visible`, `author_email`, `installation_id`, `mkdate`, `chdate`) VALUES('1cb8fd77427ebc092d751eea95454b0a', '1cb8fd77427ebc092d751eea95454b0a', 'en', 'Bibliographies can be edited here and placed visibly in the course (with a click on the "eye").', 'dispatch.php/literature/edit_list', '3.1', 0, 0, 1, '', '', 1412942388, 0);
INSERT INTO `help_content` (`global_content_id`, `content_id`, `language`, `content`, `route`, `studip_version`, `position`, `custom`, `visible`, `author_email`, `installation_id`, `mkdate`, `chdate`) VALUES('b283b58820db358284f4451dfb691678', 'b283b58820db358284f4451dfb691678', 'en', 'A search can be conducted for literature in catalogues here and these added to the clipboard.', 'dispatch.php/literature/search', '3.1', 0, 0, 1, '', '', 1412942388, 0);
INSERT INTO `help_content` (`global_content_id`, `content_id`, `language`, `content`, `route`, `studip_version`, `position`, `custom`, `visible`, `author_email`, `installation_id`, `mkdate`, `chdate`) VALUES('0d83ce036f2870f873446230c0118bb7', '0d83ce036f2870f873446230c0118bb7', 'en', 'The learning module interface makes it possible for self-learning units or tests to be made available from external programmes such as ILIAS and LON-CAPA in Stud.IP.', 'dispatch.php/course/elearning/show', '3.1', 0, 0, 1, '', '', 1412942388, 0);
INSERT INTO `help_content` (`global_content_id`, `content_id`, `language`, `content`, `route`, `studip_version`, `position`, `custom`, `visible`, `author_email`, `installation_id`, `mkdate`, `chdate`) VALUES('8b690f942bf0cc0322e5bea0f1b9abed', '8b690f942bf0cc0322e5bea0f1b9abed', 'en', 'Select the requested system and subsequently the learning module/ the test. Writing rights determine who may edit the learning module in future. The option "update allocations" is located in the sidebar in order to transfer changed contents e.g. in the ILIAS course to Stud.IP.', 'dispatch.php/course/elearning/edit', '3.1', 0, 0, 1, '', '', 1412942388, 0);
INSERT INTO `help_content` (`global_content_id`, `content_id`, `language`, `content`, `route`, `studip_version`, `position`, `custom`, `visible`, `author_email`, `installation_id`, `mkdate`, `chdate`) VALUES('0838a96b5678e2fc26be0ee38ae67619', '0838a96b5678e2fc26be0ee38ae67619', 'en', 'In DoIT! lecturers have the possibility to set various types of tasks, including the uploading of files, Multiple-Choice questions and Peer Reviewing. The processing of tasks can be time limited and alternatively carried out in groups.', 'plugins.php/reloadedplugin/show', '3.1', 0, 0, 1, '', '', 1412942388, 0);
INSERT INTO `help_content` (`global_content_id`, `content_id`, `language`, `content`, `route`, `studip_version`, `position`, `custom`, `visible`, `author_email`, `installation_id`, `mkdate`, `chdate`) VALUES('1804e526c2f6794b877a4b2096eaa67a', '1804e526c2f6794b877a4b2096eaa67a', 'en', 'Blubbering is a mixed form of forum and chat, with which contributions of the participants are displayed in real time. Others can be informed about a contribution by the fact that they are mentioned in the contribution by @user name or @''first name''.', 'plugins.php/blubber/streams/forum', '3.1', 0, 0, 1, '', '', 1412942388, 0);
INSERT INTO `help_content` (`global_content_id`, `content_id`, `language`, `content`, `route`, `studip_version`, `position`, `custom`, `visible`, `author_email`, `installation_id`, `mkdate`, `chdate`) VALUES('38d1a86517eb6cc195b2e921270c3035', '38d1a86517eb6cc195b2e921270c3035', 'en', 'The group calendar offers an overview of course dates and personalised additional dates for this course. ', 'plugins.php/gruppenkalenderplugin/show', '3.1', 0, 0, 1, '', '', 1412942388, 0);
INSERT INTO `help_content` (`global_content_id`, `content_id`, `language`, `content`, `route`, `studip_version`, `position`, `custom`, `visible`, `author_email`, `installation_id`, `mkdate`, `chdate`) VALUES('852991dc733639dd2df05fb627abf3db', '852991dc733639dd2df05fb627abf3db', 'en', 'Further features can be added to the course here.', 'dispatch.php/course/plus', '3.1', 0, 0, 1, '', '', 1412942388, 0);
INSERT INTO `help_content` (`global_content_id`, `content_id`, `language`, `content`, `route`, `studip_version`, `position`, `custom`, `visible`, `author_email`, `installation_id`, `mkdate`, `chdate`) VALUES('1ea099717ceb1b401aedcedc89814d9c', '1ea099717ceb1b401aedcedc89814d9c', 'en', 'The learning diary supports the self-controlled learning process of the students and is kept independently by them. Enquiries for work steps to the lecturers are possible, certain data can be released individualised.', 'plugins.php/lerntagebuchplugin/overview', '3.1', 0, 0, 1, '', '', 1412942388, 0);
INSERT INTO `help_content` (`global_content_id`, `content_id`, `language`, `content`, `route`, `studip_version`, `position`, `custom`, `visible`, `author_email`, `installation_id`, `mkdate`, `chdate`) VALUES('2075fe42f56207fbd153a810188f1beb', '2075fe42f56207fbd153a810188f1beb', 'en', 'Configuration of the learning diary for students and creation of a learning diary for the lecturers.', 'plugins.php/lerntagebuchplugin/admin_settings', '3.1', 0, 0, 1, '', '', 1412942388, 0);
INSERT INTO `help_content` (`global_content_id`, `content_id`, `language`, `content`, `route`, `studip_version`, `position`, `custom`, `visible`, `author_email`, `installation_id`, `mkdate`, `chdate`) VALUES('7465a4aeedb6a320d3455cf9ad0bebd0', '7465a4aeedb6a320d3455cf9ad0bebd0', 'en', 'Possibility for providing lecture recordings and pod casts for students of the course (by linking to the documents on the media server). ', 'plugins.php/mediacastsplugin/show', '3.1', 0, 0, 1, '', '', 1412942388, 0);
INSERT INTO `help_content` (`global_content_id`, `content_id`, `language`, `content`, `route`, `studip_version`, `position`, `custom`, `visible`, `author_email`, `installation_id`, `mkdate`, `chdate`) VALUES('02b4e3ce7b8fe6b3e6a3586d410a51a1', '02b4e3ce7b8fe6b3e6a3586d410a51a1', 'en', 'This page displays the study groups to which the user is allocated. Study groups are a simple possibility to cooperate with fellow students, colleagues and others. Each user can create study groups or search for them. The colour grouping can be adjusted individually.', 'dispatch.php/my_studygroups', '3.1', 0, 0, 1, '', '', 1412942388, 0);
INSERT INTO `help_content` (`global_content_id`, `content_id`, `language`, `content`, `route`, `studip_version`, `position`, `custom`, `visible`, `author_email`, `installation_id`, `mkdate`, `chdate`) VALUES('af7573cce1e898054db89a96284866f9', 'af7573cce1e898054db89a96284866f9', 'en', 'A new study group can be created here. Each Stud.IP user can create study groups and configure these according to own needs.', 'dispatch.php/course/studygroup/new', '3.1', 0, 0, 1, '', '', 1412942388, 0);
INSERT INTO `help_content` (`global_content_id`, `content_id`, `language`, `content`, `route`, `studip_version`, `position`, `custom`, `visible`, `author_email`, `installation_id`, `mkdate`, `chdate`) VALUES('960d7bafb618853eced1b1b42a7dd412', '960d7bafb618853eced1b1b42a7dd412', 'en', 'This page displays all study groups, which exist in Stud.IP. Study groups are a simple possibility to cooperate with fellow students, colleagues and others. Each user can create study groups or search for them.', 'dispatch.php/studygroup/browse', '3.1', 0, 0, 1, '', '', 1412942388, 0);
INSERT INTO `help_content` (`global_content_id`, `content_id`, `language`, `content`, `route`, `studip_version`, `position`, `custom`, `visible`, `author_email`, `installation_id`, `mkdate`, `chdate`) VALUES('3d040e95a8c29e733a8d5439ee9f5b59', '3d040e95a8c29e733a8d5439ee9f5b59', 'en', 'The name, functions and access restriction of the study group can be edited here.', 'dispatch.php/course/studygroup/edit', '3.1', 0, 0, 1, '', '', 1412942388, 0);
INSERT INTO `help_content` (`global_content_id`, `content_id`, `language`, `content`, `route`, `studip_version`, `position`, `custom`, `visible`, `author_email`, `installation_id`, `mkdate`, `chdate`) VALUES('b3bd33cb0babbb0cc51a4f429d15d438', 'b3bd33cb0babbb0cc51a4f429d15d438', 'en', 'Here you can add new memebers to the study group und send them messages.', 'dispatch.php/course/studygroup/members', '3.1', 0, 0, 1, '', '', 1412942388, 0);
INSERT INTO `help_content` (`global_content_id`, `content_id`, `language`, `content`, `route`, `studip_version`, `position`, `custom`, `visible`, `author_email`, `installation_id`, `mkdate`, `chdate`) VALUES('438c4456f85afec29fd9f47c111136c1', '438c4456f85afec29fd9f47c111136c1', 'en', 'This page displays the institutions to which the user is allocated.', 'dispatch.php/my_institutes', '3.1', 0, 0, 1, '', '', 1412942388, 0);
INSERT INTO `help_content` (`global_content_id`, `content_id`, `language`, `content`, `route`, `studip_version`, `position`, `custom`, `visible`, `author_email`, `installation_id`, `mkdate`, `chdate`) VALUES('f966e348174927565b94e606bbcf064f', 'f966e348174927565b94e606bbcf064f', 'en', 'The message page offers an overview on received, system-internal messages, which can be issued with self-chosen key words (so-called tags) in order to subsequently be able to find them easier.', 'dispatch.php/messages/overview', '3.1', 0, 0, 1, '', '', 1412942388, 0);
INSERT INTO `help_content` (`global_content_id`, `content_id`, `language`, `content`, `route`, `studip_version`, `position`, `custom`, `visible`, `author_email`, `installation_id`, `mkdate`, `chdate`) VALUES('ceb21257092b11dcf6897d5bb3085642', 'ceb21257092b11dcf6897d5bb3085642', 'en', 'Overview on sent, system-internal messages, which can be issued with self-chosen key words (so-called "tags") in order to subsequently be able to find them easier. ', 'dispatch.php/messages/sent', '3.1', 0, 0, 1, '', '', 1412942388, 0);
INSERT INTO `help_content` (`global_content_id`, `content_id`, `language`, `content`, `route`, `studip_version`, `position`, `custom`, `visible`, `author_email`, `installation_id`, `mkdate`, `chdate`) VALUES('b9586c280a0092f86f9392fe5b5ff2a0', 'b9586c280a0092f86f9392fe5b5ff2a0', 'en', 'Blubbering is the Stud.IP real time forum, a mixed form of forum and chat. Others can be informed about a contribution by the fact that they are mentioned in the contribution by @user name or @''first name''. Texts can be formatted and supplemented by Smileys.', 'plugins.php/blubber/streams/global', '3.1', 0, 0, 1, '', '', 1412942388, 0);
INSERT INTO `help_content` (`global_content_id`, `content_id`, `language`, `content`, `route`, `studip_version`, `position`, `custom`, `visible`, `author_email`, `installation_id`, `mkdate`, `chdate`) VALUES('7cb7026818c4b90935009d0548300674', '7cb7026818c4b90935009d0548300674', 'en', 'A user-defined blubber stream can be created here. It always consists of a collection of contributions from selected courses, contact groups and key words, which can be restricted even further based on a filtering. The new user-defined stream can be found after clicking on the save button in the navigation under global stream.', 'plugins.php/blubber/streams/edit', '3.1', 0, 0, 1, '', '', 1412942388, 0);
INSERT INTO `help_content` (`global_content_id`, `content_id`, `language`, `content`, `route`, `studip_version`, `position`, `custom`, `visible`, `author_email`, `installation_id`, `mkdate`, `chdate`) VALUES('2f1602394a4e31c2e30706f0a0b3112f', '2f1602394a4e31c2e30706f0a0b3112f', 'en', 'On this page it can be viewed which contacts are online at the moment. A message can be sent to these persons. The clicking on the name of one person forwards to their profile.', 'dispatch.php/online', '3.1', 0, 0, 1, '', '', 1412942388, 0);
INSERT INTO `help_content` (`global_content_id`, `content_id`, `language`, `content`, `route`, `studip_version`, `position`, `custom`, `visible`, `author_email`, `installation_id`, `mkdate`, `chdate`) VALUES('27c4d9837cfb1a9a40c079e16daac902', '27c4d9837cfb1a9a40c079e16daac902', 'en', 'This page offers the possibility to enter Stud.IP users in the address book and to list all contacts who can already be found in the address book.', 'contact.php', '3.1', 0, 0, 1, '', '', 1412942388, 0);
INSERT INTO `help_content` (`global_content_id`, `content_id`, `language`, `content`, `route`, `studip_version`, `position`, `custom`, `visible`, `author_email`, `installation_id`, `mkdate`, `chdate`) VALUES('362a67fff2ef7af8cca9f8e20583c9f2', '362a67fff2ef7af8cca9f8e20583c9f2', 'en', 'Contacts from the address book can be displayed sorted according to the groups here.', '???', '3.1', 0, 0, 1, '', '', 1412942388, 0);
INSERT INTO `help_content` (`global_content_id`, `content_id`, `language`, `content`, `route`, `studip_version`, `position`, `custom`, `visible`, `author_email`, `installation_id`, `mkdate`, `chdate`) VALUES('6b331f5cc2176daba82a0cc71aaa576f', '6b331f5cc2176daba82a0cc71aaa576f', 'en', 'Contacts from the address book can be sorted in self-defined groups on this page.', 'contact_statusgruppen.php', '3.1', 0, 0, 1, '', '', 1412942388, 0);
INSERT INTO `help_content` (`global_content_id`, `content_id`, `language`, `content`, `route`, `studip_version`, `position`, `custom`, `visible`, `author_email`, `installation_id`, `mkdate`, `chdate`) VALUES('57f1b29d3c1a558f5cc799c1aade7f14', '57f1b29d3c1a558f5cc799c1aade7f14', 'en', 'Contact groups or the whole address book can be exported here in order to be able to import them in an external programme.', 'contact_export.php', '3.1', 0, 0, 1, '', '', 1412942388, 0);
INSERT INTO `help_content` (`global_content_id`, `content_id`, `language`, `content`, `route`, `studip_version`, `position`, `custom`, `visible`, `author_email`, `installation_id`, `mkdate`, `chdate`) VALUES('90ffbd715843b02b3961907f81caf208', '90ffbd715843b02b3961907f81caf208', 'en', 'The ranking sorts the Stud.IP users in descending order based on their number of points. The number of points will grow with the activities in Stud.IP and thus represents the experience of the users with the system. By entering a check mark in the little box on the left the own value will be made visible in the ranking for other users. The own value is not visible to the public in the basic settings.', 'dispatch.php/score', '3.1', 0, 0, 1, '', '', 1412942388, 0);
INSERT INTO `help_content` (`global_content_id`, `content_id`, `language`, `content`, `route`, `studip_version`, `position`, `custom`, `visible`, `author_email`, `installation_id`, `mkdate`, `chdate`) VALUES('e5bff29f7adee43202a2aa8f3f0a6ec7', 'e5bff29f7adee43202a2aa8f3f0a6ec7', 'en', 'You can change your own user data incl. profile photo and categories here. Comments can be left similar to Facebook. The profile of lecturers includes consulting hours and room details. In addition the page offers the administration of own documents.', 'dispatch.php/profile', '3.1', 0, 0, 1, '', '', 1412942388, 0);
INSERT INTO `help_content` (`global_content_id`, `content_id`, `language`, `content`, `route`, `studip_version`, `position`, `custom`, `visible`, `author_email`, `installation_id`, `mkdate`, `chdate`) VALUES('2a389c2472656121a76ca4f3b0e137d4', '2a389c2472656121a76ca4f3b0e137d4', 'en', 'A profile photo can be uploaded here.', 'dispatch.php/settings/avatar', '3.1', 0, 0, 1, '', '', 1412942388, 0);
INSERT INTO `help_content` (`global_content_id`, `content_id`, `language`, `content`, `route`, `studip_version`, `position`, `custom`, `visible`, `author_email`, `installation_id`, `mkdate`, `chdate`) VALUES('fe23b56f4d691c0f5e2f872e37ce38b5', 'fe23b56f4d691c0f5e2f872e37ce38b5', 'en', 'You can change and customise your individual user data, such as for example mail address, on this page. ', 'dispatch.php/settings/account', '3.1', 0, 0, 1, '', '', 1412942388, 0);
INSERT INTO `help_content` (`global_content_id`, `content_id`, `language`, `content`, `route`, `studip_version`, `position`, `custom`, `visible`, `author_email`, `installation_id`, `mkdate`, `chdate`) VALUES('b32cb2c4ec56e925b07a5cb0105a6888', 'b32cb2c4ec56e925b07a5cb0105a6888', 'en', 'The password for the Stud.IP-Account can be changed here.', 'dispatch.php/settings/password', '3.1', 0, 0, 1, '', '', 1412942388, 0);
INSERT INTO `help_content` (`global_content_id`, `content_id`, `language`, `content`, `route`, `studip_version`, `position`, `custom`, `visible`, `author_email`, `installation_id`, `mkdate`, `chdate`) VALUES('83fd70727605c485a0d8f2c5ef94289b', '83fd70727605c485a0d8f2c5ef94289b', 'en', 'Pre-defined information about the own person can be entered here, which is to appear on the profile page. ', 'dispatch.php/settings/details', '3.1', 0, 0, 1, '', '', 1412942388, 0);
INSERT INTO `help_content` (`global_content_id`, `content_id`, `language`, `content`, `route`, `studip_version`, `position`, `custom`, `visible`, `author_email`, `installation_id`, `mkdate`, `chdate`) VALUES('970ebdf39ad5ca89083a52723c5c35f5', '970ebdf39ad5ca89083a52723c5c35f5', 'en', 'Additional courses of study and institutions can be added manually under "study details", if they are not automatically taken over from an external system (e.g. LSF/UniVZ).', 'dispatch.php/settings/studies', '3.1', 0, 0, 1, '', '', 1412942388, 0);
INSERT INTO `help_content` (`global_content_id`, `content_id`, `language`, `content`, `route`, `studip_version`, `position`, `custom`, `visible`, `author_email`, `installation_id`, `mkdate`, `chdate`) VALUES('0e816d9428a3bc8a73fb0042fb2da540', '0e816d9428a3bc8a73fb0042fb2da540', 'en', 'The affiliation to user domains can be viewed, however not changed, here.', 'dispatch.php/settings/userdomains', '3.1', 0, 0, 1, '', '', 1412942388, 0);
INSERT INTO `help_content` (`global_content_id`, `content_id`, `language`, `content`, `route`, `studip_version`, `position`, `custom`, `visible`, `author_email`, `installation_id`, `mkdate`, `chdate`) VALUES('d04ca1f9e867ee295a3025dac7ce9c7b', 'd04ca1f9e867ee295a3025dac7ce9c7b', 'en', 'View of the institutions allocated to the Stud.IP user.', 'dispatch.php/settings/statusgruppen', '3.1', 0, 0, 1, '', '', 1412942388, 0);
INSERT INTO `help_content` (`global_content_id`, `content_id`, `language`, `content`, `route`, `studip_version`, `position`, `custom`, `visible`, `author_email`, `installation_id`, `mkdate`, `chdate`) VALUES('8ad364363acd415631226d5574d5592a', '8ad364363acd415631226d5574d5592a', 'en', 'Self-defined information about the own person can be entered on this page, which is to appear on the profile page. ', 'dispatch.php/settings/categories', '3.1', 0, 0, 1, '', '', 1412942388, 0);
INSERT INTO `help_content` (`global_content_id`, `content_id`, `language`, `content`, `route`, `studip_version`, `position`, `custom`, `visible`, `author_email`, `installation_id`, `mkdate`, `chdate`) VALUES('51a0399250de6365619c961ec3669ad3', '51a0399250de6365619c961ec3669ad3', 'en', 'Blubbering is a mixed form of forum and chat. Messages are presented in the public stream. Other users can be informed about a contribution by the fact that they are mentioned in the contribution by @user name or @''first name last name''.', 'plugins.php/blubber/streams/profile', '3.1', 0, 0, 1, '', '', 1412942388, 0);
INSERT INTO `help_content` (`global_content_id`, `content_id`, `language`, `content`, `route`, `studip_version`, `position`, `custom`, `visible`, `author_email`, `installation_id`, `mkdate`, `chdate`) VALUES('5ae72abc0822570bfe839e3ee24f0c81', '5ae72abc0822570bfe839e3ee24f0c81', 'en', 'With the allocation of dates, dates can be created for consulting hours, examinations, etc., in which students can enter themselves.', 'plugins.php/homepageterminvergabeplugin/showadmin', '3.1', 0, 0, 1, '', '', 1412942388, 0);
INSERT INTO `help_content` (`global_content_id`, `content_id`, `language`, `content`, `route`, `studip_version`, `position`, `custom`, `visible`, `author_email`, `installation_id`, `mkdate`, `chdate`) VALUES('76195b21d485823fd7ca2fd499131c12', '76195b21d485823fd7ca2fd499131c12', 'en', 'Dates can be created and edited here.', 'plugins.php/homepageterminvergabeplugin/show_category', '3.1', 0, 0, 1, '', '', 1412942388, 0);
INSERT INTO `help_content` (`global_content_id`, `content_id`, `language`, `content`, `route`, `studip_version`, `position`, `custom`, `visible`, `author_email`, `installation_id`, `mkdate`, `chdate`) VALUES('0ad754cc62d1e86e97c1a28dd68ac40c', '0ad754cc62d1e86e97c1a28dd68ac40c', 'en', 'An overview on the dates, which were booked by students can be found here.', 'plugins.php/homepageterminvergabeplugin/show_bookings', '3.1', 0, 0, 1, '', '', 1412942388, 0);
INSERT INTO `help_content` (`global_content_id`, `content_id`, `language`, `content`, `route`, `studip_version`, `position`, `custom`, `visible`, `author_email`, `installation_id`, `mkdate`, `chdate`) VALUES('b5fabb1e5aed7ff8520314e9a86c5c87', 'b5fabb1e5aed7ff8520314e9a86c5c87', 'en', 'Individual content elements can be subsequently activated or deactivated here. Activated content elements add new functions to your profile or your settings. These will mostly appear as a new tab in the menu. If functionalities are not required these can be deactivated here. The corresponding menu tabs are then faded out.', 'dispatch.php/profilemodules/index', '3.1', 0, 0, 1, '', '', 1412942388, 0);
INSERT INTO `help_content` (`global_content_id`, `content_id`, `language`, `content`, `route`, `studip_version`, `position`, `custom`, `visible`, `author_email`, `installation_id`, `mkdate`, `chdate`) VALUES('51b98d659590e1e37dae5e5e5cc028bb', '51b98d659590e1e37dae5e5e5cc028bb', 'en', 'The document administration offers the possibility to upload, manage and download personal documents,which cannot be viewed by others. ', 'dispatch.php/document/files', '3.1', 0, 0, 1, '', '', 1412942388, 0);
INSERT INTO `help_content` (`global_content_id`, `content_id`, `language`, `content`, `route`, `studip_version`, `position`, `custom`, `visible`, `author_email`, `installation_id`, `mkdate`, `chdate`) VALUES('440e50f7fcc825368aa9026273d2cd0d', '440e50f7fcc825368aa9026273d2cd0d', 'en', 'The schedule of studies consists of subscribed courses, which can be faded in and out as well as customised in the size and form of the presentation.', 'dispatch.php/calendar/schedule', '3.1', 0, 0, 1, '', '', 1412942388, 0);
INSERT INTO `help_content` (`global_content_id`, `content_id`, `language`, `content`, `route`, `studip_version`, `position`, `custom`, `visible`, `author_email`, `installation_id`, `mkdate`, `chdate`) VALUES('dddf5fd4406da0d91c9f121fcae607ad', 'dddf5fd4406da0d91c9f121fcae607ad', 'en', 'The diary consists of subscribed courses and own dates. It can be edited, change in the display and compared with external programmes (e.g. Outlook). ', 'calendar.php', '3.1', 0, 0, 1, '', '', 1412942388, 0);
INSERT INTO `help_content` (`global_content_id`, `content_id`, `language`, `content`, `route`, `studip_version`, `position`, `custom`, `visible`, `author_email`, `installation_id`, `mkdate`, `chdate`) VALUES('a1e3da35edc9b605f670e9c7f5019888', 'a1e3da35edc9b605f670e9c7f5019888', 'en', 'With the course search courses, study groups, etc. can be found in various semesters and according to various search criteria (see "display extended search" in the sidebar). The current semester is pre-selected.', 'dispatch.php/search/courses', '3.1', 0, 0, 1, '', '', 1412942388, 0);
INSERT INTO `help_content` (`global_content_id`, `content_id`, `language`, `content`, `route`, `studip_version`, `position`, `custom`, `visible`, `author_email`, `installation_id`, `mkdate`, `chdate`) VALUES('7d40379f54250b550065e062d71e8fd8', '7d40379f54250b550065e062d71e8fd8', 'en', 'Various courses can be found with the archive search, which have already been archived.', 'archiv.php', '3.1', 0, 0, 1, '', '', 1412942388, 0);
INSERT INTO `help_content` (`global_content_id`, `content_id`, `language`, `content`, `route`, `studip_version`, `position`, `custom`, `visible`, `author_email`, `installation_id`, `mkdate`, `chdate`) VALUES('ebcc460880b8a63af3f6e7eade97db78', 'ebcc460880b8a63af3f6e7eade97db78', 'en', 'Users can be found with the search for persons as long as their privacy setting does not prevent this. The search can be limited to certain courses or institutions.', 'browse.php', '3.1', 0, 0, 1, '', '', 1412942388, 0);
INSERT INTO `help_content` (`global_content_id`, `content_id`, `language`, `content`, `route`, `studip_version`, `position`, `custom`, `visible`, `author_email`, `installation_id`, `mkdate`, `chdate`) VALUES('8a32ca4e602a68307d4ae6ae51fa667e', '8a32ca4e602a68307d4ae6ae51fa667e', 'en', 'With the institution search institutions can be found via a free search field or the institution tree', 'institut_browse.php', '3.1', 0, 0, 1, '', '', 1412942388, 0);
INSERT INTO `help_content` (`global_content_id`, `content_id`, `language`, `content`, `route`, `studip_version`, `position`, `custom`, `visible`, `author_email`, `installation_id`, `mkdate`, `chdate`) VALUES('e206a4257e31a0f32ac516cefb8e8331', 'e206a4257e31a0f32ac516cefb8e8331', 'en', 'University resources such as rooms, buildings, etc. can be found using the resource search.', 'resources.php', '3.1', 0, 0, 1, '', '', 1412942388, 0);
INSERT INTO `help_content` (`global_content_id`, `content_id`, `language`, `content`, `route`, `studip_version`, `position`, `custom`, `visible`, `author_email`, `installation_id`, `mkdate`, `chdate`) VALUES('3318ee99a062079b463e902348ad520e', '3318ee99a062079b463e902348ad520e', 'en', 'Lecturers can create and display announcements for their courses, institutions and their profile page here, whereby the display can be filtered.', 'dispatch.php/news/admin_news', '3.1', 0, 0, 1, '', '', 1412942388, 0);
INSERT INTO `help_content` (`global_content_id`, `content_id`, `language`, `content`, `route`, `studip_version`, `position`, `custom`, `visible`, `author_email`, `installation_id`, `mkdate`, `chdate`) VALUES('bcdedaf1b4bd3b96ef574e8230095b28', 'bcdedaf1b4bd3b96ef574e8230095b28', 'en', 'RSS-Feeds, i.e. message streams of external websites, can be integrated onto the start page here. The more feeds are integrated, the longer the loading of the start page will take.', 'dispatch.php/admin/rss_feeds', '3.1', 0, 0, 1, '', '', 1412942388, 0);
INSERT INTO `help_content` (`global_content_id`, `content_id`, `language`, `content`, `route`, `studip_version`, `position`, `custom`, `visible`, `author_email`, `installation_id`, `mkdate`, `chdate`) VALUES('bfb70d5f036769d740fb2342b0b58183', 'bfb70d5f036769d740fb2342b0b58183', 'en', 'The learning module interface makes it possible for self-learning units to be made available from external programmes such as ILIAS and LON-CAPA in Stud.IP. An own user account will be created or allocated for each external system. Own learning modules can be created with the corresponding rights.', 'dispatch.php/elearning/my_accounts', '3.1', 0, 0, 1, '', '', 1412942388, 0);
INSERT INTO `help_content` (`global_content_id`, `content_id`, `language`, `content`, `route`, `studip_version`, `position`, `custom`, `visible`, `author_email`, `installation_id`, `mkdate`, `chdate`) VALUES('7bf322a6c5f13db67e047b7afae83e58', '7bf322a6c5f13db67e047b7afae83e58', 'en', 'With the export data about courses and employees can be exported in the following formats: RTF, TXT, CSV, PDF, HTML and XML.', 'export.php', '3.1', 0, 0, 1, '', '', 1412942388, 0);
INSERT INTO `help_content` (`global_content_id`, `content_id`, `language`, `content`, `route`, `studip_version`, `position`, `custom`, `visible`, `author_email`, `installation_id`, `mkdate`, `chdate`) VALUES('fa4bf491690645a5f12556f77e51233c', 'fa4bf491690645a5f12556f77e51233c', 'en', 'Bibliographies can be edited here and placed visibly in the course (with a click on the "eye").', 'dispatch.php/literature/edit_list.php', '3.1', 0, 0, 1, '', '', 1412942388, 0);

--
-- Dumping data for table `help_tours`
--

INSERT INTO `help_tours` (`global_tour_id`, `tour_id`, `name`, `description`, `type`, `roles`, `version`, `language`, `studip_version`, `installation_id`, `author_email`, `mkdate`, `chdate`) VALUES('96ea422f286fb5bbf9e41beadb484a9a', '96ea422f286fb5bbf9e41beadb484a9a', 'Profilseite', 'In dieser Tour werden die Grundfunktionen und Bereiche der Profilseite vorgestellt.', 'tour', 'autor,dozent,root', 1, 'de', '3.1', '', '', 1406722657, 0);
INSERT INTO `help_tours` (`global_tour_id`, `tour_id`, `name`, `description`, `type`, `roles`, `version`, `language`, `studip_version`, `installation_id`, `author_email`, `mkdate`, `chdate`) VALUES('25e7421f286fc5bdf9e41beadb484ffa', '25e7421f286fc5bdf9e41beadb484ffa', 'Eigenes Bild hochladen', 'In der Tour wird erklärt, wie Nutzende ein eigenes Profilbild hochladen können.', 'tour', 'autor,tutor,dozent,admin,root', 1, 'de', '3.1', '', '', 1406722657, 0);
INSERT INTO `help_tours` (`global_tour_id`, `tour_id`, `name`, `description`, `type`, `roles`, `version`, `language`, `studip_version`, `installation_id`, `author_email`, `mkdate`, `chdate`) VALUES('3629493a16bf2680de64361f07cab096', '3629493a16bf2680de64361f07cab096', 'Blubber', 'In der Tour wird die Nutzung von Blubber erklärt.', 'tour', 'autor,tutor,dozent,admin,root', 1, 'de', '3.1', '', '', 1406709759, 0);
INSERT INTO `help_tours` (`global_tour_id`, `tour_id`, `name`, `description`, `type`, `roles`, `version`, `language`, `studip_version`, `installation_id`, `author_email`, `mkdate`, `chdate`) VALUES('21f487fa74e3bfc7789886f40fe4131a', '21f487fa74e3bfc7789886f40fe4131a', 'Forum nutzen', 'Die Inhalte dieser Tour stammen aus der alten Tour des Forums (Sidebar > Aktionen > Tour starten).', 'tour', 'autor,tutor,dozent,admin,root', 1, 'de', '3.1', '', '', 1405415746, 0);
INSERT INTO `help_tours` (`global_tour_id`, `tour_id`, `name`, `description`, `type`, `roles`, `version`, `language`, `studip_version`, `installation_id`, `author_email`, `mkdate`, `chdate`) VALUES('44f859c50648d3410c39207048ddd833', '44f859c50648d3410c39207048ddd833', 'Forum verwalten', 'Die Inhalte dieser Tour stammen aus der alten Tour des Forums (Sidebar > Aktionen > Tour starten).', 'tour', 'tutor,dozent,admin,root', 1, 'de', '3.1', '', '', 1405417901, 0);
INSERT INTO `help_tours` (`global_tour_id`, `tour_id`, `name`, `description`, `type`, `roles`, `version`, `language`, `studip_version`, `installation_id`, `author_email`, `mkdate`, `chdate`) VALUES('3a717a468afb0822cb1455e0ae6b6fce', '3a717a468afb0822cb1455e0ae6b6fce', 'Blubber', 'In der Tour wird die Nutzung von Blubber erklärt.', 'tour', 'autor,tutor,dozent,admin,root', 1, 'de', '3.1', '', '', 1406709041, 0);
INSERT INTO `help_tours` (`global_tour_id`, `tour_id`, `name`, `description`, `type`, `roles`, `version`, `language`, `studip_version`, `installation_id`, `author_email`, `mkdate`, `chdate`) VALUES('ef5092ba722c81c37a5a6bd703890bd9', 'ef5092ba722c81c37a5a6bd703890bd9', 'Blubber', 'In der Tour wird die Nutzung von Blubber erklärt.', 'tour', 'autor,tutor,dozent,admin,root', 1, 'de', '3.1', '', '', 1405507317, 0);
INSERT INTO `help_tours` (`global_tour_id`, `tour_id`, `name`, `description`, `type`, `roles`, `version`, `language`, `studip_version`, `installation_id`, `author_email`, `mkdate`, `chdate`) VALUES('6849293baa05be5bef8ff438dc7c438b', '6849293baa05be5bef8ff438dc7c438b', 'Suche', 'In dieser Feature-Tour werden die wichtigsten Funktionen der Suche vorgestellt.', 'tour', 'autor,tutor,dozent,admin,root', 1, 'de', '3.1', '', '', 1405519609, 0);
INSERT INTO `help_tours` (`global_tour_id`, `tour_id`, `name`, `description`, `type`, `roles`, `version`, `language`, `studip_version`, `installation_id`, `author_email`, `mkdate`, `chdate`) VALUES('b74f8459dce2437463096d56db7c73b9', 'b74f8459dce2437463096d56db7c73b9', 'Meine Veranstaltungen (Studierende)', 'In dieser Tour werden die wichtigsten Funktionen der Seite "Meine Veranstaltungen" vorgestellt.', 'tour', 'autor,admin,root', 1, 'de', '3.1', '', '', 1405521073, 0);
INSERT INTO `help_tours` (`global_tour_id`, `tour_id`, `name`, `description`, `type`, `roles`, `version`, `language`, `studip_version`, `installation_id`, `author_email`, `mkdate`, `chdate`) VALUES('154e711257d4d32d865fb8f5fb70ad72', '154e711257d4d32d865fb8f5fb70ad72', 'Meine Dateien', 'In dieser Tour wird der persönliche Dateibereich vorgestellt.', 'tour', 'autor,tutor,dozent,admin,root', 1, 'de', '3.1', '', '', 1405592618, 0);
INSERT INTO `help_tours` (`global_tour_id`, `tour_id`, `name`, `description`, `type`, `roles`, `version`, `language`, `studip_version`, `installation_id`, `author_email`, `mkdate`, `chdate`) VALUES('19ac063e8319310d059d28379139b1cf', '19ac063e8319310d059d28379139b1cf', 'Studiengruppe anlegen', 'In dieser Tour wird das Anlegen von Studiengruppen erklärt.', 'tour', 'autor,tutor,dozent,admin,root', 1, 'de', '3.1', '', '', 1405684299, 0);
INSERT INTO `help_tours` (`global_tour_id`, `tour_id`, `name`, `description`, `type`, `roles`, `version`, `language`, `studip_version`, `installation_id`, `author_email`, `mkdate`, `chdate`) VALUES('edfcf78c614869724f93488c4ed09582', 'edfcf78c614869724f93488c4ed09582', 'Teilnehmerverwaltung', 'In dieser Tour werden die Verwaltungsoptionen der Teilnehmerverwaltung erklärt.', 'tour', 'tutor,dozent,admin,root', 1, 'de', '3.1', '', '', 1405688156, 0);
INSERT INTO `help_tours` (`global_tour_id`, `tour_id`, `name`, `description`, `type`, `roles`, `version`, `language`, `studip_version`, `installation_id`, `author_email`, `mkdate`, `chdate`) VALUES('977f41c5c5239c4e86f04c3df27fae38', '977f41c5c5239c4e86f04c3df27fae38', 'Was ist neu in Stud.IP 3.1?', 'In dieser Tour werden die Neuerungen in Stud.IP 3.1 überblicksartig vorgestellt.', 'tour', 'autor,tutor,dozent,admin', 1, 'de', '3.1', '', '', 1405932260, 0);
INSERT INTO `help_tours` (`global_tour_id`, `tour_id`, `name`, `description`, `type`, `roles`, `version`, `language`, `studip_version`, `installation_id`, `author_email`, `mkdate`, `chdate`) VALUES('49604a77654617a745e29ad6b253e491', '49604a77654617a745e29ad6b253e491', 'Gestaltung der Startseite', 'In dieser Tour werden die Funktionen und Gestaltungsmöglichkeiten der Startseite vorgestellt.', 'tour', 'autor,tutor,dozent,admin,root', 1, 'de', '3.1', '', '', 1405934780, 0);
INSERT INTO `help_tours` (`global_tour_id`, `tour_id`, `name`, `description`, `type`, `roles`, `version`, `language`, `studip_version`, `installation_id`, `author_email`, `mkdate`, `chdate`) VALUES('7cccbe3b22dfa745c17cb776fb04537c', '7cccbe3b22dfa745c17cb776fb04537c', 'Meine Veranstaltungen (Dozierende)', 'In dieser Tour werden die wichtigsten Funktionen der Seite "Meine Veranstaltungen" vorgestellt.', 'tour', 'tutor,dozent,admin,root', 1, 'de', '3.1', '', '', 1406125685, 0);
INSERT INTO `help_tours` (`global_tour_id`, `tour_id`, `name`, `description`, `type`, `roles`, `version`, `language`, `studip_version`, `installation_id`, `author_email`, `mkdate`, `chdate`) VALUES('', '7af1e1fb7f53c910ba9f42f43a71c723', 'Search', 'In this feature tour the most important search functions are explained', 'tour', 'autor,tutor,dozent,admin,root', 1, 'en', '3.1', '', '', 1427720631, 0);
INSERT INTO `help_tours` (`global_tour_id`, `tour_id`, `name`, `description`, `type`, `roles`, `version`, `language`, `studip_version`, `installation_id`, `author_email`, `mkdate`, `chdate`) VALUES('', 'c89ce8e097f212e75686f73cc5008711', 'Participant administration', 'The administration options of the participant administration are explained in this tour.', 'tour', 'tutor,dozent,admin,root', 1, 'en', '3.1', '', '', 1427721030, 0);
INSERT INTO `help_tours` (`global_tour_id`, `tour_id`, `name`, `description`, `type`, `roles`, `version`, `language`, `studip_version`, `installation_id`, `author_email`, `mkdate`, `chdate`) VALUES('', 'de1fbce508d01cbd257f9904ff8c3b43', 'Profile page', 'The basic functions and areas of the profile page are presented in this tour.', 'tour', 'autor,tutor,dozent,admin,root', 1, 'en', '3.1', '', '', 1427722058, 0);
INSERT INTO `help_tours` (`global_tour_id`, `tour_id`, `name`, `description`, `type`, `roles`, `version`, `language`, `studip_version`, `installation_id`, `author_email`, `mkdate`, `chdate`) VALUES('', '1badcf28ab5b206d9150b2b9683b4cb6', 'My courses (lecturers)', 'The most important functions of the site "My courses" are presented in this tour.', 'tour', 'tutor,dozent,admin,root', 1, 'en', '', '', '', 1427722642, 0);
INSERT INTO `help_tours` (`global_tour_id`, `tour_id`, `name`, `description`, `type`, `roles`, `version`, `language`, `studip_version`, `installation_id`, `author_email`, `mkdate`, `chdate`) VALUES('', 'fa963d2ca827b28e0082e98aafc88765', 'My courses (students)', 'The most important functions of the site "My courses" are presented in this tour.', 'tour', 'autor', 1, 'en', '3.1', '', '', 1427723231, 0);
INSERT INTO `help_tours` (`global_tour_id`, `tour_id`, `name`, `description`, `type`, `roles`, `version`, `language`, `studip_version`, `installation_id`, `author_email`, `mkdate`, `chdate`) VALUES('', 'f0aeb0f6c4da3bd61f48b445d9b30dc1', 'Design of the start page', 'The functions and design possibilities of the start page are presented in this feature tour.', 'tour', 'autor,tutor,dozent,admin,root', 1, 'en', '3.1', '', '', 1427723894, 0);
INSERT INTO `help_tours` (`global_tour_id`, `tour_id`, `name`, `description`, `type`, `roles`, `version`, `language`, `studip_version`, `installation_id`, `author_email`, `mkdate`, `chdate`) VALUES('', '3dbe7099f82dcdbba4580acb1105a0d6', 'Administering the forum', 'The administration of the forum is explained in this tour.', 'tour', 'tutor,dozent,admin,root', 1, 'en', '3.1', '', '', 1427724314, 0);
INSERT INTO `help_tours` (`global_tour_id`, `tour_id`, `name`, `description`, `type`, `roles`, `version`, `language`, `studip_version`, `installation_id`, `author_email`, `mkdate`, `chdate`) VALUES('', '9e9dca9b1214294b9605824bfe90fba1', 'Create study group', 'In this tour the creation of study groups is explained', 'tour', 'autor,tutor,dozent,admin,root', 1, 'en', '3.1', '', '', 1427724645, 0);
INSERT INTO `help_tours` (`global_tour_id`, `tour_id`, `name`, `description`, `type`, `roles`, `version`, `language`, `studip_version`, `installation_id`, `author_email`, `mkdate`, `chdate`) VALUES('', '89786eac42f52ac316790825b4f5c0b2', 'Use forum', 'The content of this tour is from the old tour of the forum (Sidebar > actions > start tour).', 'tour', 'autor,tutor,dozent,admin,root', 1, 'en', '3.1', '', '', 1427783673, 0);
INSERT INTO `help_tours` (`global_tour_id`, `tour_id`, `name`, `description`, `type`, `roles`, `version`, `language`, `studip_version`, `installation_id`, `author_email`, `mkdate`, `chdate`) VALUES('', 'e41611616675b218845fe9f55bc11cf6', 'Upload own picture', 'This tour explains how users can upload their own profile picture.', 'tour', 'autor,tutor,dozent,admin,root', 1, 'en', '3.1', '', '', 1427784057, 0);
INSERT INTO `help_tours` (`global_tour_id`, `tour_id`, `name`, `description`, `type`, `roles`, `version`, `language`, `studip_version`, `installation_id`, `author_email`, `mkdate`, `chdate`) VALUES('', '83dc1d25e924f2748ee3293aaf0ede8e', 'Blubber', 'This tour explains how to use "Blubber"', 'tour', 'autor,tutor,dozent,admin,root', 1, 'en', '3.1', '', '', 1427784655, 0);
INSERT INTO `help_tours` (`global_tour_id`, `tour_id`, `name`, `description`, `type`, `roles`, `version`, `language`, `studip_version`, `installation_id`, `author_email`, `mkdate`, `chdate`) VALUES('', '588effa83da976a889a68c152bcabc90', 'Blubber', 'This tour explains how to use "Blubber"', 'tour', 'autor,tutor,dozent,admin,root', 1, 'en', '3.1', '', '', 1427784693, 0);
INSERT INTO `help_tours` (`global_tour_id`, `tour_id`, `name`, `description`, `type`, `roles`, `version`, `language`, `studip_version`, `installation_id`, `author_email`, `mkdate`, `chdate`) VALUES('', 'd9913517f9c81d2c0fa8362592ce5d0e', 'Blubber', 'This tour explains how to use "Blubber"', 'tour', 'autor,tutor,dozent,admin,root', 1, 'en', '3.1', '', '', 1427784720, 0);
INSERT INTO `help_tours` (`global_tour_id`, `tour_id`, `name`, `description`, `type`, `roles`, `version`, `language`, `studip_version`, `installation_id`, `author_email`, `mkdate`, `chdate`) VALUES('', '05434e40601a9a2a7f5fa8208ae148c1', 'My documents', 'The personal document area will be presented in this tour.', 'tour', 'autor,tutor,dozent,admin,root', 1, 'en', '3.1', '', '', 1427786336, 0);

--
-- Dumping data for table `help_tour_settings`
--

INSERT INTO `help_tour_settings` (`tour_id`, `active`, `access`) VALUES('96ea422f286fb5bbf9e41beadb484a9a', 1, 'standard');
INSERT INTO `help_tour_settings` (`tour_id`, `active`, `access`) VALUES('25e7421f286fc5bdf9e41beadb484ffa', 1, 'standard');
INSERT INTO `help_tour_settings` (`tour_id`, `active`, `access`) VALUES('3a717a468afb0822cb1455e0ae6b6fce', 1, 'standard');
INSERT INTO `help_tour_settings` (`tour_id`, `active`, `access`) VALUES('21f487fa74e3bfc7789886f40fe4131a', 1, 'standard');
INSERT INTO `help_tour_settings` (`tour_id`, `active`, `access`) VALUES('44f859c50648d3410c39207048ddd833', 1, 'standard');
INSERT INTO `help_tour_settings` (`tour_id`, `active`, `access`) VALUES('ef5092ba722c81c37a5a6bd703890bd9', 1, 'standard');
INSERT INTO `help_tour_settings` (`tour_id`, `active`, `access`) VALUES('6849293baa05be5bef8ff438dc7c438b', 1, 'standard');
INSERT INTO `help_tour_settings` (`tour_id`, `active`, `access`) VALUES('b74f8459dce2437463096d56db7c73b9', 1, 'standard');
INSERT INTO `help_tour_settings` (`tour_id`, `active`, `access`) VALUES('154e711257d4d32d865fb8f5fb70ad72', 1, 'standard');
INSERT INTO `help_tour_settings` (`tour_id`, `active`, `access`) VALUES('19ac063e8319310d059d28379139b1cf', 1, 'standard');
INSERT INTO `help_tour_settings` (`tour_id`, `active`, `access`) VALUES('edfcf78c614869724f93488c4ed09582', 1, 'standard');
INSERT INTO `help_tour_settings` (`tour_id`, `active`, `access`) VALUES('977f41c5c5239c4e86f04c3df27fae38', 0, 'autostart_once');
INSERT INTO `help_tour_settings` (`tour_id`, `active`, `access`) VALUES('49604a77654617a745e29ad6b253e491', 1, 'standard');
INSERT INTO `help_tour_settings` (`tour_id`, `active`, `access`) VALUES('3629493a16bf2680de64361f07cab096', 1, 'standard');
INSERT INTO `help_tour_settings` (`tour_id`, `active`, `access`) VALUES('7cccbe3b22dfa745c17cb776fb04537c', 1, 'standard');
INSERT INTO `help_tour_settings` (`tour_id`, `active`, `access`) VALUES('7af1e1fb7f53c910ba9f42f43a71c723', 1, 'standard');
INSERT INTO `help_tour_settings` (`tour_id`, `active`, `access`) VALUES('c89ce8e097f212e75686f73cc5008711', 1, 'standard');
INSERT INTO `help_tour_settings` (`tour_id`, `active`, `access`) VALUES('de1fbce508d01cbd257f9904ff8c3b43', 1, 'standard');
INSERT INTO `help_tour_settings` (`tour_id`, `active`, `access`) VALUES('1badcf28ab5b206d9150b2b9683b4cb6', 1, 'standard');
INSERT INTO `help_tour_settings` (`tour_id`, `active`, `access`) VALUES('fa963d2ca827b28e0082e98aafc88765', 1, 'standard');
INSERT INTO `help_tour_settings` (`tour_id`, `active`, `access`) VALUES('f0aeb0f6c4da3bd61f48b445d9b30dc1', 1, 'standard');
INSERT INTO `help_tour_settings` (`tour_id`, `active`, `access`) VALUES('3dbe7099f82dcdbba4580acb1105a0d6', 1, 'standard');
INSERT INTO `help_tour_settings` (`tour_id`, `active`, `access`) VALUES('9e9dca9b1214294b9605824bfe90fba1', 1, 'standard');
INSERT INTO `help_tour_settings` (`tour_id`, `active`, `access`) VALUES('89786eac42f52ac316790825b4f5c0b2', 1, 'standard');
INSERT INTO `help_tour_settings` (`tour_id`, `active`, `access`) VALUES('e41611616675b218845fe9f55bc11cf6', 1, 'standard');
INSERT INTO `help_tour_settings` (`tour_id`, `active`, `access`) VALUES('83dc1d25e924f2748ee3293aaf0ede8e', 1, 'standard');
INSERT INTO `help_tour_settings` (`tour_id`, `active`, `access`) VALUES('588effa83da976a889a68c152bcabc90', 1, 'standard');
INSERT INTO `help_tour_settings` (`tour_id`, `active`, `access`) VALUES('d9913517f9c81d2c0fa8362592ce5d0e', 1, 'standard');
INSERT INTO `help_tour_settings` (`tour_id`, `active`, `access`) VALUES('05434e40601a9a2a7f5fa8208ae148c1', 1, 'standard');

--
-- Dumping data for table `help_tour_steps`
--

INSERT INTO `help_tour_steps` (`tour_id`, `step`, `title`, `tip`, `orientation`, `interactive`, `css_selector`, `route`, `action_prev`, `action_next`, `author_email`, `mkdate`, `chdate`) VALUES('96ea422f286fb5bbf9e41beadb484a9a', 3, 'Stud.IP-Score', 'Der Stud.IP-Score wächst mit den Aktivitäten in Stud.IP und repräsentiert so die Erfahrung mit Stud.IP.', 'BL', 0, '#layout_content TABLE:eq(0) TBODY:eq(0) TR:eq(0) TD:eq(0) A:eq(0)', 'dispatch.php/profile', '', '', '', 1406722657, 0);
INSERT INTO `help_tour_steps` (`tour_id`, `step`, `title`, `tip`, `orientation`, `interactive`, `css_selector`, `route`, `action_prev`, `action_next`, `author_email`, `mkdate`, `chdate`) VALUES('96ea422f286fb5bbf9e41beadb484a9a', 5, 'Neue Ankündigung', 'Klicken Sie auf das Plus-Zeichen, wenn Sie eine Ankündigung erstellen möchten.', 'BR', 0, '.contentbox:eq(0) header img:eq(1)', 'dispatch.php/profile', '', '', '', 1406722657, 0);
INSERT INTO `help_tour_steps` (`tour_id`, `step`, `title`, `tip`, `orientation`, `interactive`, `css_selector`, `route`, `action_prev`, `action_next`, `author_email`, `mkdate`, `chdate`) VALUES('96ea422f286fb5bbf9e41beadb484a9a', 1, 'Profil-Tour', 'Diese Tour gibt Ihnen einen Überblick über die wichtigsten Funktionen des "Profils".\r\n\r\nUm auf den nächsten Schritt zu kommen, klicken Sie bitte rechts unten auf "Weiter".', 'T', 0, '', 'dispatch.php/profile', '', '', '', 1406722657, 0);
INSERT INTO `help_tour_steps` (`tour_id`, `step`, `title`, `tip`, `orientation`, `interactive`, `css_selector`, `route`, `action_prev`, `action_next`, `author_email`, `mkdate`, `chdate`) VALUES('96ea422f286fb5bbf9e41beadb484a9a', 6, 'Persönliche Daten', 'Das Bild sowie weitere Nutzerdaten können über diese Seiten geändert werden.', 'BL', 0, '#tabs li:eq(2)', 'dispatch.php/profile', '', '', '', 1406722657, 0);
INSERT INTO `help_tour_steps` (`tour_id`, `step`, `title`, `tip`, `orientation`, `interactive`, `css_selector`, `route`, `action_prev`, `action_next`, `author_email`, `mkdate`, `chdate`) VALUES('96ea422f286fb5bbf9e41beadb484a9a', 2, 'Persönliches Bild', 'Wenn ein Bild hochgeladen wurde, wird es hier angezeigt. Dieses kann jederzeit geändert werden.', 'RT', 0, '.avatar-normal', 'dispatch.php/profile', '', '', '', 1406722657, 0);
INSERT INTO `help_tour_steps` (`tour_id`, `step`, `title`, `tip`, `orientation`, `interactive`, `css_selector`, `route`, `action_prev`, `action_next`, `author_email`, `mkdate`, `chdate`) VALUES('25e7421f286fc5bdf9e41beadb484ffa', 1, 'Profil', 'Diese Tour gibt Ihnen einen Überblick über die wichtigsten Funktionen des "Profils".\r\n\r\nUm auf den nächsten Schritt zu kommen, klicken Sie bitte rechts unten auf "Weiter".', 'B', 0, '', 'dispatch.php/profile', '', '', '', 1406722657, 0);
INSERT INTO `help_tour_steps` (`tour_id`, `step`, `title`, `tip`, `orientation`, `interactive`, `css_selector`, `route`, `action_prev`, `action_next`, `author_email`, `mkdate`, `chdate`) VALUES('25e7421f286fc5bdf9e41beadb484ffa', 2, 'Bild hochladen', 'Auf dieser Seite lässt sich ein Profilbild hochladen.', 'BL', 0, '#nav_profile_avatar A SPAN', 'dispatch.php/settings/avatar', '', '', '', 1406722657, 0);
INSERT INTO `help_tour_steps` (`tour_id`, `step`, `title`, `tip`, `orientation`, `interactive`, `css_selector`, `route`, `action_prev`, `action_next`, `author_email`, `mkdate`, `chdate`) VALUES('25e7421f286fc5bdf9e41beadb484ffa', 3, 'Bild auswählen', 'Dafür kann eine beliebige Bilddatei hochgeladen werden.', 'L', 0, 'input[name=imgfile]', 'dispatch.php/settings/avatar', '', '', '', 1406722657, 0);
INSERT INTO `help_tour_steps` (`tour_id`, `step`, `title`, `tip`, `orientation`, `interactive`, `css_selector`, `route`, `action_prev`, `action_next`, `author_email`, `mkdate`, `chdate`) VALUES('96ea422f286fb5bbf9e41beadb484a9a', 4, 'Ankündigungen', 'Sie können auf dieser Seite persönliche Ankündigungen veröffentlichen.', 'B', 0, '#layout_content SECTION HEADER H1 :eq(0)', 'dispatch.php/profile', '', '', '', 1406722657, 0);
INSERT INTO `help_tour_steps` (`tour_id`, `step`, `title`, `tip`, `orientation`, `interactive`, `css_selector`, `route`, `action_prev`, `action_next`, `author_email`, `mkdate`, `chdate`) VALUES('3629493a16bf2680de64361f07cab096', 3, 'Text gestalten', 'Der Text kann formatiert und mit Smileys versehen werden.\r\nEs können die üblichen Formatierungen verwendet werden, wie z. B. **fett** oder %%kursiv%%.', 'BL', 0, 'TEXTAREA#new_posting.autoresize', 'plugins.php/blubber/streams/forum', '', '', '', 1405508371, 0);
INSERT INTO `help_tour_steps` (`tour_id`, `step`, `title`, `tip`, `orientation`, `interactive`, `css_selector`, `route`, `action_prev`, `action_next`, `author_email`, `mkdate`, `chdate`) VALUES('6849293baa05be5bef8ff438dc7c438b', 4, 'Navigation', 'Falls nur in einem bestimmten Bereich (wie z.B. Lehre) gesucht werden soll, kann dieser hier ausgewählt werden.', 'R', 0, '#layout-sidebar SECTION DIV DIV.sidebar-widget-header :eq(0)', 'dispatch.php/search/courses', '', '', '', 1406121826, 0);
INSERT INTO `help_tour_steps` (`tour_id`, `step`, `title`, `tip`, `orientation`, `interactive`, `css_selector`, `route`, `action_prev`, `action_next`, `author_email`, `mkdate`, `chdate`) VALUES('3a717a468afb0822cb1455e0ae6b6fce', 3, 'Text gestalten', 'Der Text kann formatiert und mit Smileys versehen werden.\r\nEs können die üblichen Formatierungen verwendet werden, wie z. B. **fett** oder %%kursiv%%.', 'BL', 0, 'TEXTAREA#new_posting.autoresize', 'plugins.php/blubber/streams/profile', '', '', '', 1405508371, 0);
INSERT INTO `help_tour_steps` (`tour_id`, `step`, `title`, `tip`, `orientation`, `interactive`, `css_selector`, `route`, `action_prev`, `action_next`, `author_email`, `mkdate`, `chdate`) VALUES('3629493a16bf2680de64361f07cab096', 9, 'Beitrag verlinken', 'Wird der Mauszeiger auf dem ersten Diskussionsbeitrag positioniert, erscheint links neben dem Datum ein Link-Icon. Wenn dieses mit der rechten Maustaste angeklickt wird, kann der Link auf diesen Beitrag kopiert werden, um ihn an anderer Stelle einfügen zu können.', 'BR', 0, 'DIV DIV A.permalink', 'plugins.php/blubber/streams/forum', '', '', '', 1405508281, 0);
INSERT INTO `help_tour_steps` (`tour_id`, `step`, `title`, `tip`, `orientation`, `interactive`, `css_selector`, `route`, `action_prev`, `action_next`, `author_email`, `mkdate`, `chdate`) VALUES('3629493a16bf2680de64361f07cab096', 8, 'Beitrag ändern', 'Wird der Mauszeiger auf einem beliebigen Beitrag positioniert, erscheint dessen Datum. Bei eigenen Beiträgen erscheint außerdem rechts neben dem Datum ein Icon, mit dem der Beitrag nachträglich geändert werden kann.', 'BR', 0, 'DIV DIV A SPAN.time', 'plugins.php/blubber/streams/forum', '', '', '', 1405507901, 0);
INSERT INTO `help_tour_steps` (`tour_id`, `step`, `title`, `tip`, `orientation`, `interactive`, `css_selector`, `route`, `action_prev`, `action_next`, `author_email`, `mkdate`, `chdate`) VALUES('21f487fa74e3bfc7789886f40fe4131a', 1, 'Forum', 'Diese Tour gibt einen Überblick über die Elemente und Interaktionsmöglichkeiten des Forums.\r\n\r\nUm zum nächsten Schritt zu gelangen, klicken Sie bitte rechts unten auf "Weiter".', 'BL', 0, '', 'plugins.php/coreforum', '', '', '', 1405415772, 0);
INSERT INTO `help_tour_steps` (`tour_id`, `step`, `title`, `tip`, `orientation`, `interactive`, `css_selector`, `route`, `action_prev`, `action_next`, `author_email`, `mkdate`, `chdate`) VALUES('21f487fa74e3bfc7789886f40fe4131a', 2, 'Sie befinden sich hier:...', 'An dieser Stelle wird angezeigt, welcher Bereich des Forums gerade betrachtet wird.', 'BL', 0, 'DIV#tutorBreadcrumb', 'plugins.php/coreforum', '', '', '', 1405415875, 0);
INSERT INTO `help_tour_steps` (`tour_id`, `step`, `title`, `tip`, `orientation`, `interactive`, `css_selector`, `route`, `action_prev`, `action_next`, `author_email`, `mkdate`, `chdate`) VALUES('44f859c50648d3410c39207048ddd833', 1, 'Forum verwalten', 'Sie haben die Möglichkeit sich eine Tour zur Verwaltung des Forums anzuschauen.\r\n\r\nUm die Tour zu beginnen, klicken Sie bitte unten rechts auf "Weiter".', 'TL', 0, '', 'plugins.php/coreforum', '', '', '', 1405418008, 0);
INSERT INTO `help_tour_steps` (`tour_id`, `step`, `title`, `tip`, `orientation`, `interactive`, `css_selector`, `route`, `action_prev`, `action_next`, `author_email`, `mkdate`, `chdate`) VALUES('21f487fa74e3bfc7789886f40fe4131a', 3, 'Kategorie', 'Das Forum ist unterteilt in Kategorien, Themen und Beiträge. Eine Kategorie fasst Forumsbereiche in größere Sinneinheiten zusammen.', 'BL', 0, '#layout_content #forum #sortable_areas TABLE CAPTION .category_name :eq(0)', 'plugins.php/coreforum', '', '', '', 1405416611, 0);
INSERT INTO `help_tour_steps` (`tour_id`, `step`, `title`, `tip`, `orientation`, `interactive`, `css_selector`, `route`, `action_prev`, `action_next`, `author_email`, `mkdate`, `chdate`) VALUES('21f487fa74e3bfc7789886f40fe4131a', 4, 'Bereich', 'Das ist ein Bereich innerhalb einer Kategorie. Bereiche beinhalten die Diskussionstränge. Bereiche können mit per drag & drop in ihrer Reihenfolge verschoben werden.', 'BL', 0, '#layout_content #forum TABLE THEAD TR TH :eq(0)', 'plugins.php/coreforum', '', '', '', 1405416664, 0);
INSERT INTO `help_tour_steps` (`tour_id`, `step`, `title`, `tip`, `orientation`, `interactive`, `css_selector`, `route`, `action_prev`, `action_next`, `author_email`, `mkdate`, `chdate`) VALUES('21f487fa74e3bfc7789886f40fe4131a', 5, 'Info-Icon', 'Dieses Icon färbt sich rot, sobald es etwas neues in diesem Bereich gibt.', 'B', 0, 'IMG#tutorNotificationIcon', 'plugins.php/coreforum', '', '', '', 1405416705, 0);
INSERT INTO `help_tour_steps` (`tour_id`, `step`, `title`, `tip`, `orientation`, `interactive`, `css_selector`, `route`, `action_prev`, `action_next`, `author_email`, `mkdate`, `chdate`) VALUES('21f487fa74e3bfc7789886f40fe4131a', 7, 'Forum abonnieren', 'Das gesamte Forum, oder einzelne Themen können abonniert werden. Dann wird bei jedem neuen Beitrag in diesem Forum eine Benachrichtigung angezeigt und eine Nachricht versendet.', 'B', 0, '#layout-sidebar SECTION DIV DIV UL LI A :eq(5)', 'plugins.php/coreforum', '', '', '', 1405416795, 0);
INSERT INTO `help_tour_steps` (`tour_id`, `step`, `title`, `tip`, `orientation`, `interactive`, `css_selector`, `route`, `action_prev`, `action_next`, `author_email`, `mkdate`, `chdate`) VALUES('21f487fa74e3bfc7789886f40fe4131a', 6, 'Suchen', 'Hier können sämtliche Inhalte dieses Forums durchsucht werden.\r\nUnterstützt werden auch Mehrwortsuchen. Außerdem kann die Suche auf eine beliebige Kombination aus Titel, Inhalt und Autor eingeschränkt werden.', 'BL', 0, '#layout-sidebar SECTION #tutorSearchInfobox DIV #tutorSearchInfobox UL LI INPUT :eq(1)', 'plugins.php/coreforum', '', '', '', 1405417134, 0);
INSERT INTO `help_tour_steps` (`tour_id`, `step`, `title`, `tip`, `orientation`, `interactive`, `css_selector`, `route`, `action_prev`, `action_next`, `author_email`, `mkdate`, `chdate`) VALUES('44f859c50648d3410c39207048ddd833', 2, 'Kategorie bearbeiten', 'Mit diesen Icons kann der Name der Kategorie geändert oder aber die gesamte Kategorie gelöscht werden. Die Bereiche werden in diesem Fall in die Kategorie "Allgemein" verschoben und bleiben somit erhalten.\r\n\r\nDie Kategorie "Allgemein" kann nicht gelöscht werden und ist daher in jedem Forum enthalten.', 'BR', 0, '#forum #sortable_areas TABLE CAPTION #tutorCategoryIcons', 'plugins.php/coreforum', '', '', '', 1405424216, 0);
INSERT INTO `help_tour_steps` (`tour_id`, `step`, `title`, `tip`, `orientation`, `interactive`, `css_selector`, `route`, `action_prev`, `action_next`, `author_email`, `mkdate`, `chdate`) VALUES('44f859c50648d3410c39207048ddd833', 3, 'Bereich bearbeiten', 'Wird der Mauszeiger auf einem Bereich positioniert, erscheinen Aktions-Icons.\r\nMit diesen Icons kann der Name und die Beschreibung eines Bereiches geändert oder auch der gesamte Bereich gelöscht werden.\r\nDas Löschen eines Bereichs, führt dazu, dass alle enthaltenen Themen gelöscht werden.', 'B', 0, 'IMG.edit-area', 'plugins.php/coreforum', '', '', '', 1405424346, 0);
INSERT INTO `help_tour_steps` (`tour_id`, `step`, `title`, `tip`, `orientation`, `interactive`, `css_selector`, `route`, `action_prev`, `action_next`, `author_email`, `mkdate`, `chdate`) VALUES('44f859c50648d3410c39207048ddd833', 4, 'Bereiche sortieren', 'Mit dieser schraffierten Fläche können Bereiche an einer beliebigen Stelle durch Klicken-und-Ziehen einsortiert werden. Dies kann einerseits dazu verwendet werden, um Bereiche innerhalb einer Kategorie zu sortieren, andererseits können Bereiche in andere Kategorien verschoben werden.', 'BR', 0, 'HTML #plugins #layout_wrapper #layout_page #layout_container #layout_content #forum #sortable_areas TABLE TBODY #tutorArea TD IMG#tutorMoveArea.handle.js :eq(1)', 'plugins.php/coreforum', '', '', '', 1405424379, 0);
INSERT INTO `help_tour_steps` (`tour_id`, `step`, `title`, `tip`, `orientation`, `interactive`, `css_selector`, `route`, `action_prev`, `action_next`, `author_email`, `mkdate`, `chdate`) VALUES('44f859c50648d3410c39207048ddd833', 5, 'Neuen Bereich hinzufügen', 'Hier können neue Bereiche zu einer Kategorie hinzugefügt werden.', 'BR', 0, 'TFOOT TR TD A SPAN', 'plugins.php/coreforum', '', '', '', 1405424421, 0);
INSERT INTO `help_tour_steps` (`tour_id`, `step`, `title`, `tip`, `orientation`, `interactive`, `css_selector`, `route`, `action_prev`, `action_next`, `author_email`, `mkdate`, `chdate`) VALUES('44f859c50648d3410c39207048ddd833', 6, 'Neue Kategorie erstellen', 'Hier kann eine neue Kategorie im Forum erstellt werden. Geben Sie hierfür den Titel der neuen Kategorie ein.', 'TL', 0, '#tutorAddCategory H2', 'plugins.php/coreforum', '', '', '', 1405424458, 0);
INSERT INTO `help_tour_steps` (`tour_id`, `step`, `title`, `tip`, `orientation`, `interactive`, `css_selector`, `route`, `action_prev`, `action_next`, `author_email`, `mkdate`, `chdate`) VALUES('ef5092ba722c81c37a5a6bd703890bd9', 1, 'Was ist Blubbern?', 'Diese Tour gibt Ihnen einen Überblick über die wichtigsten Funktionen von "Blubber".\r\n\r\nUm auf den nächsten Schritt zu kommen, klicken Sie bitte rechts unten auf "Weiter".', 'TL', 0, '', 'plugins.php/blubber/streams/global', '', '', '', 1405507364, 0);
INSERT INTO `help_tour_steps` (`tour_id`, `step`, `title`, `tip`, `orientation`, `interactive`, `css_selector`, `route`, `action_prev`, `action_next`, `author_email`, `mkdate`, `chdate`) VALUES('ef5092ba722c81c37a5a6bd703890bd9', 2, 'Beitrag erstellen', 'Hier kann eine Diskussion durch Schreiben von Text begonnen werden. Absätze lassen sich durch Drücken von Umschalt+Eingabe erzeugen. Der Text wird durch Drücken von Eingabe abgeschickt.', 'BL', 0, 'TEXTAREA#new_posting.autoresize', 'plugins.php/blubber/streams/global', '', '', '', 1405507478, 0);
INSERT INTO `help_tour_steps` (`tour_id`, `step`, `title`, `tip`, `orientation`, `interactive`, `css_selector`, `route`, `action_prev`, `action_next`, `author_email`, `mkdate`, `chdate`) VALUES('ef5092ba722c81c37a5a6bd703890bd9', 8, 'Beitrag ändern', 'Wird der Mauszeiger auf einem beliebigen Beitrag positioniert, erscheint dessen Datum. Bei eigenen Beiträgen erscheint außerdem rechts neben dem Datum ein Icon, mit dem der Beitrag nachträglich geändert werden kann.', 'BR', 0, 'DIV DIV A SPAN.time', 'plugins.php/blubber/streams/global', '', '', '', 1405507901, 0);
INSERT INTO `help_tour_steps` (`tour_id`, `step`, `title`, `tip`, `orientation`, `interactive`, `css_selector`, `route`, `action_prev`, `action_next`, `author_email`, `mkdate`, `chdate`) VALUES('ef5092ba722c81c37a5a6bd703890bd9', 9, 'Beitrag verlinken', 'Wird der Mauszeiger auf dem ersten Diskussionsbeitrag positioniert, erscheint links neben dem Datum ein Link-Icon. Wenn dieses mit der rechten Maustaste angeklickt wird, kann der Link auf diesen Beitrag kopiert werden, um ihn an anderer Stelle einfügen zu können.', 'BR', 0, 'DIV DIV A.permalink', 'plugins.php/blubber/streams/global', '', '', '', 1405508281, 0);
INSERT INTO `help_tour_steps` (`tour_id`, `step`, `title`, `tip`, `orientation`, `interactive`, `css_selector`, `route`, `action_prev`, `action_next`, `author_email`, `mkdate`, `chdate`) VALUES('ef5092ba722c81c37a5a6bd703890bd9', 3, 'Text gestalten', 'Der Text kann formatiert und mit Smileys versehen werden.\r\nEs können die üblichen Formatierungen verwendet werden, wie z. B. **fett** oder %%kursiv%%.', 'BL', 0, 'TEXTAREA#new_posting.autoresize', 'plugins.php/blubber/streams/global', '', '', '', 1405508371, 0);
INSERT INTO `help_tour_steps` (`tour_id`, `step`, `title`, `tip`, `orientation`, `interactive`, `css_selector`, `route`, `action_prev`, `action_next`, `author_email`, `mkdate`, `chdate`) VALUES('ef5092ba722c81c37a5a6bd703890bd9', 5, 'Datei hinzufügen', 'Dateien können in einen Beitrag eingefügt werden, indem sie per Drag&Drop in ein Eingabefeld gezogen werden.', 'BL', 0, 'TEXTAREA#new_posting.autoresize', 'plugins.php/blubber/streams/global', '', '', '', 1405508401, 0);
INSERT INTO `help_tour_steps` (`tour_id`, `step`, `title`, `tip`, `orientation`, `interactive`, `css_selector`, `route`, `action_prev`, `action_next`, `author_email`, `mkdate`, `chdate`) VALUES('ef5092ba722c81c37a5a6bd703890bd9', 6, 'Schlagworte', 'Beiträge können mit Schlagworten (engl. "Hashtags") versehen werden, indem einem beliebigen Wort des Beitrags ein # vorangestellt wird.', 'BL', 0, 'TEXTAREA#new_posting.autoresize', 'plugins.php/blubber/streams/global', '', '', '', 1405508442, 0);
INSERT INTO `help_tour_steps` (`tour_id`, `step`, `title`, `tip`, `orientation`, `interactive`, `css_selector`, `route`, `action_prev`, `action_next`, `author_email`, `mkdate`, `chdate`) VALUES('ef5092ba722c81c37a5a6bd703890bd9', 7, 'Schlagwortwolke', 'Durch Anklicken eines Schlagwortes werden alle Beiträge aufgelistet, die dieses Schlagwort enthalten.', 'RT', 0, '#layout-sidebar SECTION DIV DIV.sidebar-widget-header :eq(1)', 'plugins.php/blubber/streams/global', '', '', '', 1405508505, 0);
INSERT INTO `help_tour_steps` (`tour_id`, `step`, `title`, `tip`, `orientation`, `interactive`, `css_selector`, `route`, `action_prev`, `action_next`, `author_email`, `mkdate`, `chdate`) VALUES('3a717a468afb0822cb1455e0ae6b6fce', 9, 'Beitrag verlinken', 'Wird der Mauszeiger auf dem ersten Diskussionsbeitrag positioniert, erscheint links neben dem Datum ein Link-Icon. Wenn dieses mit der rechten Maustaste angeklickt wird, kann der Link auf diesen Beitrag kopiert werden, um ihn an anderer Stelle einfügen zu können.', 'BR', 0, 'DIV DIV A.permalink', 'plugins.php/blubber/streams/profile', '', '', '', 1405508281, 0);
INSERT INTO `help_tour_steps` (`tour_id`, `step`, `title`, `tip`, `orientation`, `interactive`, `css_selector`, `route`, `action_prev`, `action_next`, `author_email`, `mkdate`, `chdate`) VALUES('6849293baa05be5bef8ff438dc7c438b', 1, 'Suche', 'Diese Tour gibt Ihnen einen Überblick über die wichtigsten Funktionen der "Suche".\r\n\r\nUm auf den nächsten Schritt zu kommen, klicken Sie bitte rechts unten auf "Weiter".', 'TL', 0, '', 'dispatch.php/search/courses', '', '', '', 1405519865, 0);
INSERT INTO `help_tour_steps` (`tour_id`, `step`, `title`, `tip`, `orientation`, `interactive`, `css_selector`, `route`, `action_prev`, `action_next`, `author_email`, `mkdate`, `chdate`) VALUES('6849293baa05be5bef8ff438dc7c438b', 2, 'Suchbegriff eingeben', 'In dieses Eingabefeld kann ein Suchbegriff (wie z.B. der Veranstaltungsname, Dozent) eingegeben werden.', 'B', 0, 'INPUT#search_sem_quick_search_1.ui-autocomplete-input', 'dispatch.php/search/courses', '', '', '', 1405520106, 0);
INSERT INTO `help_tour_steps` (`tour_id`, `step`, `title`, `tip`, `orientation`, `interactive`, `css_selector`, `route`, `action_prev`, `action_next`, `author_email`, `mkdate`, `chdate`) VALUES('6849293baa05be5bef8ff438dc7c438b', 3, 'Semesterauswahl', 'Durch einen Klick auf das Drop-Down Menü kann bestimmt werden, auf welches Semester sich der Suchbegriff beziehen soll. \r\n\r\nStandardgemäß ist das aktuelle Semester eingestellt.', 'TL', 0, 'SELECT#search_sem_sem', 'dispatch.php/search/courses', '', '', '', 1405520208, 0);
INSERT INTO `help_tour_steps` (`tour_id`, `step`, `title`, `tip`, `orientation`, `interactive`, `css_selector`, `route`, `action_prev`, `action_next`, `author_email`, `mkdate`, `chdate`) VALUES('6849293baa05be5bef8ff438dc7c438b', 5, 'Erweiterte Suche', 'Mit der Erweiterten Suche kann die Suche um weitere Optionen erweitert werden.', 'R', 0, 'A.options-checkbox.options-unchecked', 'dispatch.php/search/courses', '', '', '', 1405520436, 0);
INSERT INTO `help_tour_steps` (`tour_id`, `step`, `title`, `tip`, `orientation`, `interactive`, `css_selector`, `route`, `action_prev`, `action_next`, `author_email`, `mkdate`, `chdate`) VALUES('6849293baa05be5bef8ff438dc7c438b', 6, 'Schnellsuche', 'Die Schnellsuche ist auch auf anderen Seiten von Stud.IP jederzeit verfügbar. Nach der Eingabe eines Stichwortes, wird mit "Enter" bestätigt, oder auf die Lupe rechts neben dem Feld geklickt.', 'B', 0, 'INPUT#search_sem_quick_search_2.quicksearchbox.ui-autocomplete-input', 'dispatch.php/search/courses', '', '', '', 1405520634, 0);
INSERT INTO `help_tour_steps` (`tour_id`, `step`, `title`, `tip`, `orientation`, `interactive`, `css_selector`, `route`, `action_prev`, `action_next`, `author_email`, `mkdate`, `chdate`) VALUES('6849293baa05be5bef8ff438dc7c438b', 7, 'Weitere Suchmöglichkeiten', 'Neben Veranstaltungen besteht auch die Möglichkeit, im Archiv, nach Personen, nach Einrichtungen oder nach Ressourcen zu suchen.', 'R', 0, '#nav_search_resources A SPAN', 'dispatch.php/search/courses', '', '', '', 1405520751, 0);
INSERT INTO `help_tour_steps` (`tour_id`, `step`, `title`, `tip`, `orientation`, `interactive`, `css_selector`, `route`, `action_prev`, `action_next`, `author_email`, `mkdate`, `chdate`) VALUES('b74f8459dce2437463096d56db7c73b9', 1, 'Hilfe-Tour "Meine Veranstaltungen"', 'Diese Tour gibt einen Überblick über die wichtigsten Funktionen der Seite "Meine Veranstaltungen".\r\n\r\nUm auf den nächsten Schritt zu kommen, klicken Sie bitte rechts unten auf "Weiter".', 'TL', 0, '', 'dispatch.php/my_courses', '', '', '', 1405521184, 0);
INSERT INTO `help_tour_steps` (`tour_id`, `step`, `title`, `tip`, `orientation`, `interactive`, `css_selector`, `route`, `action_prev`, `action_next`, `author_email`, `mkdate`, `chdate`) VALUES('b74f8459dce2437463096d56db7c73b9', 2, 'Veranstaltungsüberblick', 'Hier werden die  Veranstaltungen des aktuellen und vergangenen Semesters angezeigt. Neue Veranstaltungen erscheinen zunächst in rot.', 'T', 0, '#my_seminars TABLE THEAD TR TH :eq(2)', 'dispatch.php/my_courses', '', '', '', 1405521244, 0);
INSERT INTO `help_tour_steps` (`tour_id`, `step`, `title`, `tip`, `orientation`, `interactive`, `css_selector`, `route`, `action_prev`, `action_next`, `author_email`, `mkdate`, `chdate`) VALUES('154e711257d4d32d865fb8f5fb70ad72', 1, 'Meine Dateien', 'Meine Dateien ist der persönliche Dateibereich. Hier können Dateien auf Stud.IP gespeichert werden, um sie von dort auf andere Rechner herunterladen zu können.\r\n\r\nAndere Studierende oder Dozierende erhalten keinen Zugriff auf Dateien, die in den persönlichen Dateibereich hochgeladen werden.\r\n\r\nUm auf den nächsten Schritt zu kommen, klicken Sie bitte rechts unten auf "Weiter".', 'TL', 0, '', 'dispatch.php/document/files', '', '', '', 1405592884, 0);
INSERT INTO `help_tour_steps` (`tour_id`, `step`, `title`, `tip`, `orientation`, `interactive`, `css_selector`, `route`, `action_prev`, `action_next`, `author_email`, `mkdate`, `chdate`) VALUES('154e711257d4d32d865fb8f5fb70ad72', 4, 'Dateiübersicht', 'Alle Dateien und Verzeichnisse werden tabellarisch aufgelistet. Neben dem Namen werden noch weitere Informationen wie der Dateityp oder die Dateigröße angezeigt.', 'TL', 0, '#layout_content FORM TABLE THEAD TR TH :eq(3)', 'dispatch.php/document/files', '', '', '', 1405593089, 0);
INSERT INTO `help_tour_steps` (`tour_id`, `step`, `title`, `tip`, `orientation`, `interactive`, `css_selector`, `route`, `action_prev`, `action_next`, `author_email`, `mkdate`, `chdate`) VALUES('154e711257d4d32d865fb8f5fb70ad72', 3, 'Neue Dateien und Verzeichnisse', 'Hier können neue Dateien von dem Computer in den persönlichen Dateibereich hochgeladen und neue Verzeichnisse erstellt werden.', 'TL', 0, '#layout-sidebar SECTION DIV DIV UL LI A :eq(0)', 'dispatch.php/document/files', '', '', '', 1405593409, 0);
INSERT INTO `help_tour_steps` (`tour_id`, `step`, `title`, `tip`, `orientation`, `interactive`, `css_selector`, `route`, `action_prev`, `action_next`, `author_email`, `mkdate`, `chdate`) VALUES('ef5092ba722c81c37a5a6bd703890bd9', 4, 'Personen erwähnen', 'Andere können über einen Beitrag informiert werden, indem sie per @benutzername oder @"Vorname Nachname" im Beitrag erwähnt werden.', 'BL', 0, 'TEXTAREA#new_posting.autoresize', 'plugins.php/blubber/streams/global', '', '', '', 1405672301, 0);
INSERT INTO `help_tour_steps` (`tour_id`, `step`, `title`, `tip`, `orientation`, `interactive`, `css_selector`, `route`, `action_prev`, `action_next`, `author_email`, `mkdate`, `chdate`) VALUES('154e711257d4d32d865fb8f5fb70ad72', 6, 'Export', 'Hier besteht die Möglichkeit einzelne Ordner oder den vollständigen Dateibereich als ZIP-Datei herunterzuladen. Darin sind alle Dateien und Verzeichnisse enthalten.', 'TL', 0, '#layout-sidebar SECTION DIV DIV.sidebar-widget-header :eq(1)', 'dispatch.php/document/files', '', '', '', 1405593708, 0);
INSERT INTO `help_tour_steps` (`tour_id`, `step`, `title`, `tip`, `orientation`, `interactive`, `css_selector`, `route`, `action_prev`, `action_next`, `author_email`, `mkdate`, `chdate`) VALUES('154e711257d4d32d865fb8f5fb70ad72', 5, 'Aktionen', 'Bereits hochgeladene Dateien und Ordner können hier bearbeitet, heruntergeladen, verschoben, kopiert und gelöscht werden.', 'TR', 0, '#layout_content FORM TABLE THEAD TR TH :eq(7)', 'dispatch.php/document/files', '', '', '', 1405594079, 0);
INSERT INTO `help_tour_steps` (`tour_id`, `step`, `title`, `tip`, `orientation`, `interactive`, `css_selector`, `route`, `action_prev`, `action_next`, `author_email`, `mkdate`, `chdate`) VALUES('154e711257d4d32d865fb8f5fb70ad72', 2, 'Verfügbarer Speicherplatz', 'Der Speicherplatz des persönlichen Dateibereichs ist begrenzt. Es wird angezeigt, wie viel Speicherplatz noch verfügbar ist.', 'BR', 0, 'DIV.caption-actions', 'dispatch.php/document/files', '', '', '', 1405594184, 0);
INSERT INTO `help_tour_steps` (`tour_id`, `step`, `title`, `tip`, `orientation`, `interactive`, `css_selector`, `route`, `action_prev`, `action_next`, `author_email`, `mkdate`, `chdate`) VALUES('edfcf78c614869724f93488c4ed09582', 5, 'Rundmail an Nutzergruppe versenden', 'Weiterhin besteht die Möglichkeit eine Rundmail an einzelne Nutzergruppen zu versenden.', 'BR', 0, '#layout_container #layout_content TABLE CAPTION SPAN A IMG :eq(0)', 'dispatch.php/course/members', '', '', '', 1406637123, 0);
INSERT INTO `help_tour_steps` (`tour_id`, `step`, `title`, `tip`, `orientation`, `interactive`, `css_selector`, `route`, `action_prev`, `action_next`, `author_email`, `mkdate`, `chdate`) VALUES('25e7421f286fc5bdf9e41beadb484ffa', 4, 'Voraussetzungen', 'Eine Bilddatei muss im **.jpg**, **.png** oder **.gif** Format vorliegen.\r\nDie Dateigröße darf 700 KB nicht überschreiten.', 'L', 0, '#layout_content #edit_avatar TBODY TR TD FORM B :eq(2)', 'dispatch.php/settings/avatar', '', '', '', 1406722657, 0);
INSERT INTO `help_tour_steps` (`tour_id`, `step`, `title`, `tip`, `orientation`, `interactive`, `css_selector`, `route`, `action_prev`, `action_next`, `author_email`, `mkdate`, `chdate`) VALUES('19ac063e8319310d059d28379139b1cf', 1, 'Studiengruppe anlegen', 'Studiengruppen ermöglichen die Zusammenarbeit mit KommilitonInnen oder KolegInnen. Diese Tour gibt Ihnen einen Überblick darüber wie Sie Studiengruppen anlegen können.\r\n\r\nUm zum nächsten Schritt zu gelangen, klicken Sie bitte rechts unten auf "Weiter".', 'R', 0, '', 'dispatch.php/my_studygroups', '', '', '', 1405684423, 0);
INSERT INTO `help_tour_steps` (`tour_id`, `step`, `title`, `tip`, `orientation`, `interactive`, `css_selector`, `route`, `action_prev`, `action_next`, `author_email`, `mkdate`, `chdate`) VALUES('19ac063e8319310d059d28379139b1cf', 2, 'Studiengruppe anlegen', 'Mit Klick auf "Neue Studiengruppe anlegen" kann eine neue Studiengruppe angelegt werden.', 'R', 0, 'A#nav_browse_new', 'dispatch.php/my_studygroups', '', '', '', 1406017730, 0);
INSERT INTO `help_tour_steps` (`tour_id`, `step`, `title`, `tip`, `orientation`, `interactive`, `css_selector`, `route`, `action_prev`, `action_next`, `author_email`, `mkdate`, `chdate`) VALUES('19ac063e8319310d059d28379139b1cf', 3, 'Studiengruppe benennen', 'Der Name einer Studiengruppe sollte aussagekräftig sein und einmalig im gesamten Stud.IP.', 'R', 0, 'INPUT#groupname', 'dispatch.php/course/studygroup/new', '', '', '', 1405684720, 0);
INSERT INTO `help_tour_steps` (`tour_id`, `step`, `title`, `tip`, `orientation`, `interactive`, `css_selector`, `route`, `action_prev`, `action_next`, `author_email`, `mkdate`, `chdate`) VALUES('19ac063e8319310d059d28379139b1cf', 4, 'Beschreibung hinzufügen', 'Die Beschreibung ermöglicht es weitere Informationen anzuzeigen und somit das Auffinden der Gruppe zu erleichtern.', 'R', 0, 'TEXTAREA#groupdescription', 'dispatch.php/course/studygroup/new', '', '', '', 1405684806, 0);
INSERT INTO `help_tour_steps` (`tour_id`, `step`, `title`, `tip`, `orientation`, `interactive`, `css_selector`, `route`, `action_prev`, `action_next`, `author_email`, `mkdate`, `chdate`) VALUES('19ac063e8319310d059d28379139b1cf', 8, 'Studiengruppe speichern', 'Nach dem Speichern einer Studiengruppe erscheint diese unter "Veranstaltungen > Meine Studiengruppen".', 'L', 0, '#layout_content FORM TABLE TBODY TR TD :eq(14)', 'dispatch.php/course/studygroup/new', '', '', '', 1405686068, 0);
INSERT INTO `help_tour_steps` (`tour_id`, `step`, `title`, `tip`, `orientation`, `interactive`, `css_selector`, `route`, `action_prev`, `action_next`, `author_email`, `mkdate`, `chdate`) VALUES('19ac063e8319310d059d28379139b1cf', 5, 'Inhaltselemente zuordnen', 'Hier können Inhaltselemente aktiviert werden, welche  innerhalb der Studiengruppe zur Verfügung stehen sollen. Das Fragezeichen gibt nähere Informationen zur Bedeutung der einzelnen Inhaltselemente.', 'L', 0, '#layout_content FORM TABLE TBODY TR TD :eq(5)', 'dispatch.php/course/studygroup/new', '', '', '', 1405685093, 0);
INSERT INTO `help_tour_steps` (`tour_id`, `step`, `title`, `tip`, `orientation`, `interactive`, `css_selector`, `route`, `action_prev`, `action_next`, `author_email`, `mkdate`, `chdate`) VALUES('19ac063e8319310d059d28379139b1cf', 6, 'Zugang festlegen', 'Mit diesem Drop-down-Menü kann der Zugang zur Studiengruppe eingeschränkt werden.\r\n\r\nBeim Zugang "offen für alle" können sich alle Studierenden frei eintragen und an der Gruppe beteiligen.\r\n\r\nBeim Zugang "Auf Anfrage" müssen Teilnehmer durch den Gruppengründer hinzugefügt werden.', 'R', 0, 'SELECT#groupaccess', 'dispatch.php/course/studygroup/new', '', '', '', 1405685334, 0);
INSERT INTO `help_tour_steps` (`tour_id`, `step`, `title`, `tip`, `orientation`, `interactive`, `css_selector`, `route`, `action_prev`, `action_next`, `author_email`, `mkdate`, `chdate`) VALUES('19ac063e8319310d059d28379139b1cf', 7, 'Nutzungsbedingungen akzeptieren', 'Bei der Erstellung einer Studiengruppe müssen die Nutzungsbedingungen akzeptiert werden.', 'R', 0, 'P LABEL', 'dispatch.php/course/studygroup/new', '', '', '', 1405685652, 0);
INSERT INTO `help_tour_steps` (`tour_id`, `step`, `title`, `tip`, `orientation`, `interactive`, `css_selector`, `route`, `action_prev`, `action_next`, `author_email`, `mkdate`, `chdate`) VALUES('edfcf78c614869724f93488c4ed09582', 6, 'Gruppen erstellen', 'Hier können die TeilnehmerInnen der Veranstaltung in Gruppen eingeteilt werden.', 'R', 0, 'A#nav_course_edit_groups', 'dispatch.php/course/members', '', '', '', 1405689311, 0);
INSERT INTO `help_tour_steps` (`tour_id`, `step`, `title`, `tip`, `orientation`, `interactive`, `css_selector`, `route`, `action_prev`, `action_next`, `author_email`, `mkdate`, `chdate`) VALUES('b74f8459dce2437463096d56db7c73b9', 3, 'Veranstaltungsdetails', 'Mit Klick auf das "i" erscheint ein Fenster mit den wichtigsten Eckdaten der Veranstaltung.', 'T', 0, '#my_seminars TABLE THEAD TR TH :eq(3)', 'dispatch.php/my_courses', '', '', '', 1405931069, 0);
INSERT INTO `help_tour_steps` (`tour_id`, `step`, `title`, `tip`, `orientation`, `interactive`, `css_selector`, `route`, `action_prev`, `action_next`, `author_email`, `mkdate`, `chdate`) VALUES('edfcf78c614869724f93488c4ed09582', 7, 'Gruppe benennen', 'Sie können in den Vorlagen nach einem passenden Gruppennamen suchen und ihn mit dem gelben Doppelpfeil auswählen. Alternativ haben Sie auch die Möglichkeit, einen neuen Gruppennamen zu bestimmen, indem Sie im rechten Feld den Namen direkt eintragen.', 'B', 0, 'SELECT', 'admin_statusgruppe.php', '', '', '', 1405689541, 0);
INSERT INTO `help_tour_steps` (`tour_id`, `step`, `title`, `tip`, `orientation`, `interactive`, `css_selector`, `route`, `action_prev`, `action_next`, `author_email`, `mkdate`, `chdate`) VALUES('edfcf78c614869724f93488c4ed09582', 1, 'Teilnehmerverwaltung', 'Diese Tour gibt einen Überblick über die Teilnehmerverwaltung einer Veranstaltung.\r\n\r\nUm zum nächsten Schritt zu gelangen, klicken Sie bitte rechts unten auf "Weiter".', 'B', 0, '', 'dispatch.php/course/members', '', '', '', 1405688399, 0);
INSERT INTO `help_tour_steps` (`tour_id`, `step`, `title`, `tip`, `orientation`, `interactive`, `css_selector`, `route`, `action_prev`, `action_next`, `author_email`, `mkdate`, `chdate`) VALUES('edfcf78c614869724f93488c4ed09582', 2, 'Personen eintragen', 'Mit diesen Funktionen können entweder einzelne Personen in Stud.IP gesucht und direkt als DozentIn, TutorIn oder AutorIn eintragen werden. Es ist auch möglich eine Teilnehmerliste einzugeben, um viele Personen auf einmal als TutorIn der Veranstaltung zuzuordnen.', 'R', 0, '#layout-sidebar SECTION DIV.sidebar-widget :eq(1)', 'dispatch.php/course/members', '', '', '', 1405688707, 0);
INSERT INTO `help_tour_steps` (`tour_id`, `step`, `title`, `tip`, `orientation`, `interactive`, `css_selector`, `route`, `action_prev`, `action_next`, `author_email`, `mkdate`, `chdate`) VALUES('edfcf78c614869724f93488c4ed09582', 4, 'Rundmail verschicken', 'Hier kann eine Rundmail an alle Teilnehmende der Veranstaltung verschickt werden.', 'R', 0, '#layout-sidebar SECTION DIV DIV UL LI A :eq(3)', 'dispatch.php/course/members', '', '', '', 1406636964, 0);
INSERT INTO `help_tour_steps` (`tour_id`, `step`, `title`, `tip`, `orientation`, `interactive`, `css_selector`, `route`, `action_prev`, `action_next`, `author_email`, `mkdate`, `chdate`) VALUES('edfcf78c614869724f93488c4ed09582', 8, 'Gruppengröße', 'Mit dem Feld "Gruppengröße" können Sie die maximale Anzahl der Teilnehmer einer Gruppe festlegen. Wenn Sie dies nicht benötigen, lassen Sie das Feld einfach leer.', 'B', 0, 'INPUT#role_size', 'admin_statusgruppe.php', '', '', '', 1405689763, 0);
INSERT INTO `help_tour_steps` (`tour_id`, `step`, `title`, `tip`, `orientation`, `interactive`, `css_selector`, `route`, `action_prev`, `action_next`, `author_email`, `mkdate`, `chdate`) VALUES('edfcf78c614869724f93488c4ed09582', 9, 'Selbsteintrag', 'Wenn Sie die Funktion "Selbsteintrag" aktivieren, können sich die Teilnehmenden der Veranstaltung selbst in die Gruppen eintragen.', 'B', 0, 'INPUT#self_assign', 'admin_statusgruppe.php', '', '', '', 1405689852, 0);
INSERT INTO `help_tour_steps` (`tour_id`, `step`, `title`, `tip`, `orientation`, `interactive`, `css_selector`, `route`, `action_prev`, `action_next`, `author_email`, `mkdate`, `chdate`) VALUES('edfcf78c614869724f93488c4ed09582', 10, 'Dateiordner', 'Wenn Sie die Funktion "Dateiordner" aktivieren, wird zusätzlich ein Dateiordner pro Gruppe neu angelegt. In diesen Ordner können gruppenspezifische Dateien hochgeladen werden.', 'B', 0, 'INPUT#group_folder', 'admin_statusgruppe.php', '', '', '', 1405689936, 0);
INSERT INTO `help_tour_steps` (`tour_id`, `step`, `title`, `tip`, `orientation`, `interactive`, `css_selector`, `route`, `action_prev`, `action_next`, `author_email`, `mkdate`, `chdate`) VALUES('edfcf78c614869724f93488c4ed09582', 3, 'Hochstufen / Herabstufen', 'Um eine bereits eingetragene Person zum/zur TutorIn hochzustufen oder zum/zur LeserIn herabzustufen, wählen Sie diese Person in der Liste aus und führen Sie mit Hilfe des Dropdown-Menü die gewünschte Aktion aus.', 'T', 0, '#autor CAPTION', 'dispatch.php/course/members', '', '', '', 1405690324, 0);
INSERT INTO `help_tour_steps` (`tour_id`, `step`, `title`, `tip`, `orientation`, `interactive`, `css_selector`, `route`, `action_prev`, `action_next`, `author_email`, `mkdate`, `chdate`) VALUES('3a717a468afb0822cb1455e0ae6b6fce', 7, 'Schlagwortwolke', 'Durch Anklicken eines Schlagwortes werden alle Beiträge aufgelistet, die dieses Schlagwort enthalten.', 'RT', 0, 'DIV.sidebar-widget-header', 'plugins.php/blubber/streams/profile', '', '', '', 1405508505, 0);
INSERT INTO `help_tour_steps` (`tour_id`, `step`, `title`, `tip`, `orientation`, `interactive`, `css_selector`, `route`, `action_prev`, `action_next`, `author_email`, `mkdate`, `chdate`) VALUES('b74f8459dce2437463096d56db7c73b9', 4, 'Veranstaltungsinhalte', 'Hier werden alle Inhalte (wie z.B. ein Forum) durch entsprechende Symbole angezeigt.\r\nFalls es seit dem letzten Login Neuigkeiten gab, erscheinen diese in rot.', 'LT', 0, '#my_seminars TABLE THEAD TR TH :eq(4)', 'dispatch.php/my_courses', '', '', '', 1405931225, 0);
INSERT INTO `help_tour_steps` (`tour_id`, `step`, `title`, `tip`, `orientation`, `interactive`, `css_selector`, `route`, `action_prev`, `action_next`, `author_email`, `mkdate`, `chdate`) VALUES('b74f8459dce2437463096d56db7c73b9', 5, 'Verlassen der Veranstaltung', 'Ein Klick auf das Tür-Icon ermöglicht eine direkte Austragung aus der Veranstaltung.', 'TR', 0, '#my_seminars TABLE THEAD TR TH :eq(5)', 'dispatch.php/my_courses', '', '', '', 1405931272, 0);
INSERT INTO `help_tour_steps` (`tour_id`, `step`, `title`, `tip`, `orientation`, `interactive`, `css_selector`, `route`, `action_prev`, `action_next`, `author_email`, `mkdate`, `chdate`) VALUES('b74f8459dce2437463096d56db7c73b9', 6, 'Zugriff auf archivierte Veranstaltungen', 'Falls Veranstaltungen archiviert sind, kann hier auf diese zugegriffen werden.', 'RT', 0, 'A#nav_browse_archive', 'dispatch.php/my_courses', '', '', '', 1405931431, 0);
INSERT INTO `help_tour_steps` (`tour_id`, `step`, `title`, `tip`, `orientation`, `interactive`, `css_selector`, `route`, `action_prev`, `action_next`, `author_email`, `mkdate`, `chdate`) VALUES('3a717a468afb0822cb1455e0ae6b6fce', 2, 'Beitrag erstellen', 'Hier kann eine Diskussion durch Schreiben von Text begonnen werden. Absätze lassen sich durch Drücken von Umschalt+Eingabe erzeugen. Der Text wird durch Drücken von Eingabe abgeschickt.', 'BL', 0, 'TEXTAREA#new_posting.autoresize', 'plugins.php/blubber/streams/profile', '', '', '', 1405507478, 0);
INSERT INTO `help_tour_steps` (`tour_id`, `step`, `title`, `tip`, `orientation`, `interactive`, `css_selector`, `route`, `action_prev`, `action_next`, `author_email`, `mkdate`, `chdate`) VALUES('b74f8459dce2437463096d56db7c73b9', 7, 'Anpassung der Veranstaltungsansicht', 'Zur Anpassung der Veranstaltungsübersicht, kann man die Veranstaltungen nach bestimmten Kriterien (wie z.B. Studienbereiche, Dozenten oder Farben) gliedern.', 'R', 0, '#layout-sidebar SECTION DIV DIV.sidebar-widget-header :eq(2)', 'dispatch.php/my_courses', '', '', '', 1405932131, 0);
INSERT INTO `help_tour_steps` (`tour_id`, `step`, `title`, `tip`, `orientation`, `interactive`, `css_selector`, `route`, `action_prev`, `action_next`, `author_email`, `mkdate`, `chdate`) VALUES('b74f8459dce2437463096d56db7c73b9', 8, 'Zugriff auf Veranstaltung vergangener und zukünftiger Semester', 'Durch Klick auf das Drop-Down Menü können beispielsweise Veranstaltung aus vergangenen Semestern angezeigt werden.', 'R', 0, '#layout-sidebar SECTION DIV DIV.sidebar-widget-header :eq(3)', 'dispatch.php/my_courses', '', '', '', 1405932230, 0);
INSERT INTO `help_tour_steps` (`tour_id`, `step`, `title`, `tip`, `orientation`, `interactive`, `css_selector`, `route`, `action_prev`, `action_next`, `author_email`, `mkdate`, `chdate`) VALUES('b74f8459dce2437463096d56db7c73b9', 9, 'Weitere mögliche Aktionen', 'Hier können Sie alle Neuigkeiten als gelesen markieren, Farbgruppierungen nach Belieben ändern oder\r\nauch die Benachrichtigungen über Aktivitäten in den einzelnen Veranstaltungen anpassen.', 'R', 0, '#layout-sidebar SECTION DIV DIV.sidebar-widget-header :eq(1)', 'dispatch.php/my_courses', '', '', '', 1405932320, 0);
INSERT INTO `help_tour_steps` (`tour_id`, `step`, `title`, `tip`, `orientation`, `interactive`, `css_selector`, `route`, `action_prev`, `action_next`, `author_email`, `mkdate`, `chdate`) VALUES('977f41c5c5239c4e86f04c3df27fae38', 1, 'Willkommen im neuen Stud.IP 3.1', 'Dies ist eine Hilfe-Tour, die die wichtigsten Neuerungen in Stud.IP vorstellt. \r\n\r\nUm auf den nächsten Schritt zu kommen, klicken Sie bitte rechts unten auf "Weiter". Eine Hilfe-Tour kann jederzeit durch einen Klick auf "Beenden" beendet werden.', 'TL', 0, '', 'dispatch.php/start', '', '', '', 1405932373, 0);
INSERT INTO `help_tour_steps` (`tour_id`, `step`, `title`, `tip`, `orientation`, `interactive`, `css_selector`, `route`, `action_prev`, `action_next`, `author_email`, `mkdate`, `chdate`) VALUES('977f41c5c5239c4e86f04c3df27fae38', 2, 'Hilfelasche', 'Auf jeder Seite findet sich die Hilfe von nun an in der sogenannten Hilfelasche. Diese öffnet sich mit einem Klick auf das Fragezeichen. \r\n\r\nHier findet sich kurz und knapp zu jeder Seite die wichtigsten Informationen, Links zur ausführlichen Hilfeseite mit Anleitungsvideos und gegebenenfalls Hilfe-Touren.', 'BR', 0, 'DIV.helpbar-container .helpbar-title', 'dispatch.php/start', '', '', '', 1405932475, 0);
INSERT INTO `help_tour_steps` (`tour_id`, `step`, `title`, `tip`, `orientation`, `interactive`, `css_selector`, `route`, `action_prev`, `action_next`, `author_email`, `mkdate`, `chdate`) VALUES('977f41c5c5239c4e86f04c3df27fae38', 3, 'Gliederung der Startseite', 'Die Startseite im neuen Stud.IP ist standardmäßig so gegliedert wie die alte Version. Neu ist, dass jedes Element ("Widget") individuell entfernt und verschoben werden kann. Darüber hinaus können noch weitere Widgets hinzugefügt werden. Hierzu gibt es eine separate Hilfe-Tour und die Hinweise in der Hilfe.', 'TL', 0, '', 'dispatch.php/start', '', '', '', 1405932516, 0);
INSERT INTO `help_tour_steps` (`tour_id`, `step`, `title`, `tip`, `orientation`, `interactive`, `css_selector`, `route`, `action_prev`, `action_next`, `author_email`, `mkdate`, `chdate`) VALUES('b74f8459dce2437463096d56db7c73b9', 10, 'Studiengruppen und Einrichtungen', 'Es besteht zudem die Möglichkeit auf persönliche Studiengruppen oder Einrichtungen zuzugreifen.', 'R', 0, '#nav_browse_my_institutes A', 'dispatch.php/my_courses', '', '', '', 1405932519, 0);
INSERT INTO `help_tour_steps` (`tour_id`, `step`, `title`, `tip`, `orientation`, `interactive`, `css_selector`, `route`, `action_prev`, `action_next`, `author_email`, `mkdate`, `chdate`) VALUES('977f41c5c5239c4e86f04c3df27fae38', 4, 'Sidebar', 'Auf allen Seiten ist nun links die Sidebar positioniert. Sie enthält Funktionen für die aktuelle Seite.\r\nIm alten Stud.IP gab es mit der Infobox auf der rechten Seite etwas Ähnliches.', 'R', 0, 'SECTION.sidebar', 'dispatch.php/start', '', '', '', 1405932633, 0);
INSERT INTO `help_tour_steps` (`tour_id`, `step`, `title`, `tip`, `orientation`, `interactive`, `css_selector`, `route`, `action_prev`, `action_next`, `author_email`, `mkdate`, `chdate`) VALUES('977f41c5c5239c4e86f04c3df27fae38', 5, 'Änderung der Navigation', 'Häufig ist die Reiternavigation vom alten Stud.IP nun in der Sidebar zu finden. Auf dieser Seite sind das zum Beispiel die Punkte "Neue Nachricht schreiben" und der Gesendet-Ordner.', 'R', 0, 'SECTION.sidebar ', 'dispatch.php/messages/overview', '', '', '', 1405932671, 0);
INSERT INTO `help_tour_steps` (`tour_id`, `step`, `title`, `tip`, `orientation`, `interactive`, `css_selector`, `route`, `action_prev`, `action_next`, `author_email`, `mkdate`, `chdate`) VALUES('977f41c5c5239c4e86f04c3df27fae38', 6, 'Studiengruppen und Einrichtungen', 'Die Einrichtungen, die früher unter den Veranstaltungen standen und die Studiengruppen, die früher zwischen den Veranstaltungen standen, finden sich nun in eigenen Reitern wieder.', 'R', 0, '#nav_browse_my_institutes A SPAN', 'dispatch.php/my_courses', '', '', '', 1405932830, 0);
INSERT INTO `help_tour_steps` (`tour_id`, `step`, `title`, `tip`, `orientation`, `interactive`, `css_selector`, `route`, `action_prev`, `action_next`, `author_email`, `mkdate`, `chdate`) VALUES('977f41c5c5239c4e86f04c3df27fae38', 7, 'Hinweise zu den Anmeldeverfahren', 'Im neuen Stud.IP haben sich die Zugangsberechtigungen und Anmeldeverfahren geändert. Das betrifft sowohl Studierende als auch Dozierende. Hierzu gibt es separate Feature-Touren und die Hinweise in der Hilfe.', 'TL', 0, '', 'dispatch.php/my_courses', '', '', '', 1405932890, 0);
INSERT INTO `help_tour_steps` (`tour_id`, `step`, `title`, `tip`, `orientation`, `interactive`, `css_selector`, `route`, `action_prev`, `action_next`, `author_email`, `mkdate`, `chdate`) VALUES('3a717a468afb0822cb1455e0ae6b6fce', 1, 'Was ist Blubbern?', 'Diese Tour gibt Ihnen einen Überblick über die wichtigsten Funktionen von "Blubber".\r\n\r\nUm auf den nächsten Schritt zu kommen, klicken Sie bitte rechts unten auf "Weiter".', 'TL', 0, '', 'plugins.php/blubber/streams/profile', '', '', '', 1405507364, 0);
INSERT INTO `help_tour_steps` (`tour_id`, `step`, `title`, `tip`, `orientation`, `interactive`, `css_selector`, `route`, `action_prev`, `action_next`, `author_email`, `mkdate`, `chdate`) VALUES('3a717a468afb0822cb1455e0ae6b6fce', 6, 'Schlagworte', 'Beiträge können mit Schlagworten (engl. "Hashtags") versehen werden, indem einem beliebigen Wort des Beitrags ein # vorangestellt wird.', 'BL', 0, 'TEXTAREA#new_posting.autoresize', 'plugins.php/blubber/streams/profile', '', '', '', 1405508442, 0);
INSERT INTO `help_tour_steps` (`tour_id`, `step`, `title`, `tip`, `orientation`, `interactive`, `css_selector`, `route`, `action_prev`, `action_next`, `author_email`, `mkdate`, `chdate`) VALUES('49604a77654617a745e29ad6b253e491', 1, 'Funktionen und Gestaltungs-möglichkeiten der Startseite', '\r\nDiese Tour gibt Ihnen einen Überblick über die wichtigsten Funktionen der "Startseite".\r\n\r\nUm auf den nächsten Schritt zu kommen, klicken Sie bitte rechts unten auf "Weiter".', 'TL', 0, '', 'dispatch.php/start', '', '', '', 1405934926, 0);
INSERT INTO `help_tour_steps` (`tour_id`, `step`, `title`, `tip`, `orientation`, `interactive`, `css_selector`, `route`, `action_prev`, `action_next`, `author_email`, `mkdate`, `chdate`) VALUES('49604a77654617a745e29ad6b253e491', 2, 'Individuelle Gestaltung der Startseite', 'Die Startseite ist standardmäßig so konfiguriert, dass die Elemente "Schnellzugriff", "Ankündigungen", "Meine aktuellen Termine" und  "Umfragen" angezeigt werden. Die Elemente werden Widgets genannt und  können entfernt, hinzugefügt und verschoben werde.n Jedes Widget kann individuell hinzugefügt, entfernt und verschoben werden.', 'TL', 0, '', 'dispatch.php/start', '', '', '', 1405934970, 0);
INSERT INTO `help_tour_steps` (`tour_id`, `step`, `title`, `tip`, `orientation`, `interactive`, `css_selector`, `route`, `action_prev`, `action_next`, `author_email`, `mkdate`, `chdate`) VALUES('49604a77654617a745e29ad6b253e491', 3, 'Widget hinzufügen', 'Hier können Widgets hinzugefügt werden. Zusätzlich zu den Standard-Widgets kann beispielsweise der persönliche Stundenplan auf der Startseite anzeigt werden. Neu hinzugefügte Widgets erscheinen ganz unten auf der Startseite. Darüber hinaus kann in der Sidebar direkt zu jedem Widget gesprungen werden.', 'R', 0, '#layout-sidebar SECTION DIV DIV UL LI :eq(4)', 'dispatch.php/start', '', '', '', 1405935192, 0);
INSERT INTO `help_tour_steps` (`tour_id`, `step`, `title`, `tip`, `orientation`, `interactive`, `css_selector`, `route`, `action_prev`, `action_next`, `author_email`, `mkdate`, `chdate`) VALUES('49604a77654617a745e29ad6b253e491', 5, 'Widget positionieren', 'Ein Widget kann per Drag&Drop an die gewünschte Position verschoben werden: Dazu wird in die Titelzeile eines Widgets geklickt, die Maustaste gedrückt gehalten und das Widget an die gewünschte Position gezogen.', 'B', 0, '.widget-header', 'dispatch.php/start', '', '', '', 1405935687, 0);
INSERT INTO `help_tour_steps` (`tour_id`, `step`, `title`, `tip`, `orientation`, `interactive`, `css_selector`, `route`, `action_prev`, `action_next`, `author_email`, `mkdate`, `chdate`) VALUES('49604a77654617a745e29ad6b253e491', 7, 'Widget entfernen', 'Jedes Widget kann durch Klicken auf das X in der rechten oberen Ecke entfernt werden. Bei Bedarf kann es jederzeit wieder hinzugefügt werden.', 'R', 0, '.widget-header', 'dispatch.php/start', '', '', '', 1405935376, 0);
INSERT INTO `help_tour_steps` (`tour_id`, `step`, `title`, `tip`, `orientation`, `interactive`, `css_selector`, `route`, `action_prev`, `action_next`, `author_email`, `mkdate`, `chdate`) VALUES('49604a77654617a745e29ad6b253e491', 6, 'Widget bearbeiten', 'Bei einigen Widgets wird neben dem X zum Schließen noch ein weiteres Symbol angezeigt. Der Schnellzugriff bspw. kann durch Klick auf diesen Button individuell angepasst, die Ankündigungen können abonniert und bei den aktuellen Terminen bzw. Stundenplan können Termine hinzugefügt werden.', 'L', 0, '#layout_content DIV UL DIV SPAN A IMG :eq(0)', 'dispatch.php/start', '', '', '', 1405935792, 0);
INSERT INTO `help_tour_steps` (`tour_id`, `step`, `title`, `tip`, `orientation`, `interactive`, `css_selector`, `route`, `action_prev`, `action_next`, `author_email`, `mkdate`, `chdate`) VALUES('3629493a16bf2680de64361f07cab096', 1, 'Was ist Blubbern?', 'Diese Tour gibt Ihnen einen Überblick über die wichtigsten Funktionen von "Blubber".\r\n\r\nUm auf den nächsten Schritt zu kommen, klicken Sie bitte rechts unten auf "Weiter".', 'TL', 0, '', 'plugins.php/blubber/streams/forum', '', '', '', 1405507364, 0);
INSERT INTO `help_tour_steps` (`tour_id`, `step`, `title`, `tip`, `orientation`, `interactive`, `css_selector`, `route`, `action_prev`, `action_next`, `author_email`, `mkdate`, `chdate`) VALUES('3a717a468afb0822cb1455e0ae6b6fce', 4, 'Personen erwähnen', 'Andere können über einen Beitrag informiert werden, indem sie per @benutzername oder @"Vorname Nachname" im Beitrag erwähnt werden.', 'BL', 0, 'TEXTAREA#new_posting.autoresize', 'plugins.php/blubber/streams/profile', '', '', '', 1405672301, 0);
INSERT INTO `help_tour_steps` (`tour_id`, `step`, `title`, `tip`, `orientation`, `interactive`, `css_selector`, `route`, `action_prev`, `action_next`, `author_email`, `mkdate`, `chdate`) VALUES('3629493a16bf2680de64361f07cab096', 2, 'Beitrag erstellen', 'Hier kann eine Diskussion durch Schreiben von Text begonnen werden. Absätze lassen sich durch Drücken von Umschalt+Eingabe erzeugen. Der Text wird durch Drücken von Eingabe abgeschickt.', 'BL', 0, 'TEXTAREA#new_posting.autoresize', 'plugins.php/blubber/streams/forum', '', '', '', 1405507478, 0);
INSERT INTO `help_tour_steps` (`tour_id`, `step`, `title`, `tip`, `orientation`, `interactive`, `css_selector`, `route`, `action_prev`, `action_next`, `author_email`, `mkdate`, `chdate`) VALUES('7cccbe3b22dfa745c17cb776fb04537c', 1, 'Hilfe-Tour "Meine Veranstaltung"', 'Diese Tour gibt einen Überblick über die wichtigsten Funktionen der Seite "Meine Veranstaltungen".\r\n\r\nUm auf den nächsten Schritt zu kommen, klicken Sie bitte rechts unten auf "Weiter".', 'TL', 0, '', 'dispatch.php/my_courses', '', '', '', 1406125847, 0);
INSERT INTO `help_tour_steps` (`tour_id`, `step`, `title`, `tip`, `orientation`, `interactive`, `css_selector`, `route`, `action_prev`, `action_next`, `author_email`, `mkdate`, `chdate`) VALUES('7cccbe3b22dfa745c17cb776fb04537c', 2, 'Veranstaltungsüberblick', 'Hier werden die  Veranstaltungen des aktuellen und vergangenen Semesters angezeigt. Neue Veranstaltungen erscheinen zunächst in rot.', 'TL', 0, '#my_seminars TABLE THEAD TR TH :eq(2)', 'dispatch.php/my_courses', '', '', '', 1406125908, 0);
INSERT INTO `help_tour_steps` (`tour_id`, `step`, `title`, `tip`, `orientation`, `interactive`, `css_selector`, `route`, `action_prev`, `action_next`, `author_email`, `mkdate`, `chdate`) VALUES('7cccbe3b22dfa745c17cb776fb04537c', 3, 'Veranstaltungsdetails', 'Mit Klick auf das "i" erscheint ein Fenster mit den wichtigsten Eckdaten der Veranstaltung.', 'T', 0, '#my_seminars TABLE THEAD TR TH :eq(3)', 'dispatch.php/my_courses', '', '', '', 1406125992, 0);
INSERT INTO `help_tour_steps` (`tour_id`, `step`, `title`, `tip`, `orientation`, `interactive`, `css_selector`, `route`, `action_prev`, `action_next`, `author_email`, `mkdate`, `chdate`) VALUES('7cccbe3b22dfa745c17cb776fb04537c', 4, 'Veranstaltungsinhalte', 'Hier werden alle Inhalte (wie z.B. ein Forum) durch entsprechende Symbole angezeigt.\r\nFalls es seit dem letzten Login Neuigkeiten gab, erscheinen diese in rot.', 'LT', 0, '#my_seminars TABLE THEAD TR TH :eq(4)', 'dispatch.php/my_courses', '', '', '', 1406126049, 0);
INSERT INTO `help_tour_steps` (`tour_id`, `step`, `title`, `tip`, `orientation`, `interactive`, `css_selector`, `route`, `action_prev`, `action_next`, `author_email`, `mkdate`, `chdate`) VALUES('7cccbe3b22dfa745c17cb776fb04537c', 5, 'Bearbeitung oder Löschung einer Veranstaltung', 'Der Klick auf das Zahnrad ermöglicht die Bearbeitung einer Veranstaltung.\r\nFalls bei einer Veranstaltung Teilnehmerstatus besteht, kann hier eine Austragung, durch Klick auf dasTür-Icon, vorgenommen werden.', 'TR', 0, '#my_seminars TABLE THEAD TR TH :eq(5)', 'dispatch.php/my_courses', '', '', '', 1406126134, 0);
INSERT INTO `help_tour_steps` (`tour_id`, `step`, `title`, `tip`, `orientation`, `interactive`, `css_selector`, `route`, `action_prev`, `action_next`, `author_email`, `mkdate`, `chdate`) VALUES('3a717a468afb0822cb1455e0ae6b6fce', 8, 'Beitrag ändern', 'Wird der Mauszeiger auf einem beliebigen Beitrag positioniert, erscheint dessen Datum. Bei eigenen Beiträgen erscheint außerdem rechts neben dem Datum ein Icon, mit dem der Beitrag nachträglich geändert werden kann.', 'BR', 0, 'DIV DIV A SPAN.time', 'plugins.php/blubber/streams/profile', '', '', '', 1405507901, 0);
INSERT INTO `help_tour_steps` (`tour_id`, `step`, `title`, `tip`, `orientation`, `interactive`, `css_selector`, `route`, `action_prev`, `action_next`, `author_email`, `mkdate`, `chdate`) VALUES('7cccbe3b22dfa745c17cb776fb04537c', 6, 'Anpassung der Veranstaltungsansicht', 'Zur Anpassung der Veranstaltungsübersicht, kann man die Veranstaltungen nach bestimmten Kriterien (wie z.B. Studienbereiche, Dozenten oder Farben) gliedern.', 'R', 0, '#layout-sidebar SECTION DIV DIV.sidebar-widget-header :eq(2)', 'dispatch.php/my_courses', '', '', '', 1406126281, 0);
INSERT INTO `help_tour_steps` (`tour_id`, `step`, `title`, `tip`, `orientation`, `interactive`, `css_selector`, `route`, `action_prev`, `action_next`, `author_email`, `mkdate`, `chdate`) VALUES('7cccbe3b22dfa745c17cb776fb04537c', 7, 'Zugriff auf Veranstaltung vergangener und zukünftiger Semester', 'Durch Klick auf das Drop-Down Menü können beispielsweise Veranstaltung aus vergangenen Semestern angezeigt werden.', 'R', 0, '#layout-sidebar SECTION DIV DIV.sidebar-widget-header :eq(3)', 'dispatch.php/my_courses', '', '', '', 1406126316, 0);
INSERT INTO `help_tour_steps` (`tour_id`, `step`, `title`, `tip`, `orientation`, `interactive`, `css_selector`, `route`, `action_prev`, `action_next`, `author_email`, `mkdate`, `chdate`) VALUES('7cccbe3b22dfa745c17cb776fb04537c', 8, 'Weitere mögliche Aktionen', 'Hier können Sie alle Neuigkeiten als gelesen markieren, Farbgruppierungen nach Belieben ändern oder\r\nauch die Benachrichtigungen über Aktivitäten in den einzelnen Veranstaltungen anpassen.', 'R', 0, '#layout-sidebar SECTION DIV DIV.sidebar-widget-header :eq(1)', 'dispatch.php/my_courses', '', '', '', 1406126374, 0);
INSERT INTO `help_tour_steps` (`tour_id`, `step`, `title`, `tip`, `orientation`, `interactive`, `css_selector`, `route`, `action_prev`, `action_next`, `author_email`, `mkdate`, `chdate`) VALUES('7cccbe3b22dfa745c17cb776fb04537c', 9, 'Studiengruppen und Einrichtungen', 'Es besteht zudem die Möglichkeit auf persönliche Studiengruppen oder Einrichtungen zuzugreifen.', 'R', 0, '#nav_browse_my_institutes A', 'dispatch.php/my_courses', '', '', '', 1406126415, 0);
INSERT INTO `help_tour_steps` (`tour_id`, `step`, `title`, `tip`, `orientation`, `interactive`, `css_selector`, `route`, `action_prev`, `action_next`, `author_email`, `mkdate`, `chdate`) VALUES('3a717a468afb0822cb1455e0ae6b6fce', 5, 'Datei hinzufügen', 'Dateien können in einen Beitrag eingefügt werden, indem sie per Drag&Drop in ein Eingabefeld gezogen werden.', 'BL', 0, 'TEXTAREA#new_posting.autoresize', 'plugins.php/blubber/streams/profile', '', '', '', 1405508401, 0);
INSERT INTO `help_tour_steps` (`tour_id`, `step`, `title`, `tip`, `orientation`, `interactive`, `css_selector`, `route`, `action_prev`, `action_next`, `author_email`, `mkdate`, `chdate`) VALUES('977f41c5c5239c4e86f04c3df27fae38', 8, 'Ende der Feature-Tour', 'Durch Klick auf "Beenden" in der Box rechts unten wird diese Tour beendet. Über die Hilfelasche lässt sich diese Tour jederzeit wieder starten.', 'TL', 0, '', 'dispatch.php/start', '', '', '', 1406539532, 0);
INSERT INTO `help_tour_steps` (`tour_id`, `step`, `title`, `tip`, `orientation`, `interactive`, `css_selector`, `route`, `action_prev`, `action_next`, `author_email`, `mkdate`, `chdate`) VALUES('49604a77654617a745e29ad6b253e491', 4, 'Sprungmarken', 'Darüber hinaus kann mit Sprungmarken direkt zu jedem Widget gesprungen werden.', 'R', 0, '#layout-sidebar SECTION DIV DIV.sidebar-widget-header :eq(0)', 'dispatch.php/start', '', '', '', 1406623464, 0);
INSERT INTO `help_tour_steps` (`tour_id`, `step`, `title`, `tip`, `orientation`, `interactive`, `css_selector`, `route`, `action_prev`, `action_next`, `author_email`, `mkdate`, `chdate`) VALUES('3629493a16bf2680de64361f07cab096', 5, 'Datei hinzufügen', 'Dateien können in einen Beitrag eingefügt werden, indem sie per Drag&Drop in ein Eingabefeld gezogen werden.', 'BL', 0, 'TEXTAREA#new_posting.autoresize', 'plugins.php/blubber/streams/forum', '', '', '', 1405508401, 0);
INSERT INTO `help_tour_steps` (`tour_id`, `step`, `title`, `tip`, `orientation`, `interactive`, `css_selector`, `route`, `action_prev`, `action_next`, `author_email`, `mkdate`, `chdate`) VALUES('3629493a16bf2680de64361f07cab096', 6, 'Schlagworte', 'Beiträge können mit Schlagworten (engl. "Hashtags") versehen werden, indem einem beliebigen Wort des Beitrags ein # vorangestellt wird.', 'BL', 0, 'TEXTAREA#new_posting.autoresize', 'plugins.php/blubber/streams/forum', '', '', '', 1405508442, 0);
INSERT INTO `help_tour_steps` (`tour_id`, `step`, `title`, `tip`, `orientation`, `interactive`, `css_selector`, `route`, `action_prev`, `action_next`, `author_email`, `mkdate`, `chdate`) VALUES('3629493a16bf2680de64361f07cab096', 7, 'Schlagwortwolke', 'Durch Anklicken eines Schlagwortes werden alle Beiträge aufgelistet, die dieses Schlagwort enthalten.', 'RT', 0, 'DIV.sidebar-widget-header', 'plugins.php/blubber/streams/forum', '', '', '', 1405508505, 0);
INSERT INTO `help_tour_steps` (`tour_id`, `step`, `title`, `tip`, `orientation`, `interactive`, `css_selector`, `route`, `action_prev`, `action_next`, `author_email`, `mkdate`, `chdate`) VALUES('3629493a16bf2680de64361f07cab096', 4, 'Personen erwähnen', 'Andere können über einen Beitrag informiert werden, indem sie per @benutzername oder @"Vorname Nachname" im Beitrag erwähnt werden.', 'BL', 0, 'TEXTAREA#new_posting.autoresize', 'plugins.php/blubber/streams/forum', '', '', '', 1405672301, 0);
INSERT INTO `help_tour_steps` (`tour_id`, `step`, `title`, `tip`, `orientation`, `interactive`, `css_selector`, `route`, `action_prev`, `action_next`, `author_email`, `mkdate`, `chdate`) VALUES('7af1e1fb7f53c910ba9f42f43a71c723', 1, 'Search', 'This tour gives you an overview of the most important "search" functions \n\n\nIn order to reach the next step please click "next" on the bottom right', 'TL', 0, '', 'dispatch.php/search/courses', '', '', '', 1405519865, 0);
INSERT INTO `help_tour_steps` (`tour_id`, `step`, `title`, `tip`, `orientation`, `interactive`, `css_selector`, `route`, `action_prev`, `action_next`, `author_email`, `mkdate`, `chdate`) VALUES('7af1e1fb7f53c910ba9f42f43a71c723', 2, 'Enter search term', 'A search term (such as event name, lecturer) can be entered in this input field.', 'B', 0, 'INPUT#search_sem_quick_search_1.ui-autocomplete-input', 'dispatch.php/search/courses', '', '', '', 1405520106, 0);
INSERT INTO `help_tour_steps` (`tour_id`, `step`, `title`, `tip`, `orientation`, `interactive`, `css_selector`, `route`, `action_prev`, `action_next`, `author_email`, `mkdate`, `chdate`) VALUES('7af1e1fb7f53c910ba9f42f43a71c723', 3, 'Semester selection', 'With a click on the drop-down menu you can choose to which semester the search term should refer. \n\nThe current semester is set as standard.', 'TL', 0, 'SELECT#search_sem_sem', 'dispatch.php/search/courses', '', '', '', 1405520208, 0);
INSERT INTO `help_tour_steps` (`tour_id`, `step`, `title`, `tip`, `orientation`, `interactive`, `css_selector`, `route`, `action_prev`, `action_next`, `author_email`, `mkdate`, `chdate`) VALUES('7af1e1fb7f53c910ba9f42f43a71c723', 4, 'Navigation', 'If you want to search only one particular area, you can select one here.', 'R', 0, '#layout-sidebar SECTION DIV DIV.sidebar-widget-header :eq(0)', 'dispatch.php/search/courses', '', '', '', 1406121826, 0);
INSERT INTO `help_tour_steps` (`tour_id`, `step`, `title`, `tip`, `orientation`, `interactive`, `css_selector`, `route`, `action_prev`, `action_next`, `author_email`, `mkdate`, `chdate`) VALUES('7af1e1fb7f53c910ba9f42f43a71c723', 5, 'Extended search', 'The search can be extended by further options with the extended search.', 'R', 0, 'A.options-checkbox.options-unchecked', 'dispatch.php/search/courses', '', '', '', 1405520436, 0);
INSERT INTO `help_tour_steps` (`tour_id`, `step`, `title`, `tip`, `orientation`, `interactive`, `css_selector`, `route`, `action_prev`, `action_next`, `author_email`, `mkdate`, `chdate`) VALUES('7af1e1fb7f53c910ba9f42f43a71c723', 6, 'Quick search', 'The quick search is also available on other sites of Stud.IP at all times. After entering a key word it is confirmed with "Enter" or by clicking the magnifying glass on the right next to the field.', 'B', 0, 'INPUT#search_sem_quick_search_2.quicksearchbox.ui-autocomplete-input', 'dispatch.php/search/courses', '', '', '', 1405520634, 0);
INSERT INTO `help_tour_steps` (`tour_id`, `step`, `title`, `tip`, `orientation`, `interactive`, `css_selector`, `route`, `action_prev`, `action_next`, `author_email`, `mkdate`, `chdate`) VALUES('7af1e1fb7f53c910ba9f42f43a71c723', 7, 'Further search possibilities', 'In addition to searching for events there is also the possibility to search the archive for persons, facilities, or resources.', 'R', 0, '#nav_search_resources A SPAN', 'dispatch.php/search/courses', '', '', '', 1405520751, 0);
INSERT INTO `help_tour_steps` (`tour_id`, `step`, `title`, `tip`, `orientation`, `interactive`, `css_selector`, `route`, `action_prev`, `action_next`, `author_email`, `mkdate`, `chdate`) VALUES('c89ce8e097f212e75686f73cc5008711', 1, 'Participant administration', 'This tour gives an overview of the participant administration of an event.\r\n\r\nIn order to go to the next step please click "next" at the bottom right.', 'B', 0, '', 'dispatch.php/course/members', '', '', '', 1405688399, 0);
INSERT INTO `help_tour_steps` (`tour_id`, `step`, `title`, `tip`, `orientation`, `interactive`, `css_selector`, `route`, `action_prev`, `action_next`, `author_email`, `mkdate`, `chdate`) VALUES('c89ce8e097f212e75686f73cc5008711', 2, 'Add persons', 'With these functions you can search for individual persons in Stud.IP and directly  select them as lecturer, tutor or author. It is also possible to insert a list of participants in order to allocate several persons as a tutor of the event at the same time.', 'R', 0, '#layout-sidebar SECTION DIV.sidebar-widget :eq(1)', 'dispatch.php/course/members', '', '', '', 1405688707, 0);
INSERT INTO `help_tour_steps` (`tour_id`, `step`, `title`, `tip`, `orientation`, `interactive`, `css_selector`, `route`, `action_prev`, `action_next`, `author_email`, `mkdate`, `chdate`) VALUES('c89ce8e097f212e75686f73cc5008711', 3, 'Upgrade/ downgrade', 'In order to upgrade an already enroled person to a tutor, or to downgrade them to a reader select this person in the list and carry out the requested action by using the dropdown menu.', 'T', 0, '#autor CAPTION', 'dispatch.php/course/members', '', '', '', 1405690324, 0);
INSERT INTO `help_tour_steps` (`tour_id`, `step`, `title`, `tip`, `orientation`, `interactive`, `css_selector`, `route`, `action_prev`, `action_next`, `author_email`, `mkdate`, `chdate`) VALUES('c89ce8e097f212e75686f73cc5008711', 4, 'Send circular e-mail', 'A circular e-mail can be sent to all participants of the event here.', 'R', 0, '#layout-sidebar SECTION DIV DIV UL LI A :eq(3)', 'dispatch.php/course/members', '', '', '', 1406636964, 0);
INSERT INTO `help_tour_steps` (`tour_id`, `step`, `title`, `tip`, `orientation`, `interactive`, `css_selector`, `route`, `action_prev`, `action_next`, `author_email`, `mkdate`, `chdate`) VALUES('c89ce8e097f212e75686f73cc5008711', 5, 'Send circular e-mail to user group', 'There is further the possibility to send a circular e-mail to individual user groups.', 'BR', 0, '#layout_container #layout_content TABLE CAPTION SPAN A IMG :eq(0)', 'dispatch.php/course/members', '', '', '', 1406637123, 0);
INSERT INTO `help_tour_steps` (`tour_id`, `step`, `title`, `tip`, `orientation`, `interactive`, `css_selector`, `route`, `action_prev`, `action_next`, `author_email`, `mkdate`, `chdate`) VALUES('c89ce8e097f212e75686f73cc5008711', 6, 'Create groups', 'The participants of the event can be divided into groups here.', 'R', 0, 'A#nav_course_edit_groups', 'dispatch.php/course/members', '', '', '', 1405689311, 0);
INSERT INTO `help_tour_steps` (`tour_id`, `step`, `title`, `tip`, `orientation`, `interactive`, `css_selector`, `route`, `action_prev`, `action_next`, `author_email`, `mkdate`, `chdate`) VALUES('c89ce8e097f212e75686f73cc5008711', 7, 'Name group', 'You can search for a suitable group name in the templates and select it using the yellow double arrow. As an alternative you also have the possibility to determine a new group name by directly entering the name in the right field.', 'B', 0, 'SELECT', 'admin_statusgruppe.php', '', '', '', 1405689541, 0);
INSERT INTO `help_tour_steps` (`tour_id`, `step`, `title`, `tip`, `orientation`, `interactive`, `css_selector`, `route`, `action_prev`, `action_next`, `author_email`, `mkdate`, `chdate`) VALUES('c89ce8e097f212e75686f73cc5008711', 8, 'Group size', 'With the field "group size" you can set the maximum number of participants of a group. If you do not require this, simply leave the field empty.', 'B', 0, 'INPUT#role_size', 'admin_statusgruppe.php', '', '', '', 1405689763, 0);
INSERT INTO `help_tour_steps` (`tour_id`, `step`, `title`, `tip`, `orientation`, `interactive`, `css_selector`, `route`, `action_prev`, `action_next`, `author_email`, `mkdate`, `chdate`) VALUES('c89ce8e097f212e75686f73cc5008711', 9, 'Self-entry', 'If you activate the function "self-entry", the participants of the event can enter themselves in the groups.', 'B', 0, 'INPUT#self_assign', 'admin_statusgruppe.php', '', '', '', 1405689852, 0);
INSERT INTO `help_tour_steps` (`tour_id`, `step`, `title`, `tip`, `orientation`, `interactive`, `css_selector`, `route`, `action_prev`, `action_next`, `author_email`, `mkdate`, `chdate`) VALUES('c89ce8e097f212e75686f73cc5008711', 10, 'Document folder', 'If you activate the function "document folder", an additional document folder will  be created per group. Group-specific documents can be uploaded to this folder.', 'B', 0, 'INPUT#group_folder', 'admin_statusgruppe.php', '', '', '', 1405689936, 0);
INSERT INTO `help_tour_steps` (`tour_id`, `step`, `title`, `tip`, `orientation`, `interactive`, `css_selector`, `route`, `action_prev`, `action_next`, `author_email`, `mkdate`, `chdate`) VALUES('de1fbce508d01cbd257f9904ff8c3b43', 1, 'Profile tour', 'This tour gives you an overview of the most important functions of the "profile".\r\n\r\nIn order to reach the next step please click "next" on the bottom right.', 'T', 0, '', 'dispatch.php/profile', '', '', '', 1406722657, 0);
INSERT INTO `help_tour_steps` (`tour_id`, `step`, `title`, `tip`, `orientation`, `interactive`, `css_selector`, `route`, `action_prev`, `action_next`, `author_email`, `mkdate`, `chdate`) VALUES('de1fbce508d01cbd257f9904ff8c3b43', 2, 'Personal picture', 'If you uploaded a picture, it will be displayed here. You can change it at all times.', 'RT', 0, '.avatar-normal', 'dispatch.php/profile', '', '', '', 1406722657, 0);
INSERT INTO `help_tour_steps` (`tour_id`, `step`, `title`, `tip`, `orientation`, `interactive`, `css_selector`, `route`, `action_prev`, `action_next`, `author_email`, `mkdate`, `chdate`) VALUES('de1fbce508d01cbd257f9904ff8c3b43', 3, 'Stud.IP-Score', 'The Stud.IP-Score increases with the activities in Stud.IP and thus represents the experience with  Stud.IP.', 'BL', 0, '#layout_content TABLE:eq(0) TBODY:eq(0) TR:eq(0) TD:eq(0) A:eq(0)', 'dispatch.php/profile', '', '', '', 1406722657, 0);
INSERT INTO `help_tour_steps` (`tour_id`, `step`, `title`, `tip`, `orientation`, `interactive`, `css_selector`, `route`, `action_prev`, `action_next`, `author_email`, `mkdate`, `chdate`) VALUES('de1fbce508d01cbd257f9904ff8c3b43', 4, 'Announcements', 'You can publish personal announcements on this site.', 'B', 0, '#layout_content SECTION HEADER H1 :eq(0)', 'dispatch.php/profile', '', '', '', 1406722657, 0);
INSERT INTO `help_tour_steps` (`tour_id`, `step`, `title`, `tip`, `orientation`, `interactive`, `css_selector`, `route`, `action_prev`, `action_next`, `author_email`, `mkdate`, `chdate`) VALUES('de1fbce508d01cbd257f9904ff8c3b43', 5, 'New announcement', 'Click on the plus sign, if you would like to create an announcement.', 'BR', 0, '#layout_content SECTION HEADER NAV A :eq(0)', 'dispatch.php/profile', '', '', '', 1406722657, 0);
INSERT INTO `help_tour_steps` (`tour_id`, `step`, `title`, `tip`, `orientation`, `interactive`, `css_selector`, `route`, `action_prev`, `action_next`, `author_email`, `mkdate`, `chdate`) VALUES('de1fbce508d01cbd257f9904ff8c3b43', 6, 'Personal details', 'Your picture and additional user data can be changed on these sites.', 'BL', 0, '#tabs li:eq(2)', 'dispatch.php/profile', '', '', '', 1406722657, 0);
INSERT INTO `help_tour_steps` (`tour_id`, `step`, `title`, `tip`, `orientation`, `interactive`, `css_selector`, `route`, `action_prev`, `action_next`, `author_email`, `mkdate`, `chdate`) VALUES('1badcf28ab5b206d9150b2b9683b4cb6', 1, 'Help tour "My event"', 'This tour gives you an overview of the most important functions of the page "My courses".\r\n\r\nIn order to reach the next step please click "next" on the bottom right.', 'TL', 0, '', 'dispatch.php/my_courses', '', '', '', 1406125847, 0);
INSERT INTO `help_tour_steps` (`tour_id`, `step`, `title`, `tip`, `orientation`, `interactive`, `css_selector`, `route`, `action_prev`, `action_next`, `author_email`, `mkdate`, `chdate`) VALUES('1badcf28ab5b206d9150b2b9683b4cb6', 2, 'Overview of events', 'The courses of the current and past semester are displayed here. New courses initially appear in red.', 'TL', 0, '#my_seminars TABLE THEAD TR TH :eq(2)', 'dispatch.php/my_courses', '', '', '', 1406125908, 0);
INSERT INTO `help_tour_steps` (`tour_id`, `step`, `title`, `tip`, `orientation`, `interactive`, `css_selector`, `route`, `action_prev`, `action_next`, `author_email`, `mkdate`, `chdate`) VALUES('1badcf28ab5b206d9150b2b9683b4cb6', 3, 'Event details', 'With a click on the "i" a window appears with the most important facts of the courses.', 'T', 0, '#my_seminars TABLE THEAD TR TH :eq(3)', 'dispatch.php/my_courses', '', '', '', 1406125992, 0);
INSERT INTO `help_tour_steps` (`tour_id`, `step`, `title`, `tip`, `orientation`, `interactive`, `css_selector`, `route`, `action_prev`, `action_next`, `author_email`, `mkdate`, `chdate`) VALUES('1badcf28ab5b206d9150b2b9683b4cb6', 4, 'Course contents', 'All contents (such as e.g. a forum) are displayed by corresponding symbols here.\n\nIf there were any news since the last login these will appear in red.', 'LT', 0, '#my_seminars TABLE THEAD TR TH :eq(4)', 'dispatch.php/my_courses', '', '', '', 1406126049, 0);
INSERT INTO `help_tour_steps` (`tour_id`, `step`, `title`, `tip`, `orientation`, `interactive`, `css_selector`, `route`, `action_prev`, `action_next`, `author_email`, `mkdate`, `chdate`) VALUES('1badcf28ab5b206d9150b2b9683b4cb6', 5, 'Editing or deletion of an event', 'A click on the cog wheel enables you to edit a course.\n\nIf you have participant status in a course, you can sign out by clicking on the door icon.', 'TR', 0, '#my_seminars TABLE THEAD TR TH :eq(5)', 'dispatch.php/my_courses', '', '', '', 1406126134, 0);
INSERT INTO `help_tour_steps` (`tour_id`, `step`, `title`, `tip`, `orientation`, `interactive`, `css_selector`, `route`, `action_prev`, `action_next`, `author_email`, `mkdate`, `chdate`) VALUES('1badcf28ab5b206d9150b2b9683b4cb6', 6, 'Adjustment to the event view', 'In order to adjust the course overview you can order your courses according to certain criteria (such as e.g. fields of study, lecturers, or colours).', 'R', 0, '#layout-sidebar SECTION DIV DIV.sidebar-widget-header :eq(2)', 'dispatch.php/my_courses', '', '', '', 1406126281, 0);
INSERT INTO `help_tour_steps` (`tour_id`, `step`, `title`, `tip`, `orientation`, `interactive`, `css_selector`, `route`, `action_prev`, `action_next`, `author_email`, `mkdate`, `chdate`) VALUES('1badcf28ab5b206d9150b2b9683b4cb6', 7, 'Access to an event of past and future semesters', 'For example, by clicking on the drop-down menu, courses from past semesters can be displayed.', 'R', 0, '#layout-sidebar SECTION DIV DIV.sidebar-widget-header :eq(3)', 'dispatch.php/my_courses', '', '', '', 1406126316, 0);
INSERT INTO `help_tour_steps` (`tour_id`, `step`, `title`, `tip`, `orientation`, `interactive`, `css_selector`, `route`, `action_prev`, `action_next`, `author_email`, `mkdate`, `chdate`) VALUES('1badcf28ab5b206d9150b2b9683b4cb6', 8, 'Further possible actions', 'Here you can mark all news as read, change colour groups as you please, and also adjust the notifications about activities in the individual courses.', 'R', 0, '#layout-sidebar SECTION DIV DIV.sidebar-widget-header :eq(1)', 'dispatch.php/my_courses', '', '', '', 1406126374, 0);
INSERT INTO `help_tour_steps` (`tour_id`, `step`, `title`, `tip`, `orientation`, `interactive`, `css_selector`, `route`, `action_prev`, `action_next`, `author_email`, `mkdate`, `chdate`) VALUES('1badcf28ab5b206d9150b2b9683b4cb6', 9, 'Study groups and facilities', 'There is moreover the possibility to access personal study groups or facilities.', 'R', 0, '#nav_browse_my_institutes A', 'dispatch.php/my_courses', '', '', '', 1406126415, 0);
INSERT INTO `help_tour_steps` (`tour_id`, `step`, `title`, `tip`, `orientation`, `interactive`, `css_selector`, `route`, `action_prev`, `action_next`, `author_email`, `mkdate`, `chdate`) VALUES('fa963d2ca827b28e0082e98aafc88765', 1, 'Help tour "My courses"', 'This tour gives you an overview of the most important functions of the site "My courses".\n\nIn order to reach the next step please click "next" on the bottom right.', 'TL', 0, '', 'dispatch.php/my_courses', '', '', '', 1405521184, 0);
INSERT INTO `help_tour_steps` (`tour_id`, `step`, `title`, `tip`, `orientation`, `interactive`, `css_selector`, `route`, `action_prev`, `action_next`, `author_email`, `mkdate`, `chdate`) VALUES('fa963d2ca827b28e0082e98aafc88765', 2, 'Overview of courses', 'The courses of the current and past semester are displayed here. New courses initially appear in red.', 'T', 0, '#my_seminars TABLE THEAD TR TH :eq(2)', 'dispatch.php/my_courses', '', '', '', 1405521244, 0);
INSERT INTO `help_tour_steps` (`tour_id`, `step`, `title`, `tip`, `orientation`, `interactive`, `css_selector`, `route`, `action_prev`, `action_next`, `author_email`, `mkdate`, `chdate`) VALUES('fa963d2ca827b28e0082e98aafc88765', 3, 'Course details', 'With a click on the "i" a window appears with the most important benchmark data of the course.', 'T', 0, '#my_seminars TABLE THEAD TR TH :eq(3)', 'dispatch.php/my_courses', '', '', '', 1405931069, 0);
INSERT INTO `help_tour_steps` (`tour_id`, `step`, `title`, `tip`, `orientation`, `interactive`, `css_selector`, `route`, `action_prev`, `action_next`, `author_email`, `mkdate`, `chdate`) VALUES('fa963d2ca827b28e0082e98aafc88765', 4, 'Course contents', 'All contents (such as e.g. a forum) are displayed by corresponding symbols here.\n\nIf there were any news since the last login these will appear in red.', 'LT', 0, '#my_seminars TABLE THEAD TR TH :eq(4)', 'dispatch.php/my_courses', '', '', '', 1405931225, 0);
INSERT INTO `help_tour_steps` (`tour_id`, `step`, `title`, `tip`, `orientation`, `interactive`, `css_selector`, `route`, `action_prev`, `action_next`, `author_email`, `mkdate`, `chdate`) VALUES('fa963d2ca827b28e0082e98aafc88765', 5, 'Leaving the course', 'A click on the door icon enables a direct removal from the course', 'TR', 0, '#my_seminars TABLE THEAD TR TH :eq(5)', 'dispatch.php/my_courses', '', '', '', 1405931272, 0);
INSERT INTO `help_tour_steps` (`tour_id`, `step`, `title`, `tip`, `orientation`, `interactive`, `css_selector`, `route`, `action_prev`, `action_next`, `author_email`, `mkdate`, `chdate`) VALUES('fa963d2ca827b28e0082e98aafc88765', 6, 'Access to archived courses', 'If courses have been archived, they can be accessed here.', 'RT', 0, 'A#nav_browse_archive', 'dispatch.php/my_courses', '', '', '', 1405931431, 0);
INSERT INTO `help_tour_steps` (`tour_id`, `step`, `title`, `tip`, `orientation`, `interactive`, `css_selector`, `route`, `action_prev`, `action_next`, `author_email`, `mkdate`, `chdate`) VALUES('fa963d2ca827b28e0082e98aafc88765', 7, 'Adjustment to the course view', 'In order to adjust the course overview you can arrange your courses according to certain criteria (such as e.g. fields of study, lecturers or colours).', 'R', 0, '#layout-sidebar SECTION DIV DIV.sidebar-widget-header :eq(2)', 'dispatch.php/my_courses', '', '', '', 1405932131, 0);
INSERT INTO `help_tour_steps` (`tour_id`, `step`, `title`, `tip`, `orientation`, `interactive`, `css_selector`, `route`, `action_prev`, `action_next`, `author_email`, `mkdate`, `chdate`) VALUES('fa963d2ca827b28e0082e98aafc88765', 8, 'Access to an course of past and future semesters', 'By clicking on the drop-down menu courses from past semesters can be displayed for example.', 'R', 0, '#layout-sidebar SECTION DIV DIV.sidebar-widget-header :eq(3)', 'dispatch.php/my_courses', '', '', '', 1405932230, 0);
INSERT INTO `help_tour_steps` (`tour_id`, `step`, `title`, `tip`, `orientation`, `interactive`, `css_selector`, `route`, `action_prev`, `action_next`, `author_email`, `mkdate`, `chdate`) VALUES('fa963d2ca827b28e0082e98aafc88765', 9, 'Further possible actions', 'Here you can mark all news as read, change colour groups as you please, or\n\nalso adjust the notifications about activities in the individual events.', 'R', 0, '#layout-sidebar SECTION DIV DIV.sidebar-widget-header :eq(1)', 'dispatch.php/my_courses', '', '', '', 1405932320, 0);
INSERT INTO `help_tour_steps` (`tour_id`, `step`, `title`, `tip`, `orientation`, `interactive`, `css_selector`, `route`, `action_prev`, `action_next`, `author_email`, `mkdate`, `chdate`) VALUES('fa963d2ca827b28e0082e98aafc88765', 10, 'Study groups and institutes', 'There is moreover the possibility to access personal study groups or institutes.', 'R', 0, '#nav_browse_my_institutes A', 'dispatch.php/my_courses', '', '', '', 1405932519, 0);
INSERT INTO `help_tour_steps` (`tour_id`, `step`, `title`, `tip`, `orientation`, `interactive`, `css_selector`, `route`, `action_prev`, `action_next`, `author_email`, `mkdate`, `chdate`) VALUES('f0aeb0f6c4da3bd61f48b445d9b30dc1', 1, 'Functions and design possibilities of the start page', 'This tour gives you an overview of the most important functions of the start page.\n\nIn order to reach the next step please click "next" on the bottom right', 'TL', 0, '', 'dispatch.php/start', '', '', '', 1405934926, 0);
INSERT INTO `help_tour_steps` (`tour_id`, `step`, `title`, `tip`, `orientation`, `interactive`, `css_selector`, `route`, `action_prev`, `action_next`, `author_email`, `mkdate`, `chdate`) VALUES('f0aeb0f6c4da3bd61f48b445d9b30dc1', 2, 'Individual design of the start page', 'The default configuration of the start page is that the elements "Quicklinks", "announcements", "my current appointments" and  "surveys" are displayed. The elements are called widgets and  can be deleted, added and moved. Each widget can be individually added, deleted and moved.', 'TL', 0, '', 'dispatch.php/start', '', '', '', 1405934970, 0);
INSERT INTO `help_tour_steps` (`tour_id`, `step`, `title`, `tip`, `orientation`, `interactive`, `css_selector`, `route`, `action_prev`, `action_next`, `author_email`, `mkdate`, `chdate`) VALUES('f0aeb0f6c4da3bd61f48b445d9b30dc1', 3, 'Add widget', 'Widgets can be added here. In addition to the standard widgets the personal timetable can, for example, be displayed on the start page. Newly added widgets appear right at the bottom on the start page. In addition, it is possible to jump directly to each widget in the sidebar.', 'R', 0, '#layout-sidebar SECTION DIV DIV UL LI :eq(4)', 'dispatch.php/start', '', '', '', 1405935192, 0);
INSERT INTO `help_tour_steps` (`tour_id`, `step`, `title`, `tip`, `orientation`, `interactive`, `css_selector`, `route`, `action_prev`, `action_next`, `author_email`, `mkdate`, `chdate`) VALUES('f0aeb0f6c4da3bd61f48b445d9b30dc1', 4, 'Jump labels', 'In addition, it is possible to jump directly to each widget using jump labels.', 'R', 0, '#layout-sidebar SECTION DIV DIV.sidebar-widget-header :eq(0)', 'dispatch.php/start', '', '', '', 1406623464, 0);
INSERT INTO `help_tour_steps` (`tour_id`, `step`, `title`, `tip`, `orientation`, `interactive`, `css_selector`, `route`, `action_prev`, `action_next`, `author_email`, `mkdate`, `chdate`) VALUES('f0aeb0f6c4da3bd61f48b445d9b30dc1', 5, 'Position widget', 'A widget can be moved to the desired position using drag&drop: For this purpose you click into the headline of a widget, hold down the mouse button, and drag the widget to the desired position.', 'B', 0, '.widget-header', 'dispatch.php/start', '', '', '', 1405935687, 0);
INSERT INTO `help_tour_steps` (`tour_id`, `step`, `title`, `tip`, `orientation`, `interactive`, `css_selector`, `route`, `action_prev`, `action_next`, `author_email`, `mkdate`, `chdate`) VALUES('f0aeb0f6c4da3bd61f48b445d9b30dc1', 6, 'Edit widget', 'With several widgets a further symbol is displayed in addition to the X for closing. The widget "Quicklinks", for example, can be adjusted individually by clicking on this button, the announcements can be subscribed to and appointments can be added with the actual appointments or timetable.', 'L', 0, '#layout_content DIV UL DIV SPAN A IMG :eq(0)', 'dispatch.php/start', '', '', '', 1405935792, 0);
INSERT INTO `help_tour_steps` (`tour_id`, `step`, `title`, `tip`, `orientation`, `interactive`, `css_selector`, `route`, `action_prev`, `action_next`, `author_email`, `mkdate`, `chdate`) VALUES('f0aeb0f6c4da3bd61f48b445d9b30dc1', 7, 'Remove widget', 'Each widget can be removed by clicking on the X in the right upper corner. If required, it can be added again at all times.', 'R', 0, '.widget-header', 'dispatch.php/start', '', '', '', 1405935376, 0);
INSERT INTO `help_tour_steps` (`tour_id`, `step`, `title`, `tip`, `orientation`, `interactive`, `css_selector`, `route`, `action_prev`, `action_next`, `author_email`, `mkdate`, `chdate`) VALUES('3dbe7099f82dcdbba4580acb1105a0d6', 1, 'Administering the forum', 'You have the possibility to look at a tour for the administration of the forum.\n\nIn order to begin the tour please click "next" at the bottom right.', 'TL', 0, '', 'plugins.php/coreforum', '', '', '', 1405418008, 0);
INSERT INTO `help_tour_steps` (`tour_id`, `step`, `title`, `tip`, `orientation`, `interactive`, `css_selector`, `route`, `action_prev`, `action_next`, `author_email`, `mkdate`, `chdate`) VALUES('3dbe7099f82dcdbba4580acb1105a0d6', 2, 'Edit category', 'The name of the category can be changed or, however, the whole category deleted with these icons. The sectors will in this case be shifted into the category "General" and are thus retained.\n\nThe category "General" cannot be deleted and is therefore included in each forum.', 'BR', 0, '#forum #sortable_areas TABLE CAPTION #tutorCategoryIcons', 'plugins.php/coreforum', '', '', '', 1405424216, 0);
INSERT INTO `help_tour_steps` (`tour_id`, `step`, `title`, `tip`, `orientation`, `interactive`, `css_selector`, `route`, `action_prev`, `action_next`, `author_email`, `mkdate`, `chdate`) VALUES('3dbe7099f82dcdbba4580acb1105a0d6', 3, 'Edit area', 'Action icons will appear, if the cursor is positioned on an area\n\nYou can use the icons to change the name and description of an area, or to delete the whole area.\nThe deletion of an area causes all contained topics to be deleted.', 'B', 0, 'IMG.edit-area', 'plugins.php/coreforum', '', '', '', 1405424346, 0);
INSERT INTO `help_tour_steps` (`tour_id`, `step`, `title`, `tip`, `orientation`, `interactive`, `css_selector`, `route`, `action_prev`, `action_next`, `author_email`, `mkdate`, `chdate`) VALUES('3dbe7099f82dcdbba4580acb1105a0d6', 4, 'Sort area', 'With this hatched surface areas can be sorted in at any place by clicking and dragging. This can, on one hand, be used in order to sort areas within a category, and on the other hand, areas can be shifted into other categories.', 'BR', 0, 'HTML #plugins #layout_wrapper #layout_page #layout_container #layout_content #forum #sortable_areas TABLE TBODY #tutorArea TD IMG#tutorMoveArea.handle.js :eq(1)', 'plugins.php/coreforum', '', '', '', 1405424379, 0);
INSERT INTO `help_tour_steps` (`tour_id`, `step`, `title`, `tip`, `orientation`, `interactive`, `css_selector`, `route`, `action_prev`, `action_next`, `author_email`, `mkdate`, `chdate`) VALUES('3dbe7099f82dcdbba4580acb1105a0d6', 5, 'Add new area', 'New areas can be added to a category here.', 'BR', 0, 'TFOOT TR TD A SPAN', 'plugins.php/coreforum', '', '', '', 1405424421, 0);
INSERT INTO `help_tour_steps` (`tour_id`, `step`, `title`, `tip`, `orientation`, `interactive`, `css_selector`, `route`, `action_prev`, `action_next`, `author_email`, `mkdate`, `chdate`) VALUES('3dbe7099f82dcdbba4580acb1105a0d6', 6, 'Create new category', 'A new category in the forum can be created here. Enter the title of the new category for this purpose.', 'TL', 0, '#tutorAddCategory H2', 'plugins.php/coreforum', '', '', '', 1405424458, 0);
INSERT INTO `help_tour_steps` (`tour_id`, `step`, `title`, `tip`, `orientation`, `interactive`, `css_selector`, `route`, `action_prev`, `action_next`, `author_email`, `mkdate`, `chdate`) VALUES('9e9dca9b1214294b9605824bfe90fba1', 1, 'Create study group', 'Study groups enable the cooperation with fellow students or colleagues. This tour gives you an overview of how you can create study groups.\n\nIn order to go to the next step please click "next" at the bottom right.', 'R', 0, '', 'dispatch.php/my_studygroups', '', '', '', 1405684423, 0);
INSERT INTO `help_tour_steps` (`tour_id`, `step`, `title`, `tip`, `orientation`, `interactive`, `css_selector`, `route`, `action_prev`, `action_next`, `author_email`, `mkdate`, `chdate`) VALUES('9e9dca9b1214294b9605824bfe90fba1', 2, 'Create study group', 'A new study group can be created with a click on "create new study group".', 'R', 0, 'A#nav_browse_new', 'dispatch.php/my_studygroups', '', '', '', 1406017730, 0);
INSERT INTO `help_tour_steps` (`tour_id`, `step`, `title`, `tip`, `orientation`, `interactive`, `css_selector`, `route`, `action_prev`, `action_next`, `author_email`, `mkdate`, `chdate`) VALUES('9e9dca9b1214294b9605824bfe90fba1', 3, 'Name a study group', 'The name of a study group should be meaningful and unique in the whole Stud.IP.', 'R', 0, 'INPUT#groupname', 'dispatch.php/course/studygroup/new', '', '', '', 1405684720, 0);
INSERT INTO `help_tour_steps` (`tour_id`, `step`, `title`, `tip`, `orientation`, `interactive`, `css_selector`, `route`, `action_prev`, `action_next`, `author_email`, `mkdate`, `chdate`) VALUES('9e9dca9b1214294b9605824bfe90fba1', 4, 'Add description', 'The description makes it possible to display additional information that makes it easier to find the group.', 'R', 0, 'TEXTAREA#groupdescription', 'dispatch.php/course/studygroup/new', '', '', '', 1405684806, 0);
INSERT INTO `help_tour_steps` (`tour_id`, `step`, `title`, `tip`, `orientation`, `interactive`, `css_selector`, `route`, `action_prev`, `action_next`, `author_email`, `mkdate`, `chdate`) VALUES('9e9dca9b1214294b9605824bfe90fba1', 5, 'Allocate content elements', 'Content elements can be activated here, which are to be available within the study group. The question mark provides more detailed information on the meaning of the individual content elements', 'L', 0, '#layout_content FORM TABLE TBODY TR TD :eq(5)', 'dispatch.php/course/studygroup/new', '', '', '', 1405685093, 0);
INSERT INTO `help_tour_steps` (`tour_id`, `step`, `title`, `tip`, `orientation`, `interactive`, `css_selector`, `route`, `action_prev`, `action_next`, `author_email`, `mkdate`, `chdate`) VALUES('9e9dca9b1214294b9605824bfe90fba1', 6, 'Stipulate access', 'The access to the study group can be restricted with this drop down menu.\n\nAll students can register freely and participate in the group with the access "open for everyone".\n\nWith the access "upon request" participants must be added by the group founder.', 'R', 0, 'SELECT#groupaccess', 'dispatch.php/course/studygroup/new', '', '', '', 1405685334, 0);
INSERT INTO `help_tour_steps` (`tour_id`, `step`, `title`, `tip`, `orientation`, `interactive`, `css_selector`, `route`, `action_prev`, `action_next`, `author_email`, `mkdate`, `chdate`) VALUES('9e9dca9b1214294b9605824bfe90fba1', 7, 'Accept terms of use', 'The terms of use have to be accepted before you can create a study group.', 'R', 0, 'P LABEL', 'dispatch.php/course/studygroup/new', '', '', '', 1405685652, 0);
INSERT INTO `help_tour_steps` (`tour_id`, `step`, `title`, `tip`, `orientation`, `interactive`, `css_selector`, `route`, `action_prev`, `action_next`, `author_email`, `mkdate`, `chdate`) VALUES('9e9dca9b1214294b9605824bfe90fba1', 8, 'Save study group', 'After you saved a study group it will appear under "My courses" > "My study groups".', 'L', 0, '#layout_content FORM TABLE TBODY TR TD :eq(14)', 'dispatch.php/course/studygroup/new', '', '', '', 1405686068, 0);
INSERT INTO `help_tour_steps` (`tour_id`, `step`, `title`, `tip`, `orientation`, `interactive`, `css_selector`, `route`, `action_prev`, `action_next`, `author_email`, `mkdate`, `chdate`) VALUES('89786eac42f52ac316790825b4f5c0b2', 1, 'Forum', 'This tour provides an overview of the elements and interactional possibilities of the forum.\n\nIn order to go to the next step please click "next" on the bottom right.', 'BL', 0, '', 'plugins.php/coreforum', '', '', '', 1405415772, 0);
INSERT INTO `help_tour_steps` (`tour_id`, `step`, `title`, `tip`, `orientation`, `interactive`, `css_selector`, `route`, `action_prev`, `action_next`, `author_email`, `mkdate`, `chdate`) VALUES('89786eac42f52ac316790825b4f5c0b2', 2, 'You are here:...', 'Here you can see which sector of the forum you are currently looking at.', 'BL', 0, 'DIV#tutorBreadcrumb', 'plugins.php/coreforum', '', '', '', 1405415875, 0);
INSERT INTO `help_tour_steps` (`tour_id`, `step`, `title`, `tip`, `orientation`, `interactive`, `css_selector`, `route`, `action_prev`, `action_next`, `author_email`, `mkdate`, `chdate`) VALUES('89786eac42f52ac316790825b4f5c0b2', 3, 'Category', 'The forum is divided into categories, topics and posts. A category summarises forum areas into larger units of meaning.', 'BL', 0, '#layout_content #forum #sortable_areas TABLE CAPTION .category_name :eq(0)', 'plugins.php/coreforum', '', '', '', 1405416611, 0);
INSERT INTO `help_tour_steps` (`tour_id`, `step`, `title`, `tip`, `orientation`, `interactive`, `css_selector`, `route`, `action_prev`, `action_next`, `author_email`, `mkdate`, `chdate`) VALUES('89786eac42f52ac316790825b4f5c0b2', 4, 'Area', 'This is an area within a category. Areas contain threads. The order of areas can be altered using drag&drop', 'BL', 0, '#layout_content #forum TABLE THEAD TR TH :eq(0)', 'plugins.php/coreforum', '', '', '', 1405416664, 0);
INSERT INTO `help_tour_steps` (`tour_id`, `step`, `title`, `tip`, `orientation`, `interactive`, `css_selector`, `route`, `action_prev`, `action_next`, `author_email`, `mkdate`, `chdate`) VALUES('89786eac42f52ac316790825b4f5c0b2', 5, 'Info-Icon', 'This icon turns red as soon as there is something new in this sector.', 'B', 0, 'IMG#tutorNotificationIcon', 'plugins.php/coreforum', '', '', '', 1405416705, 0);
INSERT INTO `help_tour_steps` (`tour_id`, `step`, `title`, `tip`, `orientation`, `interactive`, `css_selector`, `route`, `action_prev`, `action_next`, `author_email`, `mkdate`, `chdate`) VALUES('89786eac42f52ac316790825b4f5c0b2', 6, 'Search', 'All contents of this forum can be browsed here. Multiple word searches are also supported. In addition, the search can be limited to any combination of title, content and author.', 'BL', 0, '#layout-sidebar SECTION #tutorSearchInfobox DIV #tutorSearchInfobox UL LI INPUT :eq(1)', 'plugins.php/coreforum', '', '', '', 1405417134, 0);
INSERT INTO `help_tour_steps` (`tour_id`, `step`, `title`, `tip`, `orientation`, `interactive`, `css_selector`, `route`, `action_prev`, `action_next`, `author_email`, `mkdate`, `chdate`) VALUES('89786eac42f52ac316790825b4f5c0b2', 7, 'Subscribe to forum', 'You can subscribe to the whole forum or individual topics . In this case a notification will be generated and you receive a meassage for each new post in this forum.', 'B', 0, '#layout-sidebar SECTION DIV DIV UL LI A :eq(5)', 'plugins.php/coreforum', '', '', '', 1405416795, 0);
INSERT INTO `help_tour_steps` (`tour_id`, `step`, `title`, `tip`, `orientation`, `interactive`, `css_selector`, `route`, `action_prev`, `action_next`, `author_email`, `mkdate`, `chdate`) VALUES('e41611616675b218845fe9f55bc11cf6', 1, 'Profile', 'This tour gives you an overview of the most important functions of the "profile".\n\nIn order to get to the next step please click "next" on the bottom right.', 'B', 0, '', 'dispatch.php/profile', '', '', '', 1406722657, 0);
INSERT INTO `help_tour_steps` (`tour_id`, `step`, `title`, `tip`, `orientation`, `interactive`, `css_selector`, `route`, `action_prev`, `action_next`, `author_email`, `mkdate`, `chdate`) VALUES('e41611616675b218845fe9f55bc11cf6', 2, 'Upload a picture', 'A profile picture can be uploaded on this site.', 'BL', 0, '#nav_profile_avatar A SPAN', 'dispatch.php/settings/avatar', '', '', '', 1406722657, 0);
INSERT INTO `help_tour_steps` (`tour_id`, `step`, `title`, `tip`, `orientation`, `interactive`, `css_selector`, `route`, `action_prev`, `action_next`, `author_email`, `mkdate`, `chdate`) VALUES('e41611616675b218845fe9f55bc11cf6', 3, 'Select picture', 'A image file can be uploaded for this purpose.', 'L', 0, 'input[name=imgfile]', 'dispatch.php/settings/avatar', '', '', '', 1406722657, 0);
INSERT INTO `help_tour_steps` (`tour_id`, `step`, `title`, `tip`, `orientation`, `interactive`, `css_selector`, `route`, `action_prev`, `action_next`, `author_email`, `mkdate`, `chdate`) VALUES('e41611616675b218845fe9f55bc11cf6', 4, 'Requirements', 'The image file must be available in **.jpg**, **.png** or **.gif** format.\n\nThe document size must not exceed 700 KB.', 'L', 0, '#layout_content #edit_avatar TBODY TR TD FORM B :eq(2)', 'dispatch.php/settings/avatar', '', '', '', 1406722657, 0);
INSERT INTO `help_tour_steps` (`tour_id`, `step`, `title`, `tip`, `orientation`, `interactive`, `css_selector`, `route`, `action_prev`, `action_next`, `author_email`, `mkdate`, `chdate`) VALUES('83dc1d25e924f2748ee3293aaf0ede8e', 1, 'What is Blubber?', 'This tour provides an overview of the most important functions of "Blubber".\n\nIn order to reach the next step please click "next" on the bottom right.', 'TL', 0, '', 'plugins.php/blubber/streams/forum', '', '', '', 1405507364, 0);
INSERT INTO `help_tour_steps` (`tour_id`, `step`, `title`, `tip`, `orientation`, `interactive`, `css_selector`, `route`, `action_prev`, `action_next`, `author_email`, `mkdate`, `chdate`) VALUES('83dc1d25e924f2748ee3293aaf0ede8e', 2, 'Create contribution', 'A discussion can be started here by writing a text. Paragraphs can be created by pressing shift+enter. The text will be sent by pressing enter.', 'BL', 0, 'TEXTAREA#new_posting.autoresize', 'plugins.php/blubber/streams/forum', '', '', '', 1405507478, 0);
INSERT INTO `help_tour_steps` (`tour_id`, `step`, `title`, `tip`, `orientation`, `interactive`, `css_selector`, `route`, `action_prev`, `action_next`, `author_email`, `mkdate`, `chdate`) VALUES('83dc1d25e924f2748ee3293aaf0ede8e', 3, 'Design text', 'The text can be formatted and smileys can be used.\n\nThe customary formatting such as e.g. **bold** or %%italics%%  can be used.', 'BL', 0, 'TEXTAREA#new_posting.autoresize', 'plugins.php/blubber/streams/forum', '', '', '', 1405508371, 0);
INSERT INTO `help_tour_steps` (`tour_id`, `step`, `title`, `tip`, `orientation`, `interactive`, `css_selector`, `route`, `action_prev`, `action_next`, `author_email`, `mkdate`, `chdate`) VALUES('83dc1d25e924f2748ee3293aaf0ede8e', 4, 'Mention persons', 'Others can be informed about a post by mentioning them in the post, using the format @user name or @''first name last name''.', 'BL', 0, 'TEXTAREA#new_posting.autoresize', 'plugins.php/blubber/streams/forum', '', '', '', 1405672301, 0);
INSERT INTO `help_tour_steps` (`tour_id`, `step`, `title`, `tip`, `orientation`, `interactive`, `css_selector`, `route`, `action_prev`, `action_next`, `author_email`, `mkdate`, `chdate`) VALUES('83dc1d25e924f2748ee3293aaf0ede8e', 5, 'Add document', 'Documents can be inserted into a post by dragging them into an input field using drag&drop.', 'BL', 0, 'TEXTAREA#new_posting.autoresize', 'plugins.php/blubber/streams/forum', '', '', '', 1405508401, 0);
INSERT INTO `help_tour_steps` (`tour_id`, `step`, `title`, `tip`, `orientation`, `interactive`, `css_selector`, `route`, `action_prev`, `action_next`, `author_email`, `mkdate`, `chdate`) VALUES('83dc1d25e924f2748ee3293aaf0ede8e', 6, 'Hashtags', 'Posts can be issued with key words ("hashtags") by placing a # in front of the chosen word.', 'BL', 0, 'TEXTAREA#new_posting.autoresize', 'plugins.php/blubber/streams/forum', '', '', '', 1405508442, 0);
INSERT INTO `help_tour_steps` (`tour_id`, `step`, `title`, `tip`, `orientation`, `interactive`, `css_selector`, `route`, `action_prev`, `action_next`, `author_email`, `mkdate`, `chdate`) VALUES('83dc1d25e924f2748ee3293aaf0ede8e', 7, 'Hashtag cloud', 'By clicking on a hashtag, all posts containing this hashtag will be displayed.', 'RT', 0, 'DIV.sidebar-widget-header', 'plugins.php/blubber/streams/forum', '', '', '', 1405508505, 0);
INSERT INTO `help_tour_steps` (`tour_id`, `step`, `title`, `tip`, `orientation`, `interactive`, `css_selector`, `route`, `action_prev`, `action_next`, `author_email`, `mkdate`, `chdate`) VALUES('83dc1d25e924f2748ee3293aaf0ede8e', 8, 'Change contribution', 'If the cursor is positioned on a post, its date will appear. For your own posts an additional icon will appear on the right next to the date. This icon allow you to subsequently edit your post.', 'BR', 0, 'DIV DIV A SPAN.time', 'plugins.php/blubber/streams/forum', '', '', '', 1405507901, 0);
INSERT INTO `help_tour_steps` (`tour_id`, `step`, `title`, `tip`, `orientation`, `interactive`, `css_selector`, `route`, `action_prev`, `action_next`, `author_email`, `mkdate`, `chdate`) VALUES('83dc1d25e924f2748ee3293aaf0ede8e', 9, 'Link contribution', 'If the cursor is positioned on the first contribution to the discussion a link icon will appear on the left next to the date. If this is clicked using the right mouse button the link can be copied on this contribution in order to be able to insert it in another place.', 'BR', 0, 'DIV DIV A.permalink', 'plugins.php/blubber/streams/forum', '', '', '', 1405508281, 0);
INSERT INTO `help_tour_steps` (`tour_id`, `step`, `title`, `tip`, `orientation`, `interactive`, `css_selector`, `route`, `action_prev`, `action_next`, `author_email`, `mkdate`, `chdate`) VALUES('588effa83da976a889a68c152bcabc90', 1, 'What is Blubber?', 'This tour provides an overview of the most important functions of "Blubber".\n\nIn order to reach the next step please click "next" on the bottom right.', 'TL', 0, '', 'plugins.php/blubber/streams/profile', '', '', '', 1405507364, 0);
INSERT INTO `help_tour_steps` (`tour_id`, `step`, `title`, `tip`, `orientation`, `interactive`, `css_selector`, `route`, `action_prev`, `action_next`, `author_email`, `mkdate`, `chdate`) VALUES('588effa83da976a889a68c152bcabc90', 2, 'Create contribution', 'A discussion can be started here by writing a text. Paragraphs can be created by pressing shift+enter. The text will be sent by pressing enter.', 'BL', 0, 'TEXTAREA#new_posting.autoresize', 'plugins.php/blubber/streams/profile', '', '', '', 1405507478, 0);
INSERT INTO `help_tour_steps` (`tour_id`, `step`, `title`, `tip`, `orientation`, `interactive`, `css_selector`, `route`, `action_prev`, `action_next`, `author_email`, `mkdate`, `chdate`) VALUES('588effa83da976a889a68c152bcabc90', 3, 'Design text', 'The text can be formatted and smileys can be used.\n\nThe customary formatting such as e.g. **bold** or %%italics%%  can be used.', 'BL', 0, 'TEXTAREA#new_posting.autoresize', 'plugins.php/blubber/streams/profile', '', '', '', 1405508371, 0);
INSERT INTO `help_tour_steps` (`tour_id`, `step`, `title`, `tip`, `orientation`, `interactive`, `css_selector`, `route`, `action_prev`, `action_next`, `author_email`, `mkdate`, `chdate`) VALUES('588effa83da976a889a68c152bcabc90', 4, 'Mention persons', 'Others can be informed about a post by mentioning them in the post, using the format @user name or @''first name last name''.', 'BL', 0, 'TEXTAREA#new_posting.autoresize', 'plugins.php/blubber/streams/profile', '', '', '', 1405672301, 0);
INSERT INTO `help_tour_steps` (`tour_id`, `step`, `title`, `tip`, `orientation`, `interactive`, `css_selector`, `route`, `action_prev`, `action_next`, `author_email`, `mkdate`, `chdate`) VALUES('588effa83da976a889a68c152bcabc90', 5, 'Add document', 'Documents can be inserted into a post by dragging them into an input field using drag&drop.', 'BL', 0, 'TEXTAREA#new_posting.autoresize', 'plugins.php/blubber/streams/profile', '', '', '', 1405508401, 0);
INSERT INTO `help_tour_steps` (`tour_id`, `step`, `title`, `tip`, `orientation`, `interactive`, `css_selector`, `route`, `action_prev`, `action_next`, `author_email`, `mkdate`, `chdate`) VALUES('588effa83da976a889a68c152bcabc90', 6, 'Hashtags', 'Posts can be issued with key words ("hashtags") by placing a # in front of the chosen word.', 'BL', 0, 'TEXTAREA#new_posting.autoresize', 'plugins.php/blubber/streams/profile', '', '', '', 1405508442, 0);
INSERT INTO `help_tour_steps` (`tour_id`, `step`, `title`, `tip`, `orientation`, `interactive`, `css_selector`, `route`, `action_prev`, `action_next`, `author_email`, `mkdate`, `chdate`) VALUES('588effa83da976a889a68c152bcabc90', 7, 'Hashtag cloud', 'By clicking on a hashtag, all posts containing this hashtag will be displayed.', 'RT', 0, 'DIV.sidebar-widget-header', 'plugins.php/blubber/streams/profile', '', '', '', 1405508505, 0);
INSERT INTO `help_tour_steps` (`tour_id`, `step`, `title`, `tip`, `orientation`, `interactive`, `css_selector`, `route`, `action_prev`, `action_next`, `author_email`, `mkdate`, `chdate`) VALUES('588effa83da976a889a68c152bcabc90', 8, 'Change contribution', 'If the cursor is positioned on a post, its date will appear. For your own posts an additional icon will appear on the right next to the date. This icon allow you to subsequently edit your post.', 'BR', 0, 'DIV DIV A SPAN.time', 'plugins.php/blubber/streams/profile', '', '', '', 1405507901, 0);
INSERT INTO `help_tour_steps` (`tour_id`, `step`, `title`, `tip`, `orientation`, `interactive`, `css_selector`, `route`, `action_prev`, `action_next`, `author_email`, `mkdate`, `chdate`) VALUES('588effa83da976a889a68c152bcabc90', 9, 'Link contribution', 'If the cursor is positioned on the first contribution to the discussion a link icon will appear on the left next to the date. If this is clicked using the right mouse button the link can be copied on this contribution in order to be able to insert it in another place.', 'BR', 0, 'DIV DIV A.permalink', 'plugins.php/blubber/streams/profile', '', '', '', 1405508281, 0);
INSERT INTO `help_tour_steps` (`tour_id`, `step`, `title`, `tip`, `orientation`, `interactive`, `css_selector`, `route`, `action_prev`, `action_next`, `author_email`, `mkdate`, `chdate`) VALUES('d9913517f9c81d2c0fa8362592ce5d0e', 1, 'What is Blubber?', 'This tour provides an overview of the most important functions of "Blubber".\n\nIn order to reach the next step please click "next" on the bottom right.', 'TL', 0, '', 'plugins.php/blubber/streams/global', '', '', '', 1405507364, 0);
INSERT INTO `help_tour_steps` (`tour_id`, `step`, `title`, `tip`, `orientation`, `interactive`, `css_selector`, `route`, `action_prev`, `action_next`, `author_email`, `mkdate`, `chdate`) VALUES('d9913517f9c81d2c0fa8362592ce5d0e', 2, 'Create contribution', 'A discussion can be started here by writing a text. Paragraphs can be created by pressing shift+enter. The text will be sent by pressing enter.', 'BL', 0, 'TEXTAREA#new_posting.autoresize', 'plugins.php/blubber/streams/global', '', '', '', 1405507478, 0);
INSERT INTO `help_tour_steps` (`tour_id`, `step`, `title`, `tip`, `orientation`, `interactive`, `css_selector`, `route`, `action_prev`, `action_next`, `author_email`, `mkdate`, `chdate`) VALUES('d9913517f9c81d2c0fa8362592ce5d0e', 3, 'Design text', 'The text can be formatted and smileys can be used.\n\nThe customary formatting such as e.g. **bold** or %%italics%%  can be used.', 'BL', 0, 'TEXTAREA#new_posting.autoresize', 'plugins.php/blubber/streams/global', '', '', '', 1405508371, 0);
INSERT INTO `help_tour_steps` (`tour_id`, `step`, `title`, `tip`, `orientation`, `interactive`, `css_selector`, `route`, `action_prev`, `action_next`, `author_email`, `mkdate`, `chdate`) VALUES('d9913517f9c81d2c0fa8362592ce5d0e', 4, 'Mention persons', 'Others can be informed about a post by mentioning them in the post, using the format @user name or @''first name last name''.', 'BL', 0, 'TEXTAREA#new_posting.autoresize', 'plugins.php/blubber/streams/global', '', '', '', 1405672301, 0);
INSERT INTO `help_tour_steps` (`tour_id`, `step`, `title`, `tip`, `orientation`, `interactive`, `css_selector`, `route`, `action_prev`, `action_next`, `author_email`, `mkdate`, `chdate`) VALUES('d9913517f9c81d2c0fa8362592ce5d0e', 5, 'Add document', 'Documents can be inserted into a post by dragging them into an input field using drag&drop.', 'BL', 0, 'TEXTAREA#new_posting.autoresize', 'plugins.php/blubber/streams/global', '', '', '', 1405508401, 0);
INSERT INTO `help_tour_steps` (`tour_id`, `step`, `title`, `tip`, `orientation`, `interactive`, `css_selector`, `route`, `action_prev`, `action_next`, `author_email`, `mkdate`, `chdate`) VALUES('d9913517f9c81d2c0fa8362592ce5d0e', 6, 'Hashtags', 'Posts can be issued with key words ("hashtags") by placing a # in front of the chosen word.', 'BL', 0, 'TEXTAREA#new_posting.autoresize', 'plugins.php/blubber/streams/global', '', '', '', 1405508442, 0);
INSERT INTO `help_tour_steps` (`tour_id`, `step`, `title`, `tip`, `orientation`, `interactive`, `css_selector`, `route`, `action_prev`, `action_next`, `author_email`, `mkdate`, `chdate`) VALUES('d9913517f9c81d2c0fa8362592ce5d0e', 7, 'Hashtag cloud', 'By clicking on a hashtag, all posts containing this hashtag will be displayed.', 'RT', 0, '#layout-sidebar SECTION DIV DIV.sidebar-widget-header :eq(1)', 'plugins.php/blubber/streams/global', '', '', '', 1405508505, 0);
INSERT INTO `help_tour_steps` (`tour_id`, `step`, `title`, `tip`, `orientation`, `interactive`, `css_selector`, `route`, `action_prev`, `action_next`, `author_email`, `mkdate`, `chdate`) VALUES('d9913517f9c81d2c0fa8362592ce5d0e', 8, 'Change contribution', 'If the cursor is positioned on a post, its date will appear. For your own posts an additional icon will appear on the right next to the date. This icon allow you to subsequently edit your post.', 'BR', 0, 'DIV DIV A SPAN.time', 'plugins.php/blubber/streams/global', '', '', '', 1405507901, 0);
INSERT INTO `help_tour_steps` (`tour_id`, `step`, `title`, `tip`, `orientation`, `interactive`, `css_selector`, `route`, `action_prev`, `action_next`, `author_email`, `mkdate`, `chdate`) VALUES('d9913517f9c81d2c0fa8362592ce5d0e', 9, 'Link contribution', 'If the cursor is positioned on the first contribution to the discussion a link icon will appear on the left next to the date. If this is clicked using the right mouse button the link can be copied on this contribution in order to be able to insert it in another place.', 'BR', 0, 'DIV DIV A.permalink', 'plugins.php/blubber/streams/global', '', '', '', 1405508281, 0);
INSERT INTO `help_tour_steps` (`tour_id`, `step`, `title`, `tip`, `orientation`, `interactive`, `css_selector`, `route`, `action_prev`, `action_next`, `author_email`, `mkdate`, `chdate`) VALUES('05434e40601a9a2a7f5fa8208ae148c1', 1, 'My documents', 'My documents is the personal document area. Documents can be stored on Stud.IP here in order to be able to download them from there onto other computers.\n\nOther students or lecturers do not receive any access to documents, which are uploaded into the personal document area.\n\nIn order to reach the next step please click on the right at the bottom on "next".', 'TL', 0, '', 'dispatch.php/document/files', '', '', '', 1405592884, 0);
INSERT INTO `help_tour_steps` (`tour_id`, `step`, `title`, `tip`, `orientation`, `interactive`, `css_selector`, `route`, `action_prev`, `action_next`, `author_email`, `mkdate`, `chdate`) VALUES('05434e40601a9a2a7f5fa8208ae148c1', 2, 'Available storage space', 'The storage space of the personal document area is limited. It is displayed how much storage space is still available.', 'BR', 0, 'DIV.caption-actions', 'dispatch.php/document/files', '', '', '', 1405594184, 0);
INSERT INTO `help_tour_steps` (`tour_id`, `step`, `title`, `tip`, `orientation`, `interactive`, `css_selector`, `route`, `action_prev`, `action_next`, `author_email`, `mkdate`, `chdate`) VALUES('05434e40601a9a2a7f5fa8208ae148c1', 3, 'New documents and indices', 'New documents can be uploaded from the computer into the personal document area and new indices can be created here.', 'TL', 0, '#layout-sidebar SECTION DIV DIV UL LI A :eq(0)', 'dispatch.php/document/files', '', '', '', 1405593409, 0);
INSERT INTO `help_tour_steps` (`tour_id`, `step`, `title`, `tip`, `orientation`, `interactive`, `css_selector`, `route`, `action_prev`, `action_next`, `author_email`, `mkdate`, `chdate`) VALUES('05434e40601a9a2a7f5fa8208ae148c1', 4, 'Document overview', 'All documents and indices are listed in a tabular form. In addition to the name even more information is displayed such as the document type or the document size.', 'TL', 0, '#layout_content FORM TABLE THEAD TR TH :eq(3)', 'dispatch.php/document/files', '', '', '', 1405593089, 0);
INSERT INTO `help_tour_steps` (`tour_id`, `step`, `title`, `tip`, `orientation`, `interactive`, `css_selector`, `route`, `action_prev`, `action_next`, `author_email`, `mkdate`, `chdate`) VALUES('05434e40601a9a2a7f5fa8208ae148c1', 5, 'Actions', 'Already uploaded documents and folders can be edited, downloaded, shifted, copied and deleted here.', 'TR', 0, '#layout_content FORM TABLE THEAD TR TH :eq(7)', 'dispatch.php/document/files', '', '', '', 1405594079, 0);
INSERT INTO `help_tour_steps` (`tour_id`, `step`, `title`, `tip`, `orientation`, `interactive`, `css_selector`, `route`, `action_prev`, `action_next`, `author_email`, `mkdate`, `chdate`) VALUES('05434e40601a9a2a7f5fa8208ae148c1', 6, 'Export', 'Here you have the possibility to download individual folders or the full document area as a ZIP document. All documents and indices are contained therein.', 'TL', 0, '#layout-sidebar SECTION DIV DIV.sidebar-widget-header :eq(1)', 'dispatch.php/document/files', '', '', '', 1405593708, 0);
