-- phpMyAdmin SQL Dump
-- version 2.6.4-pl4
-- http://www.phpmyadmin.net
-- 
-- Host: localhost
-- Erstellungszeit: 31. Juli 2007 um 17:51
-- Server Version: 5.0.26
-- PHP-Version: 5.2.0
-- 
-- Datenbank: `studip_module`
-- 

-- 
-- Daten für Tabelle `his_abschl`
-- 

INSERT INTO `his_abschl` (`abint`, `aikz`, `ktxt`, `dtxt`, `ltxt`, `astat`, `hrst`, `part`, `anzstg`, `kzfaarray`, `mag_laa`, `sortkz1`, `anzstgmin`, `sprache`, `refabint`, `efh`) VALUES ('02', 'A', 'Magister', 'Magister', 'magister artium', '02', 'G', '', 3, '', 'M', '02', 0, 'D', '02', '0301');
INSERT INTO `his_abschl` (`abint`, `aikz`, `ktxt`, `dtxt`, `ltxt`, `astat`, `hrst`, `part`, `anzstg`, `kzfaarray`, `mag_laa`, `sortkz1`, `anzstgmin`, `sprache`, `refabint`, `efh`) VALUES ('04', 'A', 'Kirchl.Abs', 'Kirchlicher Abschluss', 'Kirchliches Examen', '04', 'G', '', 1, '', '', '04', 0, 'D', '04', '0301');
INSERT INTO `his_abschl` (`abint`, `aikz`, `ktxt`, `dtxt`, `ltxt`, `astat`, `hrst`, `part`, `anzstg`, `kzfaarray`, `mag_laa`, `sortkz1`, `anzstgmin`, `sprache`, `refabint`, `efh`) VALUES ('06', 'A', 'Promotion', 'Promotion', 'Promotion', '06', 'G', '', 1, '', '', '06', 0, 'D', '06', '0301');
INSERT INTO `his_abschl` (`abint`, `aikz`, `ktxt`, `dtxt`, `ltxt`, `astat`, `hrst`, `part`, `anzstg`, `kzfaarray`, `mag_laa`, `sortkz1`, `anzstgmin`, `sprache`, `refabint`, `efh`) VALUES ('21', 'A', 'LA Grundsc', 'Lehramt für Grundschulen', 'Erste Staatsprüfung für das Lehramt an Grundschulen', '21', 'G', '', 4, '', 'L', '21', 0, 'D', '21', '0301');
INSERT INTO `his_abschl` (`abint`, `aikz`, `ktxt`, `dtxt`, `ltxt`, `astat`, `hrst`, `part`, `anzstg`, `kzfaarray`, `mag_laa`, `sortkz1`, `anzstgmin`, `sprache`, `refabint`, `efh`) VALUES ('24', 'A', 'LA Sekunda', 'Lehramt für Sekundarschul', 'Erste Staatsprüfung für das Lehramt an Sekundarschulen', '24', 'G', '', 4, '', 'L', '24', 0, 'D', '24', '0301');
INSERT INTO `his_abschl` (`abint`, `aikz`, `ktxt`, `dtxt`, `ltxt`, `astat`, `hrst`, `part`, `anzstg`, `kzfaarray`, `mag_laa`, `sortkz1`, `anzstgmin`, `sprache`, `refabint`, `efh`) VALUES ('25', 'A', 'LA Gymnasi', 'Lehramt für Gymnasien', 'Erste Staatsprüfung für das Lehramt an Gymnasien', '25', 'G', '', 4, '', 'L', '25', 0, 'D', '25', '0301');
INSERT INTO `his_abschl` (`abint`, `aikz`, `ktxt`, `dtxt`, `ltxt`, `astat`, `hrst`, `part`, `anzstg`, `kzfaarray`, `mag_laa`, `sortkz1`, `anzstgmin`, `sprache`, `refabint`, `efh`) VALUES ('26', 'A', 'LA Sonders', 'Lehramt für Sonderschulen', 'Erste Staatsprüfung für das Lehramt an Sonderschulen', '26', 'G', '', 4, '', 'L', '26', 0, 'D', '26', '0301');
INSERT INTO `his_abschl` (`abint`, `aikz`, `ktxt`, `dtxt`, `ltxt`, `astat`, `hrst`, `part`, `anzstg`, `kzfaarray`, `mag_laa`, `sortkz1`, `anzstgmin`, `sprache`, `refabint`, `efh`) VALUES ('40', 'A', 'UE Förders', 'Unterrichtserl. Förderstu', 'Unterrichtserlaubnis für die Förderstufe an Sekundarschulen', '21', 'G', '', 1, '', '', '40', 0, 'D', '40', '0301');
INSERT INTO `his_abschl` (`abint`, `aikz`, `ktxt`, `dtxt`, `ltxt`, `astat`, `hrst`, `part`, `anzstg`, `kzfaarray`, `mag_laa`, `sortkz1`, `anzstgmin`, `sprache`, `refabint`, `efh`) VALUES ('94', 'A', 'Zeugnis/Ze', 'Zeugnis/Zertifikat', 'Zeugnis/Zertifikat', '94', 'G', '', 1, '', '', '94', 0, 'D', '94', '0301');
INSERT INTO `his_abschl` (`abint`, `aikz`, `ktxt`, `dtxt`, `ltxt`, `astat`, `hrst`, `part`, `anzstg`, `kzfaarray`, `mag_laa`, `sortkz1`, `anzstgmin`, `sprache`, `refabint`, `efh`) VALUES ('95', 'A', 'sonst.Absc', 'sonstiger Abschluss', 'sonstiger Abschluss', '95', 'G', '', 1, '', '', '95', 0, 'D', '95', '0301');
INSERT INTO `his_abschl` (`abint`, `aikz`, `ktxt`, `dtxt`, `ltxt`, `astat`, `hrst`, `part`, `anzstg`, `kzfaarray`, `mag_laa`, `sortkz1`, `anzstgmin`, `sprache`, `refabint`, `efh`) VALUES ('96', 'A', 'Abschl.im', 'Abschluss im Ausland', 'ohne Abschluss, (die Abschlussprüfung erfolgt im Ausland)', '96', 'G', '', 1, '', '', '96', 0, 'D', '96', '0301');
INSERT INTO `his_abschl` (`abint`, `aikz`, `ktxt`, `dtxt`, `ltxt`, `astat`, `hrst`, `part`, `anzstg`, `kzfaarray`, `mag_laa`, `sortkz1`, `anzstgmin`, `sprache`, `refabint`, `efh`) VALUES ('97', 'A', 'ohne Absch', 'Studium ohne Abschluss', 'Es ist kein spezieller Abschluss vorgesehen', '97', '', '', 2, '', '', '97', 0, 'D', '97', '0301');
INSERT INTO `his_abschl` (`abint`, `aikz`, `ktxt`, `dtxt`, `ltxt`, `astat`, `hrst`, `part`, `anzstg`, `kzfaarray`, `mag_laa`, `sortkz1`, `anzstgmin`, `sprache`, `refabint`, `efh`) VALUES ('93', 'A', 'legum magi', 'legum magister', 'legum magister', '88', 'G', '', 1, '', '', '93', 0, 'D', '93', '0301');
INSERT INTO `his_abschl` (`abint`, `aikz`, `ktxt`, `dtxt`, `ltxt`, `astat`, `hrst`, `part`, `anzstg`, `kzfaarray`, `mag_laa`, `sortkz1`, `anzstgmin`, `sprache`, `refabint`, `efh`) VALUES ('PP', 'A', 'Pool', 'Prüfungspool', 'Prüfungspool', '', '', '', 0, '', '', '', 0, 'D', '', '0301');
INSERT INTO `his_abschl` (`abint`, `aikz`, `ktxt`, `dtxt`, `ltxt`, `astat`, `hrst`, `part`, `anzstg`, `kzfaarray`, `mag_laa`, `sortkz1`, `anzstgmin`, `sprache`, `refabint`, `efh`) VALUES ('11', 'A', 'Diplom', 'Diplom', 'Diplom', '11', 'G', '', 1, '', '', '11', 0, 'D', '11', '0301');
INSERT INTO `his_abschl` (`abint`, `aikz`, `ktxt`, `dtxt`, `ltxt`, `astat`, `hrst`, `part`, `anzstg`, `kzfaarray`, `mag_laa`, `sortkz1`, `anzstgmin`, `sprache`, `refabint`, `efh`) VALUES ('82', 'A', 'BA', 'Bachelor', 'Bachelor', '82', 'G', '', 2, '', '', '82', 0, 'D', '82', '0301');
INSERT INTO `his_abschl` (`abint`, `aikz`, `ktxt`, `dtxt`, `ltxt`, `astat`, `hrst`, `part`, `anzstg`, `kzfaarray`, `mag_laa`, `sortkz1`, `anzstgmin`, `sprache`, `refabint`, `efh`) VALUES ('88', 'A', 'MA', 'Master', 'Master', '88', 'G', '', 2, '', '', '88', 0, 'D', '88', '0301');
INSERT INTO `his_abschl` (`abint`, `aikz`, `ktxt`, `dtxt`, `ltxt`, `astat`, `hrst`, `part`, `anzstg`, `kzfaarray`, `mag_laa`, `sortkz1`, `anzstgmin`, `sprache`, `refabint`, `efh`) VALUES ('83', 'A', 'BA 2-Fach', 'Bachelor (2-Fach)', 'Bachelor (2-Fach)', '82', 'G', '', 2, '', '', '83', 0, 'D', '83', '');
INSERT INTO `his_abschl` (`abint`, `aikz`, `ktxt`, `dtxt`, `ltxt`, `astat`, `hrst`, `part`, `anzstg`, `kzfaarray`, `mag_laa`, `sortkz1`, `anzstgmin`, `sprache`, `refabint`, `efh`) VALUES ('89', 'A', 'MA 2-Fach', 'Master (2-Fach)', 'Master (2-Fach)', '88', 'G', '', 2, '', '', '89', 0, 'D', '89', '');
INSERT INTO `his_abschl` (`abint`, `aikz`, `ktxt`, `dtxt`, `ltxt`, `astat`, `hrst`, `part`, `anzstg`, `kzfaarray`, `mag_laa`, `sortkz1`, `anzstgmin`, `sprache`, `refabint`, `efh`) VALUES ('08', 'A', 'Staatsprüf', 'Staatsprüfung', 'Staatsprüfung', '08', 'G', '', 1, '', '', '08', 0, 'D', '08', '0301');

-- 
-- Daten für Tabelle `his_abstgv`
-- 

INSERT INTO `his_abstgv` (`ktxt`, `dtxt`, `ltxt`, `fb`, `kzfa`, `kzfaarray`, `abschl`, `stg`, `pversion`, `regelstz`, `login_part`, `studip_studiengang`) VALUES ('Sport (HRS', 'Sport (Hpt.+Realsch.)', 'Sport', 'DC', 'H', 'H', '26', '098', 9999, 9, 'Ph', '');
INSERT INTO `his_abstgv` (`ktxt`, `dtxt`, `ltxt`, `fb`, `kzfa`, `kzfaarray`, `abschl`, `stg`, `pversion`, `regelstz`, `login_part`, `studip_studiengang`) VALUES ('Sport', 'Sport', 'Sport', 'DC', 'H', 'H', '24', '098', 9999, 8, 'Ph', '');
INSERT INTO `his_abstgv` (`ktxt`, `dtxt`, `ltxt`, `fb`, `kzfa`, `kzfaarray`, `abschl`, `stg`, `pversion`, `regelstz`, `login_part`, `studip_studiengang`) VALUES ('Sport', 'Sport', 'Sport', 'DC', 'H', 'H', '25', '098', 9999, 9, 'Ph', '');
INSERT INTO `his_abstgv` (`ktxt`, `dtxt`, `ltxt`, `fb`, `kzfa`, `kzfaarray`, `abschl`, `stg`, `pversion`, `regelstz`, `login_part`, `studip_studiengang`) VALUES ('Lernbeh.pä', 'Lernbehindertenpädagogik', 'Lernbehindertenpädagogik', 'EB', 'H', 'H', '26', '099', 9999, 9, 'Pä', '');
INSERT INTO `his_abstgv` (`ktxt`, `dtxt`, `ltxt`, `fb`, `kzfa`, `kzfaarray`, `abschl`, `stg`, `pversion`, `regelstz`, `login_part`, `studip_studiengang`) VALUES ('Maschinenb', 'Maschinenbau/ -wesen', 'Maschinenbau / -wesen', '78', 'H', 'H', '11', '104', 9999, 10, '', '');
INSERT INTO `his_abstgv` (`ktxt`, `dtxt`, `ltxt`, `fb`, `kzfa`, `kzfaarray`, `abschl`, `stg`, `pversion`, `regelstz`, `login_part`, `studip_studiengang`) VALUES ('Mathematik', 'Mathematik', 'Mathematik', 'HD', 'H', 'H', '11', '105', 1997, 9, 'Ma', '');
INSERT INTO `his_abstgv` (`ktxt`, `dtxt`, `ltxt`, `fb`, `kzfa`, `kzfaarray`, `abschl`, `stg`, `pversion`, `regelstz`, `login_part`, `studip_studiengang`) VALUES ('Mathematik', 'Mathematik', 'Mathematik', 'HD', 'H', 'H', '24', '105', 9999, 8, 'Ma', '');
INSERT INTO `his_abstgv` (`ktxt`, `dtxt`, `ltxt`, `fb`, `kzfa`, `kzfaarray`, `abschl`, `stg`, `pversion`, `regelstz`, `login_part`, `studip_studiengang`) VALUES ('Mathematik', 'Mathematik', 'Mathematik', 'HD', 'H', 'H', '25', '105', 9999, 9, 'Ma', '');
INSERT INTO `his_abstgv` (`ktxt`, `dtxt`, `ltxt`, `fb`, `kzfa`, `kzfaarray`, `abschl`, `stg`, `pversion`, `regelstz`, `login_part`, `studip_studiengang`) VALUES ('Mathematik', 'Mathematik (Förderstufe)', 'Mathematik', 'HD', 'H', 'H', '40', '105', 9999, 2, 'Ma', '');
INSERT INTO `his_abstgv` (`ktxt`, `dtxt`, `ltxt`, `fb`, `kzfa`, `kzfaarray`, `abschl`, `stg`, `pversion`, `regelstz`, `login_part`, `studip_studiengang`) VALUES ('Mathematik', 'Mathematik (Hpt.+Realsch)', 'Mathematik', 'HD', 'H', 'H', '26', '105', 9999, 9, 'Ma', '');
INSERT INTO `his_abstgv` (`ktxt`, `dtxt`, `ltxt`, `fb`, `kzfa`, `kzfaarray`, `abschl`, `stg`, `pversion`, `regelstz`, `login_part`, `studip_studiengang`) VALUES ('Medizin', 'Medizin', 'Medizin', 'IA', 'H', 'H', '08', '107', 9999, 13, 'Me', '');
INSERT INTO `his_abstgv` (`ktxt`, `dtxt`, `ltxt`, `fb`, `kzfa`, `kzfaarray`, `abschl`, `stg`, `pversion`, `regelstz`, `login_part`, `studip_studiengang`) VALUES ('Mineralogi', 'Mineralogie', 'Mineralogie', 'HB', 'H', 'H', '11', '111', 9999, 9, 'Ge', '');
INSERT INTO `his_abstgv` (`ktxt`, `dtxt`, `ltxt`, `fb`, `kzfa`, `kzfaarray`, `abschl`, `stg`, `pversion`, `regelstz`, `login_part`, `studip_studiengang`) VALUES ('Musik', 'Musik', 'Musik', 'DD', 'H', 'H', '25', '113', 9999, 10, 'Ph', '');
INSERT INTO `his_abstgv` (`ktxt`, `dtxt`, `ltxt`, `fb`, `kzfa`, `kzfaarray`, `abschl`, `stg`, `pversion`, `regelstz`, `login_part`, `studip_studiengang`) VALUES ('Musik', 'Musik', 'Musik', 'DD', 'H', 'H', '24', '113', 9999, 9, 'Ph', '');
INSERT INTO `his_abstgv` (`ktxt`, `dtxt`, `ltxt`, `fb`, `kzfa`, `kzfaarray`, `abschl`, `stg`, `pversion`, `regelstz`, `login_part`, `studip_studiengang`) VALUES ('Musik (HRS', 'Musik (Hpt.+Realsch.)', 'Musik', 'DD', 'H', 'H', '26', '113', 9999, 9, 'Ph', '');
INSERT INTO `his_abstgv` (`ktxt`, `dtxt`, `ltxt`, `fb`, `kzfa`, `kzfaarray`, `abschl`, `stg`, `pversion`, `regelstz`, `login_part`, `studip_studiengang`) VALUES ('Musikwiss.', 'Musikwissenschaft', 'Musikwissenschaft', 'DD', 'H', 'HHN', '02', '114', 9999, 9, 'Ph', '');
INSERT INTO `his_abstgv` (`ktxt`, `dtxt`, `ltxt`, `fb`, `kzfa`, `kzfaarray`, `abschl`, `stg`, `pversion`, `regelstz`, `login_part`, `studip_studiengang`) VALUES ('Grundsch.l', 'Grundschullehrer', 'Grundschullehrer', 'EC', 'H', 'H', '21', '115', 9999, 7, 'Pä', '');
INSERT INTO `his_abstgv` (`ktxt`, `dtxt`, `ltxt`, `fb`, `kzfa`, `kzfaarray`, `abschl`, `stg`, `pversion`, `regelstz`, `login_part`, `studip_studiengang`) VALUES ('Technomath', 'Technomathematik', 'Technomathematik', 'HD', 'H', 'H', '11', '118', 9999, 9, 'Ma', '');
INSERT INTO `his_abstgv` (`ktxt`, `dtxt`, `ltxt`, `fb`, `kzfa`, `kzfaarray`, `abschl`, `stg`, `pversion`, `regelstz`, `login_part`, `studip_studiengang`) VALUES ('Ingwiss.In', 'Ing.wiss./Vert.Ing.Inform', 'Ingenieurwiss.,Vertiefung Ingenieurinformatik', 'HE', 'H', 'H', '11', '123', 9999, 9, '', '');
INSERT INTO `his_abstgv` (`ktxt`, `dtxt`, `ltxt`, `fb`, `kzfa`, `kzfaarray`, `abschl`, `stg`, `pversion`, `regelstz`, `login_part`, `studip_studiengang`) VALUES ('Pharmazie', 'Pharmazie', 'Pharmazie', 'FC', 'H', 'H', '08', '126', 9999, 8, 'Ph', '');
INSERT INTO `his_abstgv` (`ktxt`, `dtxt`, `ltxt`, `fb`, `kzfa`, `kzfaarray`, `abschl`, `stg`, `pversion`, `regelstz`, `login_part`, `studip_studiengang`) VALUES ('Pharmazie', 'Pharmazie', 'Pharmazie', 'FC', 'H', 'H', '11', '126', 9999, 2, 'Ph', '');
INSERT INTO `his_abstgv` (`ktxt`, `dtxt`, `ltxt`, `fb`, `kzfa`, `kzfaarray`, `abschl`, `stg`, `pversion`, `regelstz`, `login_part`, `studip_studiengang`) VALUES ('Philosophi', 'Philosophie', 'Philosophie', 'CG', 'H', 'H', '25', '127', 9999, 9, 'Ph', '');
INSERT INTO `his_abstgv` (`ktxt`, `dtxt`, `ltxt`, `fb`, `kzfa`, `kzfaarray`, `abschl`, `stg`, `pversion`, `regelstz`, `login_part`, `studip_studiengang`) VALUES ('Philosophi', 'Philosophie', 'Philosophie', 'CG', 'H', 'HHN', '02', '127', 9999, 9, 'Ph', '');
INSERT INTO `his_abstgv` (`ktxt`, `dtxt`, `ltxt`, `fb`, `kzfa`, `kzfaarray`, `abschl`, `stg`, `pversion`, `regelstz`, `login_part`, `studip_studiengang`) VALUES ('Physik', 'Physik', 'Physik', 'GB', 'H', 'H', '24', '128', 9999, 8, 'Ch', '');
INSERT INTO `his_abstgv` (`ktxt`, `dtxt`, `ltxt`, `fb`, `kzfa`, `kzfaarray`, `abschl`, `stg`, `pversion`, `regelstz`, `login_part`, `studip_studiengang`) VALUES ('Physik', 'Physik', 'Physik', 'GB', 'H', 'H', '25', '128', 9999, 9, 'Ch', '');
INSERT INTO `his_abstgv` (`ktxt`, `dtxt`, `ltxt`, `fb`, `kzfa`, `kzfaarray`, `abschl`, `stg`, `pversion`, `regelstz`, `login_part`, `studip_studiengang`) VALUES ('Physik', 'Physik', 'Physik', 'GB', 'H', 'H', '26', '128', 9999, 9, 'Ch', '');
INSERT INTO `his_abstgv` (`ktxt`, `dtxt`, `ltxt`, `fb`, `kzfa`, `kzfaarray`, `abschl`, `stg`, `pversion`, `regelstz`, `login_part`, `studip_studiengang`) VALUES ('Physik', 'Physik', 'Physik', 'GB', 'H', 'H', '11', '128', 2005, 10, 'Ch', '');
INSERT INTO `his_abstgv` (`ktxt`, `dtxt`, `ltxt`, `fb`, `kzfa`, `kzfaarray`, `abschl`, `stg`, `pversion`, `regelstz`, `login_part`, `studip_studiengang`) VALUES ('Polnisch (', 'Fachübersetzen Polnisch', 'Fachübersetzen (Polnisch)', 'DC', 'N', 'N', '02', '130', 9999, 9, 'Ph', '');
INSERT INTO `his_abstgv` (`ktxt`, `dtxt`, `ltxt`, `fb`, `kzfa`, `kzfaarray`, `abschl`, `stg`, `pversion`, `regelstz`, `login_part`, `studip_studiengang`) VALUES ('Psychologi', 'Psychologie', 'Psychologie', 'CF', 'H', 'H', '11', '132', 1995, 9, 'Ph', '');
INSERT INTO `his_abstgv` (`ktxt`, `dtxt`, `ltxt`, `fb`, `kzfa`, `kzfaarray`, `abschl`, `stg`, `pversion`, `regelstz`, `login_part`, `studip_studiengang`) VALUES ('Psychologi', 'Psychologie', 'Psychologie', 'CF', 'N', 'N', '02', '132', 9999, 9, 'Ph', '');
INSERT INTO `his_abstgv` (`ktxt`, `dtxt`, `ltxt`, `fb`, `kzfa`, `kzfaarray`, `abschl`, `stg`, `pversion`, `regelstz`, `login_part`, `studip_studiengang`) VALUES ('Psychologi', 'Psychologie', 'Psychologie', 'CF', 'H', 'H', '25', '132', 9999, 9, 'Ph', '');
INSERT INTO `his_abstgv` (`ktxt`, `dtxt`, `ltxt`, `fb`, `kzfa`, `kzfaarray`, `abschl`, `stg`, `pversion`, `regelstz`, `login_part`, `studip_studiengang`) VALUES ('Medien-u.K', 'Medien-u.Kommunikationsw.', 'Medien- und Kommunikationswissenschaft', 'DC', 'H', 'HHN', '02', '133', 9999, 9, 'Ph', '');
INSERT INTO `his_abstgv` (`ktxt`, `dtxt`, `ltxt`, `fb`, `kzfa`, `kzfaarray`, `abschl`, `stg`, `pversion`, `regelstz`, `login_part`, `studip_studiengang`) VALUES ('Rechtswiss', 'Rechtswissenschaft', 'Rechtswissenschaft', 'BA', 'H', 'H', '08', '135', 2003, 9, 'Ju', '');
INSERT INTO `his_abstgv` (`ktxt`, `dtxt`, `ltxt`, `fb`, `kzfa`, `kzfaarray`, `abschl`, `stg`, `pversion`, `regelstz`, `login_part`, `studip_studiengang`) VALUES ('Rechtswiss', 'Rechtswissenschaft (LLM)', 'Rechtswissenschaft (legum magister)', 'BA', 'H', 'H', '93', '135', 9999, 2, 'Ju', '');
INSERT INTO `his_abstgv` (`ktxt`, `dtxt`, `ltxt`, `fb`, `kzfa`, `kzfaarray`, `abschl`, `stg`, `pversion`, `regelstz`, `login_part`, `studip_studiengang`) VALUES ('Russisch', 'Russisch', 'Russisch', 'DF', 'H', 'H', '26', '139', 9999, 9, 'Ph', '');
INSERT INTO `his_abstgv` (`ktxt`, `dtxt`, `ltxt`, `fb`, `kzfa`, `kzfaarray`, `abschl`, `stg`, `pversion`, `regelstz`, `login_part`, `studip_studiengang`) VALUES ('Russisch', 'Russisch', 'Russisch', 'DF', 'H', 'H', '24', '139', 9999, 8, 'Ph', '');
INSERT INTO `his_abstgv` (`ktxt`, `dtxt`, `ltxt`, `fb`, `kzfa`, `kzfaarray`, `abschl`, `stg`, `pversion`, `regelstz`, `login_part`, `studip_studiengang`) VALUES ('Russisch', 'Russisch', 'Russisch', 'DF', 'H', 'H', '25', '139', 9999, 9, 'Ph', '');
INSERT INTO `his_abstgv` (`ktxt`, `dtxt`, `ltxt`, `fb`, `kzfa`, `kzfaarray`, `abschl`, `stg`, `pversion`, `regelstz`, `login_part`, `studip_studiengang`) VALUES ('Slavistik', 'Slavistik', 'Slavistik', 'DF', 'H', 'HHN', '02', '146', 9999, 9, 'Ph', '');
INSERT INTO `his_abstgv` (`ktxt`, `dtxt`, `ltxt`, `fb`, `kzfa`, `kzfaarray`, `abschl`, `stg`, `pversion`, `regelstz`, `login_part`, `studip_studiengang`) VALUES ('Sozialkund', 'Sozialkunde', 'Sozialkunde', 'CE', 'H', 'H', '24', '147', 9999, 8, 'Ph', '');
INSERT INTO `his_abstgv` (`ktxt`, `dtxt`, `ltxt`, `fb`, `kzfa`, `kzfaarray`, `abschl`, `stg`, `pversion`, `regelstz`, `login_part`, `studip_studiengang`) VALUES ('Sozialkund', 'Sozialkunde', 'Sozialkunde', 'CE', 'H', 'H', '25', '147', 9999, 9, 'Ph', '');
INSERT INTO `his_abstgv` (`ktxt`, `dtxt`, `ltxt`, `fb`, `kzfa`, `kzfaarray`, `abschl`, `stg`, `pversion`, `regelstz`, `login_part`, `studip_studiengang`) VALUES ('Sozialkund', 'Sozialkunde', 'Sozialkunde', 'CE', 'H', 'H', '26', '147', 9999, 9, 'Ph', '');
INSERT INTO `his_abstgv` (`ktxt`, `dtxt`, `ltxt`, `fb`, `kzfa`, `kzfaarray`, `abschl`, `stg`, `pversion`, `regelstz`, `login_part`, `studip_studiengang`) VALUES ('Soziologie', 'Soziologie', 'Soziologie', 'CH', 'H', 'H', '11', '149', 1998, 9, 'Ph', '');
INSERT INTO `his_abstgv` (`ktxt`, `dtxt`, `ltxt`, `fb`, `kzfa`, `kzfaarray`, `abschl`, `stg`, `pversion`, `regelstz`, `login_part`, `studip_studiengang`) VALUES ('Soziologie', 'Soziologie', 'Soziologie', 'CH', 'H', 'HHN', '02', '149', 9999, 9, 'Ph', '');
INSERT INTO `his_abstgv` (`ktxt`, `dtxt`, `ltxt`, `fb`, `kzfa`, `kzfaarray`, `abschl`, `stg`, `pversion`, `regelstz`, `login_part`, `studip_studiengang`) VALUES ('Spanisch', 'Spanisch', 'Spanisch', 'DE', 'H', 'H', '25', '150', 9999, 9, 'Ph', '');
INSERT INTO `his_abstgv` (`ktxt`, `dtxt`, `ltxt`, `fb`, `kzfa`, `kzfaarray`, `abschl`, `stg`, `pversion`, `regelstz`, `login_part`, `studip_studiengang`) VALUES ('Sprachbeh.', 'Sprachbehindertenpädagog.', 'Sprachbehindertenpädagogik', 'EB', 'H', 'H', '26', '151', 9999, 9, 'Pä', '');
INSERT INTO `his_abstgv` (`ktxt`, `dtxt`, `ltxt`, `fb`, `kzfa`, `kzfaarray`, `abschl`, `stg`, `pversion`, `regelstz`, `login_part`, `studip_studiengang`) VALUES ('Sprachwiss', 'Sprachwissenschaft', 'Sprachwissenschaft', 'CD', 'H', 'HHN', '02', '152', 9999, 9, 'Ph', '');
INSERT INTO `his_abstgv` (`ktxt`, `dtxt`, `ltxt`, `fb`, `kzfa`, `kzfaarray`, `abschl`, `stg`, `pversion`, `regelstz`, `login_part`, `studip_studiengang`) VALUES ('Mazedonist', 'Mazedonistik', 'Mazedonistik', '64', 'H', 'H', '02', '153', 9999, 9, 'Ph', '');
INSERT INTO `his_abstgv` (`ktxt`, `dtxt`, `ltxt`, `fb`, `kzfa`, `kzfaarray`, `abschl`, `stg`, `pversion`, `regelstz`, `login_part`, `studip_studiengang`) VALUES ('Ethik', 'Ethik', 'Ethik', 'CG', 'H', 'H', '25', '169', 9999, 9, 'Ph', '');
INSERT INTO `his_abstgv` (`ktxt`, `dtxt`, `ltxt`, `fb`, `kzfa`, `kzfaarray`, `abschl`, `stg`, `pversion`, `regelstz`, `login_part`, `studip_studiengang`) VALUES ('Ethik (HRS', 'Ethik (Hpt.+Realsch)', 'Ethik', 'CG', 'H', 'H', '26', '169', 9999, 9, 'Ph', '');
INSERT INTO `his_abstgv` (`ktxt`, `dtxt`, `ltxt`, `fb`, `kzfa`, `kzfaarray`, `abschl`, `stg`, `pversion`, `regelstz`, `login_part`, `studip_studiengang`) VALUES ('Ethik', 'Ethik', 'Ethik', 'CG', 'H', 'H', '24', '169', 9999, 8, 'Ph', '');
INSERT INTO `his_abstgv` (`ktxt`, `dtxt`, `ltxt`, `fb`, `kzfa`, `kzfaarray`, `abschl`, `stg`, `pversion`, `regelstz`, `login_part`, `studip_studiengang`) VALUES ('Ethik (GS)', 'Ethik (Grundsch)', 'Ethik (Grundschule)', 'CG', 'H', 'H', '21', '169', 9999, 8, 'Ph', '');
INSERT INTO `his_abstgv` (`ktxt`, `dtxt`, `ltxt`, `fb`, `kzfa`, `kzfaarray`, `abschl`, `stg`, `pversion`, `regelstz`, `login_part`, `studip_studiengang`) VALUES ('Verh.gest.', 'Verhaltensgest.pädagogik', 'Verhaltensgestörtenpädagogik', 'EB', 'H', 'H', '26', '170', 9999, 9, 'Pä', '');
INSERT INTO `his_abstgv` (`ktxt`, `dtxt`, `ltxt`, `fb`, `kzfa`, `kzfaarray`, `abschl`, `stg`, `pversion`, `regelstz`, `login_part`, `studip_studiengang`) VALUES ('Volkswirt.', 'Volkswirtschaftslehre', 'Volkswirtschaftslehre', 'BB', 'N', 'N', '02', '175', 2003, 9, 'Wi', '');
INSERT INTO `his_abstgv` (`ktxt`, `dtxt`, `ltxt`, `fb`, `kzfa`, `kzfaarray`, `abschl`, `stg`, `pversion`, `regelstz`, `login_part`, `studip_studiengang`) VALUES ('MuK90', 'Medien-u.Kommunikation90', 'Medien- und Kommunikationswissenschaft', 'DC', 'K', '', '83', '933', 106, 6, 'Ph', '');
INSERT INTO `his_abstgv` (`ktxt`, `dtxt`, `ltxt`, `fb`, `kzfa`, `kzfaarray`, `abschl`, `stg`, `pversion`, `regelstz`, `login_part`, `studip_studiengang`) VALUES ('Werkstoffw', 'Werkstoffwissenschaft', 'Werkstoffwissenschaft', 'HE', 'H', 'H', '11', '177', 9999, 10, '', '');
INSERT INTO `his_abstgv` (`ktxt`, `dtxt`, `ltxt`, `fb`, `kzfa`, `kzfaarray`, `abschl`, `stg`, `pversion`, `regelstz`, `login_part`, `studip_studiengang`) VALUES ('MuK120', 'Medien-u.Kommunikation120', 'Medien- und Kommunikationswissenschaft', 'DC', 'S', '', '83', '233', 106, 6, 'Ph', '');
INSERT INTO `his_abstgv` (`ktxt`, `dtxt`, `ltxt`, `fb`, `kzfa`, `kzfaarray`, `abschl`, `stg`, `pversion`, `regelstz`, `login_part`, `studip_studiengang`) VALUES ('Zahnmedizi', 'Zahnmedizin', 'Zahnmedizin', 'IA', 'H', 'H', '08', '185', 9999, 11, 'Me', '');
INSERT INTO `his_abstgv` (`ktxt`, `dtxt`, `ltxt`, `fb`, `kzfa`, `kzfaarray`, `abschl`, `stg`, `pversion`, `regelstz`, `login_part`, `studip_studiengang`) VALUES ('Rehab.päda', 'Rehabilitationspädagogik', 'Rehabilitationspädagogik', 'EB', 'H', 'HHN', '02', '190', 9999, 9, 'Pä', '');
INSERT INTO `his_abstgv` (`ktxt`, `dtxt`, `ltxt`, `fb`, `kzfa`, `kzfaarray`, `abschl`, `stg`, `pversion`, `regelstz`, `login_part`, `studip_studiengang`) VALUES ('Rehab.päda', 'Rehabilitationspädagogik', 'Rehabilitationspädagogik', 'EB', 'H', 'H', '11', '190', 9999, 0, 'Pä', '');
INSERT INTO `his_abstgv` (`ktxt`, `dtxt`, `ltxt`, `fb`, `kzfa`, `kzfaarray`, `abschl`, `stg`, `pversion`, `regelstz`, `login_part`, `studip_studiengang`) VALUES ('Rehab.päda', 'Rehabilitationspädagogik', 'Rehabilitationspädagogik', 'EB', 'H', 'H', '26', '190', 9999, 9, 'Pä', '');
INSERT INTO `his_abstgv` (`ktxt`, `dtxt`, `ltxt`, `fb`, `kzfa`, `kzfaarray`, `abschl`, `stg`, `pversion`, `regelstz`, `login_part`, `studip_studiengang`) VALUES ('Studienkol', 'Studienkolleg', 'Studienkolleg', 'QA', 'H', 'H', '95', '196', 9999, 2, '', '');
INSERT INTO `his_abstgv` (`ktxt`, `dtxt`, `ltxt`, `fb`, `kzfa`, `kzfaarray`, `abschl`, `stg`, `pversion`, `regelstz`, `login_part`, `studip_studiengang`) VALUES ('Verarb.tec', 'Verarbeitungstechnik', 'Verarbeitungstechnik', '78', 'H', 'H', '11', '202', 9999, 10, '', '');
INSERT INTO `his_abstgv` (`ktxt`, `dtxt`, `ltxt`, `fb`, `kzfa`, `kzfaarray`, `abschl`, `stg`, `pversion`, `regelstz`, `login_part`, `studip_studiengang`) VALUES ('Verfahrens', 'Verfahrenstechnik', 'Verfahrenstechnik', 'HE', 'H', 'H', '11', '226', 9999, 10, '', '');
INSERT INTO `his_abstgv` (`ktxt`, `dtxt`, `ltxt`, `fb`, `kzfa`, `kzfaarray`, `abschl`, `stg`, `pversion`, `regelstz`, `login_part`, `studip_studiengang`) VALUES ('Wirtsch.Ma', 'Wirtschaftsmathematik', 'Wirtschaftsmathematik', 'HD', 'H', 'H', '11', '276', 1995, 9, 'Ma', '');
INSERT INTO `his_abstgv` (`ktxt`, `dtxt`, `ltxt`, `fb`, `kzfa`, `kzfaarray`, `abschl`, `stg`, `pversion`, `regelstz`, `login_part`, `studip_studiengang`) VALUES ('Musikw.60', 'Musikwissenschaft60', 'Musikwissenschaft', 'DD', 'N', '', '83', '514', 106, 6, 'Ph', '');
INSERT INTO `his_abstgv` (`ktxt`, `dtxt`, `ltxt`, `fb`, `kzfa`, `kzfaarray`, `abschl`, `stg`, `pversion`, `regelstz`, `login_part`, `studip_studiengang`) VALUES ('Bioingenie', 'Bio-Ingenieurwesen', 'Bio-Ingenieurwesen', 'HE', 'H', 'H', '11', '282', 9999, 9, '', '');
INSERT INTO `his_abstgv` (`ktxt`, `dtxt`, `ltxt`, `fb`, `kzfa`, `kzfaarray`, `abschl`, `stg`, `pversion`, `regelstz`, `login_part`, `studip_studiengang`) VALUES ('Politikwis', 'Politikwissenschaft', 'Politikwissenschaft', 'CE', 'H', 'HHN', '02', '300', 9999, 9, 'Ph', '');
INSERT INTO `his_abstgv` (`ktxt`, `dtxt`, `ltxt`, `fb`, `kzfa`, `kzfaarray`, `abschl`, `stg`, `pversion`, `regelstz`, `login_part`, `studip_studiengang`) VALUES ('Politikwis', 'Politikwissenschaft', 'Politikwissenschaft', 'CE', 'H', 'H', '11', '300', 9999, 9, 'Ph', '');
INSERT INTO `his_abstgv` (`ktxt`, `dtxt`, `ltxt`, `fb`, `kzfa`, `kzfaarray`, `abschl`, `stg`, `pversion`, `regelstz`, `login_part`, `studip_studiengang`) VALUES ('Geologie/P', 'Geologie/Paläontologie', 'Geologie/Paläontologie', 'HB', 'N', 'N', '02', '302', 9999, 9, 'Ge', '');
INSERT INTO `his_abstgv` (`ktxt`, `dtxt`, `ltxt`, `fb`, `kzfa`, `kzfaarray`, `abschl`, `stg`, `pversion`, `regelstz`, `login_part`, `studip_studiengang`) VALUES ('Int.Fi.Man', 'Inter.Finanzmanagement', 'Internationales Finanzmanagement', 'BB', 'H', 'H', '88', '728', 9999, 4, 'Wi', '');
INSERT INTO `his_abstgv` (`ktxt`, `dtxt`, `ltxt`, `fb`, `kzfa`, `kzfaarray`, `abschl`, `stg`, `pversion`, `regelstz`, `login_part`, `studip_studiengang`) VALUES ('Ernährungs', 'Ernährungswissenschaft', 'Ernährungswissenschaft', 'HA', 'H', 'H', '11', '320', 9999, 9, 'Ag', '');
INSERT INTO `his_abstgv` (`ktxt`, `dtxt`, `ltxt`, `fb`, `kzfa`, `kzfaarray`, `abschl`, `stg`, `pversion`, `regelstz`, `login_part`, `studip_studiengang`) VALUES ('Umwelttech', 'Umwelttechnik', 'Umwelttechnik', 'HE', 'H', 'H', '11', '457', 9999, 10, '', '');
INSERT INTO `his_abstgv` (`ktxt`, `dtxt`, `ltxt`, `fb`, `kzfa`, `kzfaarray`, `abschl`, `stg`, `pversion`, `regelstz`, `login_part`, `studip_studiengang`) VALUES ('Präh.Archä', 'Prähistor.Archäologie', 'Prähistorische Archäologie', 'CC', 'H', 'HHN', '02', '548', 9999, 9, 'Ph', '');
INSERT INTO `his_abstgv` (`ktxt`, `dtxt`, `ltxt`, `fb`, `kzfa`, `kzfaarray`, `abschl`, `stg`, `pversion`, `regelstz`, `login_part`, `studip_studiengang`) VALUES ('Präh.Archä', 'Prähistor.Archäologie', 'Prähistorische Archäologie', 'CC', 'H', 'H', '11', '548', 9999, 9, 'Ph', '');
INSERT INTO `his_abstgv` (`ktxt`, `dtxt`, `ltxt`, `fb`, `kzfa`, `kzfaarray`, `abschl`, `stg`, `pversion`, `regelstz`, `login_part`, `studip_studiengang`) VALUES ('Germ.Sprac', 'Germanist.Sprachwissensch', 'Germanistische Sprachwissenschaft', 'DB', 'H', 'HHN', '02', '603', 9999, 9, 'Ph', '');
INSERT INTO `his_abstgv` (`ktxt`, `dtxt`, `ltxt`, `fb`, `kzfa`, `kzfaarray`, `abschl`, `stg`, `pversion`, `regelstz`, `login_part`, `studip_studiengang`) VALUES ('Germ.Liter', 'Germanist.Literaturwiss.', 'Germanistische Literaturwissenschaft', 'DB', 'H', 'HHN', '02', '604', 9999, 9, 'Ph', '');
INSERT INTO `his_abstgv` (`ktxt`, `dtxt`, `ltxt`, `fb`, `kzfa`, `kzfaarray`, `abschl`, `stg`, `pversion`, `regelstz`, `login_part`, `studip_studiengang`) VALUES ('Sprechwiss', 'Sprechwissenschaft', 'Sprechwissenschaft', 'DF', 'H', 'H', '11', '605', 9999, 9, 'Ph', '');
INSERT INTO `his_abstgv` (`ktxt`, `dtxt`, `ltxt`, `fb`, `kzfa`, `kzfaarray`, `abschl`, `stg`, `pversion`, `regelstz`, `login_part`, `studip_studiengang`) VALUES ('Sprechwiss', 'Sprechwissenschaft', 'Sprechwissenschaft', 'DF', 'H', 'HHN', '02', '605', 9999, 9, 'Ph', '');
INSERT INTO `his_abstgv` (`ktxt`, `dtxt`, `ltxt`, `fb`, `kzfa`, `kzfaarray`, `abschl`, `stg`, `pversion`, `regelstz`, `login_part`, `studip_studiengang`) VALUES ('Wirtsch/Te', 'Wirtschaft/Technik', 'Wirtschaft und Technik', 'HE', 'H', 'H', '24', '606', 9999, 8, '', '');
INSERT INTO `his_abstgv` (`ktxt`, `dtxt`, `ltxt`, `fb`, `kzfa`, `kzfaarray`, `abschl`, `stg`, `pversion`, `regelstz`, `login_part`, `studip_studiengang`) VALUES ('Wirtsch/Te', 'Wirtschaft/Technik', 'Wirtschaft und Technik', 'HE', 'H', 'H', '25', '606', 9999, 9, '', '');
INSERT INTO `his_abstgv` (`ktxt`, `dtxt`, `ltxt`, `fb`, `kzfa`, `kzfaarray`, `abschl`, `stg`, `pversion`, `regelstz`, `login_part`, `studip_studiengang`) VALUES ('Wirtsch/Te', 'Wirtschaft/Technik', 'Wirtschaft und Technik', 'HE', 'H', 'H', '26', '606', 9999, 9, '', '');
INSERT INTO `his_abstgv` (`ktxt`, `dtxt`, `ltxt`, `fb`, `kzfa`, `kzfaarray`, `abschl`, `stg`, `pversion`, `regelstz`, `login_part`, `studip_studiengang`) VALUES ('Semitistik', 'Semitistik', 'Semitistik', 'CD', 'H', 'HHN', '02', '609', 9999, 9, 'Ph', '');
INSERT INTO `his_abstgv` (`ktxt`, `dtxt`, `ltxt`, `fb`, `kzfa`, `kzfaarray`, `abschl`, `stg`, `pversion`, `regelstz`, `login_part`, `studip_studiengang`) VALUES ('Italianist', 'Italianistik', 'Italianistik', 'DE', 'H', 'HHN', '02', '610', 9999, 9, 'Ph', '');
INSERT INTO `his_abstgv` (`ktxt`, `dtxt`, `ltxt`, `fb`, `kzfa`, `kzfaarray`, `abschl`, `stg`, `pversion`, `regelstz`, `login_part`, `studip_studiengang`) VALUES ('Anglistik', 'Anglistik', 'Anglistik', 'DA', 'H', 'H', '11', '612', 9999, 9, 'Ph', '');
INSERT INTO `his_abstgv` (`ktxt`, `dtxt`, `ltxt`, `fb`, `kzfa`, `kzfaarray`, `abschl`, `stg`, `pversion`, `regelstz`, `login_part`, `studip_studiengang`) VALUES ('Angl./Amer', 'Anglistik/Amerikanistik', 'Anglistik/Amerikanistik', 'DA', 'H', 'HHN', '02', '613', 9999, 9, 'Ph', '');
INSERT INTO `his_abstgv` (`ktxt`, `dtxt`, `ltxt`, `fb`, `kzfa`, `kzfaarray`, `abschl`, `stg`, `pversion`, `regelstz`, `login_part`, `studip_studiengang`) VALUES ('Galloroman', 'Galloromanistik', 'Galloromanistik', 'DE', 'H', 'HHN', '02', '614', 9999, 9, 'Ph', '');
INSERT INTO `his_abstgv` (`ktxt`, `dtxt`, `ltxt`, `fb`, `kzfa`, `kzfaarray`, `abschl`, `stg`, `pversion`, `regelstz`, `login_part`, `studip_studiengang`) VALUES ('Hispanisti', 'Hispanistik', 'Hispanistik', 'DE', 'H', 'HHN', '02', '615', 9999, 9, 'Ph', '');
INSERT INTO `his_abstgv` (`ktxt`, `dtxt`, `ltxt`, `fb`, `kzfa`, `kzfaarray`, `abschl`, `stg`, `pversion`, `regelstz`, `login_part`, `studip_studiengang`) VALUES ('Polonistik', 'Polonistik', 'Polonistik', '64', 'H', 'H', '02', '618', 9999, 9, 'Ph', '');
INSERT INTO `his_abstgv` (`ktxt`, `dtxt`, `ltxt`, `fb`, `kzfa`, `kzfaarray`, `abschl`, `stg`, `pversion`, `regelstz`, `login_part`, `studip_studiengang`) VALUES ('Klass.Arch', 'Klassische Archäologie', 'Klassische Archäologie', 'CA', 'H', 'HHN', '02', '619', 9999, 9, 'Ph', '');
INSERT INTO `his_abstgv` (`ktxt`, `dtxt`, `ltxt`, `fb`, `kzfa`, `kzfaarray`, `abschl`, `stg`, `pversion`, `regelstz`, `login_part`, `studip_studiengang`) VALUES ('Mittellat.', 'Mittellatein.Philologie', 'Mittellateinische Philologie', 'CA', 'H', 'HHN', '02', '620', 9999, 9, 'Ph', '');
INSERT INTO `his_abstgv` (`ktxt`, `dtxt`, `ltxt`, `fb`, `kzfa`, `kzfaarray`, `abschl`, `stg`, `pversion`, `regelstz`, `login_part`, `studip_studiengang`) VALUES ('Or.Arch.u.', 'Oriental.Archäol.u.Kunst', 'Orientalische Archäologie und Kunst', 'CA', 'H', 'HHN', '02', '621', 9999, 9, 'Ph', '');
INSERT INTO `his_abstgv` (`ktxt`, `dtxt`, `ltxt`, `fb`, `kzfa`, `kzfaarray`, `abschl`, `stg`, `pversion`, `regelstz`, `login_part`, `studip_studiengang`) VALUES ('Sp/Lit Chr', 'Spr./Lit.d.Christl.Orient', 'Sprachen und Literaturen des Christlichen Orients', 'CD', 'H', 'HHN', '02', '623', 9999, 9, 'Ph', '');
INSERT INTO `his_abstgv` (`ktxt`, `dtxt`, `ltxt`, `fb`, `kzfa`, `kzfaarray`, `abschl`, `stg`, `pversion`, `regelstz`, `login_part`, `studip_studiengang`) VALUES ('Kunstgesch', 'Kunstgeschichte Byz.', 'Kunstgeschichte Byzantinistik', '63', 'H', 'HHN', '02', '624', 9999, 9, 'Ph', '');
INSERT INTO `his_abstgv` (`ktxt`, `dtxt`, `ltxt`, `fb`, `kzfa`, `kzfaarray`, `abschl`, `stg`, `pversion`, `regelstz`, `login_part`, `studip_studiengang`) VALUES ('Osteurop.G', 'Osteuropäische Geschichte', 'Osteuropäische Geschichte', 'CB', 'N', 'N', '02', '629', 9999, 9, 'Ph', '');
INSERT INTO `his_abstgv` (`ktxt`, `dtxt`, `ltxt`, `fb`, `kzfa`, `kzfaarray`, `abschl`, `stg`, `pversion`, `regelstz`, `login_part`, `studip_studiengang`) VALUES ('Mitt.u.Neu', 'Mittl.u.Neue Geschichte', 'Geschichte, Mittlere und Neuere', '62', 'N', 'N', '02', '630', 9999, 9, 'Ph', '');
INSERT INTO `his_abstgv` (`ktxt`, `dtxt`, `ltxt`, `fb`, `kzfa`, `kzfaarray`, `abschl`, `stg`, `pversion`, `regelstz`, `login_part`, `studip_studiengang`) VALUES ('Neueste Ge', 'Neueste Geschichte', 'Neueste Geschichte', '62', 'H', 'H', '02', '631', 9999, 9, 'Ph', '');
INSERT INTO `his_abstgv` (`ktxt`, `dtxt`, `ltxt`, `fb`, `kzfa`, `kzfaarray`, `abschl`, `stg`, `pversion`, `regelstz`, `login_part`, `studip_studiengang`) VALUES ('Sozialgesc', 'Sozialgeschichte', 'Sozialgeschichte', '62', 'H', 'H', '02', '632', 9999, 9, 'Ph', '');
INSERT INTO `his_abstgv` (`ktxt`, `dtxt`, `ltxt`, `fb`, `kzfa`, `kzfaarray`, `abschl`, `stg`, `pversion`, `regelstz`, `login_part`, `studip_studiengang`) VALUES ('Landesgesc', 'Landesgeschichte', 'Landesgeschichte', 'CB', 'N', 'N', '02', '633', 9999, 9, 'Ph', '');
INSERT INTO `his_abstgv` (`ktxt`, `dtxt`, `ltxt`, `fb`, `kzfa`, `kzfaarray`, `abschl`, `stg`, `pversion`, `regelstz`, `login_part`, `studip_studiengang`) VALUES ('Hist.Hilfs', 'Hist. Hilfswissensch.', 'Historische Hilfswissenschaften', 'CB', 'N', 'N', '02', '634', 9999, 9, 'Ph', '');
INSERT INTO `his_abstgv` (`ktxt`, `dtxt`, `ltxt`, `fb`, `kzfa`, `kzfaarray`, `abschl`, `stg`, `pversion`, `regelstz`, `login_part`, `studip_studiengang`) VALUES ('Mediz.Päda', 'Medizinpädagogik', 'Medizinpädagogik', 'IA', 'H', 'H', '11', '636', 9999, 10, 'Me', '');
INSERT INTO `his_abstgv` (`ktxt`, `dtxt`, `ltxt`, `fb`, `kzfa`, `kzfaarray`, `abschl`, `stg`, `pversion`, `regelstz`, `login_part`, `studip_studiengang`) VALUES ('Phonetik', 'Phonetik', 'Phonetik', '65', 'H', 'H', '02', '638', 9999, 9, 'Ph', '');
INSERT INTO `his_abstgv` (`ktxt`, `dtxt`, `ltxt`, `fb`, `kzfa`, `kzfaarray`, `abschl`, `stg`, `pversion`, `regelstz`, `login_part`, `studip_studiengang`) VALUES ('Therapiesp', 'Therapiesport', 'Therapiesport', '65', 'H', 'H', '11', '641', 9999, 0, 'Ph', '');
INSERT INTO `his_abstgv` (`ktxt`, `dtxt`, `ltxt`, `fb`, `kzfa`, `kzfaarray`, `abschl`, `stg`, `pversion`, `regelstz`, `login_part`, `studip_studiengang`) VALUES ('Russistik', 'Russistik', 'Russistik', 'DF', 'H', 'H', '02', '642', 9999, 9, 'Ph', '');
INSERT INTO `his_abstgv` (`ktxt`, `dtxt`, `ltxt`, `fb`, `kzfa`, `kzfaarray`, `abschl`, `stg`, `pversion`, `regelstz`, `login_part`, `studip_studiengang`) VALUES ('Ev.Religio', 'Evangelische Religion', 'Evangelische Religionslehre', 'A', 'H', 'H', '26', '643', 9999, 9, 'Th', '');
INSERT INTO `his_abstgv` (`ktxt`, `dtxt`, `ltxt`, `fb`, `kzfa`, `kzfaarray`, `abschl`, `stg`, `pversion`, `regelstz`, `login_part`, `studip_studiengang`) VALUES ('Ev.Religio', 'Evangelische Religion', 'Evangelische Religionslehre', 'A', 'H', 'H', '24', '643', 9999, 8, 'Th', '');
INSERT INTO `his_abstgv` (`ktxt`, `dtxt`, `ltxt`, `fb`, `kzfa`, `kzfaarray`, `abschl`, `stg`, `pversion`, `regelstz`, `login_part`, `studip_studiengang`) VALUES ('Ev.Religio', 'Evangelische Religion', 'Evangelische Religionslehre', 'A', 'H', 'H', '25', '643', 9999, 9, 'Th', '');
INSERT INTO `his_abstgv` (`ktxt`, `dtxt`, `ltxt`, `fb`, `kzfa`, `kzfaarray`, `abschl`, `stg`, `pversion`, `regelstz`, `login_part`, `studip_studiengang`) VALUES ('Wirt.ing.w', 'Wirtschaftsingenieurwesen', 'Wirtschaftsingenieurwesen', 'BB', 'H', 'H', '11', '179', 2003, 10, 'Wi', '');
INSERT INTO `his_abstgv` (`ktxt`, `dtxt`, `ltxt`, `fb`, `kzfa`, `kzfaarray`, `abschl`, `stg`, `pversion`, `regelstz`, `login_part`, `studip_studiengang`) VALUES ('Latein.Phi', 'Lateinische Philologie', 'Lateinische Philologie', 'CA', 'H', 'HHN', '02', '644', 9999, 9, 'Ph', '');
INSERT INTO `his_abstgv` (`ktxt`, `dtxt`, `ltxt`, `fb`, `kzfa`, `kzfaarray`, `abschl`, `stg`, `pversion`, `regelstz`, `login_part`, `studip_studiengang`) VALUES ('Griech.Phi', 'Griechische Philologie', 'Griechische Philologie', 'CA', 'H', 'HHN', '02', '645', 9999, 9, 'Ph', '');
INSERT INTO `his_abstgv` (`ktxt`, `dtxt`, `ltxt`, `fb`, `kzfa`, `kzfaarray`, `abschl`, `stg`, `pversion`, `regelstz`, `login_part`, `studip_studiengang`) VALUES ('Russisch (', 'Fachübersetzen Russisch', 'Fachübersetzen (Russisch)', '64', 'N', 'N', '02', '646', 9999, 9, 'Ph', '');
INSERT INTO `his_abstgv` (`ktxt`, `dtxt`, `ltxt`, `fb`, `kzfa`, `kzfaarray`, `abschl`, `stg`, `pversion`, `regelstz`, `login_part`, `studip_studiengang`) VALUES ('Englisch (', 'Fachübersetzen Englisch', 'Fachübersetzen (Englisch)', 'DC', 'N', 'N', '02', '647', 9999, 9, 'Ph', '');
INSERT INTO `his_abstgv` (`ktxt`, `dtxt`, `ltxt`, `fb`, `kzfa`, `kzfaarray`, `abschl`, `stg`, `pversion`, `regelstz`, `login_part`, `studip_studiengang`) VALUES ('Französisc', 'Fachübersetzen Französ.', 'Fachübersetzen (Französisch)', '64', 'N', 'N', '02', '648', 9999, 9, 'Ph', '');
INSERT INTO `his_abstgv` (`ktxt`, `dtxt`, `ltxt`, `fb`, `kzfa`, `kzfaarray`, `abschl`, `stg`, `pversion`, `regelstz`, `login_part`, `studip_studiengang`) VALUES ('Deutsch/Fr', 'Deutsch als Fremdsprache', 'Deutsch als Fremdsprache', '64', 'N', 'N', '02', '649', 9999, 9, 'Ph', '');
INSERT INTO `his_abstgv` (`ktxt`, `dtxt`, `ltxt`, `fb`, `kzfa`, `kzfaarray`, `abschl`, `stg`, `pversion`, `regelstz`, `login_part`, `studip_studiengang`) VALUES ('Alte Gesch', 'Alte Geschichte', 'Alte Geschichte', 'CB', 'H', 'HHN', '02', '651', 9999, 9, 'Ph', '');
INSERT INTO `his_abstgv` (`ktxt`, `dtxt`, `ltxt`, `fb`, `kzfa`, `kzfaarray`, `abschl`, `stg`, `pversion`, `regelstz`, `login_part`, `studip_studiengang`) VALUES ('Angl/Amer.', 'Anglistik/Amerikan.(Lit.)', 'Angl./Amerik. - Englische u. Amerikan. Literatur', '64', 'H', 'H', '02', '652', 9999, 9, 'Ph', '');
INSERT INTO `his_abstgv` (`ktxt`, `dtxt`, `ltxt`, `fb`, `kzfa`, `kzfaarray`, `abschl`, `stg`, `pversion`, `regelstz`, `login_part`, `studip_studiengang`) VALUES ('Angl/Amer.', 'Anglistik/Amerikan.(Spr.)', 'Angl./Amerikanistik-Englische Sprachwissenschaft', '64', 'H', 'H', '02', '653', 9999, 9, 'Ph', '');
INSERT INTO `his_abstgv` (`ktxt`, `dtxt`, `ltxt`, `fb`, `kzfa`, `kzfaarray`, `abschl`, `stg`, `pversion`, `regelstz`, `login_part`, `studip_studiengang`) VALUES ('Hauswirtsc', 'Hauswirtschaft', 'Hauswirtschaft', 'EA', 'H', 'H', '24', '654', 9999, 8, 'Pä', '');
INSERT INTO `his_abstgv` (`ktxt`, `dtxt`, `ltxt`, `fb`, `kzfa`, `kzfaarray`, `abschl`, `stg`, `pversion`, `regelstz`, `login_part`, `studip_studiengang`) VALUES ('Hauswirtsc', 'Hauswirtschaft', 'Hauswirtschaft', 'EA', 'H', 'H', '26', '654', 9999, 8, 'Pä', '');
INSERT INTO `his_abstgv` (`ktxt`, `dtxt`, `ltxt`, `fb`, `kzfa`, `kzfaarray`, `abschl`, `stg`, `pversion`, `regelstz`, `login_part`, `studip_studiengang`) VALUES ('Musik-Th.u', 'Theorie u.Prax.der Musik', 'Theorie und Praxis der Musik', '65', 'N', 'N', '02', '655', 9999, 9, 'Ph', '');
INSERT INTO `his_abstgv` (`ktxt`, `dtxt`, `ltxt`, `fb`, `kzfa`, `kzfaarray`, `abschl`, `stg`, `pversion`, `regelstz`, `login_part`, `studip_studiengang`) VALUES ('Polnisch', 'Polnisch', 'Polnisch', '64', 'H', 'H', '25', '656', 9999, 10, 'Ph', '');
INSERT INTO `his_abstgv` (`ktxt`, `dtxt`, `ltxt`, `fb`, `kzfa`, `kzfaarray`, `abschl`, `stg`, `pversion`, `regelstz`, `login_part`, `studip_studiengang`) VALUES ('Sozialkund', 'Sozialkunde/DIF', 'Sozialkunde', '62', 'H', 'H', '25', '657', 9999, 6, 'Ph', '');
INSERT INTO `his_abstgv` (`ktxt`, `dtxt`, `ltxt`, `fb`, `kzfa`, `kzfaarray`, `abschl`, `stg`, `pversion`, `regelstz`, `login_part`, `studip_studiengang`) VALUES ('Schulgarte', 'Schulgarten', 'Schulgarten', 'EC', 'H', 'H', '21', '660', 9999, 7, 'Pä', '');
INSERT INTO `his_abstgv` (`ktxt`, `dtxt`, `ltxt`, `fb`, `kzfa`, `kzfaarray`, `abschl`, `stg`, `pversion`, `regelstz`, `login_part`, `studip_studiengang`) VALUES ('Schulgarte', 'Schulgarten', 'Schulgarten', 'EC', 'H', 'H', '26', '660', 9999, 9, 'Pä', '');
INSERT INTO `his_abstgv` (`ktxt`, `dtxt`, `ltxt`, `fb`, `kzfa`, `kzfaarray`, `abschl`, `stg`, `pversion`, `regelstz`, `login_part`, `studip_studiengang`) VALUES ('Werken', 'Werken', 'Werkunterricht', 'EC', 'H', 'H', '21', '661', 9999, 7, 'Pä', '');
INSERT INTO `his_abstgv` (`ktxt`, `dtxt`, `ltxt`, `fb`, `kzfa`, `kzfaarray`, `abschl`, `stg`, `pversion`, `regelstz`, `login_part`, `studip_studiengang`) VALUES ('Werken', 'Werken', 'Werkunterricht', 'EC', 'H', 'H', '26', '661', 9999, 9, 'Pä', '');
INSERT INTO `his_abstgv` (`ktxt`, `dtxt`, `ltxt`, `fb`, `kzfa`, `kzfaarray`, `abschl`, `stg`, `pversion`, `regelstz`, `login_part`, `studip_studiengang`) VALUES ('Heimat-/Sa', 'Heimatkunde/Sachkunde', 'Heimatkunde/Sachkunde', 'EC', 'H', 'H', '21', '662', 9999, 7, 'Pä', '');
INSERT INTO `his_abstgv` (`ktxt`, `dtxt`, `ltxt`, `fb`, `kzfa`, `kzfaarray`, `abschl`, `stg`, `pversion`, `regelstz`, `login_part`, `studip_studiengang`) VALUES ('Heimat-/Sa', 'Heimatkunde/Sachkunde', 'Heimatkunde/Sachkunde', 'EC', 'H', 'H', '26', '662', 9999, 9, 'Pä', '');
INSERT INTO `his_abstgv` (`ktxt`, `dtxt`, `ltxt`, `fb`, `kzfa`, `kzfaarray`, `abschl`, `stg`, `pversion`, `regelstz`, `login_part`, `studip_studiengang`) VALUES ('Kunsterz.(', 'Kunsterziehung (Grundsch)', 'Kunsterziehung (Grundschule)', 'EC', 'H', 'H', '21', '663', 9999, 7, 'Pä', '');
INSERT INTO `his_abstgv` (`ktxt`, `dtxt`, `ltxt`, `fb`, `kzfa`, `kzfaarray`, `abschl`, `stg`, `pversion`, `regelstz`, `login_part`, `studip_studiengang`) VALUES ('Kunsterz.(', 'Kunsterziehung (Grundsch)', 'Kunsterziehung (Grundsch)', 'EC', 'H', 'H', '26', '663', 9999, 8, 'Pä', '');
INSERT INTO `his_abstgv` (`ktxt`, `dtxt`, `ltxt`, `fb`, `kzfa`, `kzfaarray`, `abschl`, `stg`, `pversion`, `regelstz`, `login_part`, `studip_studiengang`) VALUES ('Sport(Grun', 'Sport (Grundsch)', 'Sport (Grundschule)', 'EC', 'H', 'H', '21', '664', 9999, 7, 'Pä', '');
INSERT INTO `his_abstgv` (`ktxt`, `dtxt`, `ltxt`, `fb`, `kzfa`, `kzfaarray`, `abschl`, `stg`, `pversion`, `regelstz`, `login_part`, `studip_studiengang`) VALUES ('Sport(Grun', 'Sport (Grundsch)', 'Sport (Grundschule)', 'EC', 'H', 'H', '26', '664', 9999, 8, 'Pä', '');
INSERT INTO `his_abstgv` (`ktxt`, `dtxt`, `ltxt`, `fb`, `kzfa`, `kzfaarray`, `abschl`, `stg`, `pversion`, `regelstz`, `login_part`, `studip_studiengang`) VALUES ('Musik(Grun', 'Musik (Grundsch)', 'Musik (Grundsch)', 'EC', 'H', 'H', '26', '665', 9999, 9, 'Pä', '');
INSERT INTO `his_abstgv` (`ktxt`, `dtxt`, `ltxt`, `fb`, `kzfa`, `kzfaarray`, `abschl`, `stg`, `pversion`, `regelstz`, `login_part`, `studip_studiengang`) VALUES ('Musik(Grun', 'Musik (Grundsch)', 'Musik (Grundsch)', 'EC', 'H', 'H', '21', '665', 9999, 7, 'Pä', '');
INSERT INTO `his_abstgv` (`ktxt`, `dtxt`, `ltxt`, `fb`, `kzfa`, `kzfaarray`, `abschl`, `stg`, `pversion`, `regelstz`, `login_part`, `studip_studiengang`) VALUES ('Ethik(Grun', 'Ethik (Grundsch)', 'Ethik (Grundsch)', 'EC', 'H', 'H', '21', '666', 9999, 7, 'Pä', '');
INSERT INTO `his_abstgv` (`ktxt`, `dtxt`, `ltxt`, `fb`, `kzfa`, `kzfaarray`, `abschl`, `stg`, `pversion`, `regelstz`, `login_part`, `studip_studiengang`) VALUES ('Ethik(Grun', 'Ethik (Grundsch)', 'Ethik (Grundsch)', 'EC', 'H', 'H', '26', '666', 9999, 8, 'Pä', '');
INSERT INTO `his_abstgv` (`ktxt`, `dtxt`, `ltxt`, `fb`, `kzfa`, `kzfaarray`, `abschl`, `stg`, `pversion`, `regelstz`, `login_part`, `studip_studiengang`) VALUES ('Ev.Relig.(', 'Evangel.Relig.(Grundsch.)', 'Evangelische Religionslehre (Grundschule)', 'EC', 'H', 'H', '21', '667', 9999, 7, 'Pä', '');
INSERT INTO `his_abstgv` (`ktxt`, `dtxt`, `ltxt`, `fb`, `kzfa`, `kzfaarray`, `abschl`, `stg`, `pversion`, `regelstz`, `login_part`, `studip_studiengang`) VALUES ('Ev.Relig.(', 'Evangel.Relig.(Grundsch)', 'Evangel.Relig.(Grundschule)', 'EC', 'H', 'H', '26', '667', 9999, 9, 'Pä', '');
INSERT INTO `his_abstgv` (`ktxt`, `dtxt`, `ltxt`, `fb`, `kzfa`, `kzfaarray`, `abschl`, `stg`, `pversion`, `regelstz`, `login_part`, `studip_studiengang`) VALUES ('Deutsch (G', 'Deutsch (Grundschule)', 'Deutsch (Grundschule)', 'EC', 'H', 'H', '21', '668', 9999, 7, 'Pä', '');
INSERT INTO `his_abstgv` (`ktxt`, `dtxt`, `ltxt`, `fb`, `kzfa`, `kzfaarray`, `abschl`, `stg`, `pversion`, `regelstz`, `login_part`, `studip_studiengang`) VALUES ('Deutsch (G', 'Deutsch (Grundschule)', 'Deutsch (Grundschule)', 'EC', 'H', 'H', '26', '668', 9999, 9, 'Pä', '');
INSERT INTO `his_abstgv` (`ktxt`, `dtxt`, `ltxt`, `fb`, `kzfa`, `kzfaarray`, `abschl`, `stg`, `pversion`, `regelstz`, `login_part`, `studip_studiengang`) VALUES ('Mathematik', 'Mathematik (Grundschule)', 'Mathematik (Grundschule)', 'EC', 'H', 'H', '21', '669', 9999, 7, 'Pä', '');
INSERT INTO `his_abstgv` (`ktxt`, `dtxt`, `ltxt`, `fb`, `kzfa`, `kzfaarray`, `abschl`, `stg`, `pversion`, `regelstz`, `login_part`, `studip_studiengang`) VALUES ('Mathematik', 'Mathematik (Grundschule)', 'Mathematik (Grundschule)', 'EC', 'H', 'H', '26', '669', 9999, 9, 'Pä', '');
INSERT INTO `his_abstgv` (`ktxt`, `dtxt`, `ltxt`, `fb`, `kzfa`, `kzfaarray`, `abschl`, `stg`, `pversion`, `regelstz`, `login_part`, `studip_studiengang`) VALUES ('Betriebsw.', 'Betriebswirtschaftslehre', 'Betriebswirtschaftslehre', '30', 'H', 'H', '11', '670', 9999, 9, 'Wi', '');
INSERT INTO `his_abstgv` (`ktxt`, `dtxt`, `ltxt`, `fb`, `kzfa`, `kzfaarray`, `abschl`, `stg`, `pversion`, `regelstz`, `login_part`, `studip_studiengang`) VALUES ('Volkswirt.', 'Volkswirtschaftslehre', 'Volkswirtschaftslehre', '30', 'H', 'H', '11', '671', 9999, 9, 'Wi', '');
INSERT INTO `his_abstgv` (`ktxt`, `dtxt`, `ltxt`, `fb`, `kzfa`, `kzfaarray`, `abschl`, `stg`, `pversion`, `regelstz`, `login_part`, `studip_studiengang`) VALUES ('Wirtsch.In', 'Wirtschaftsinformatik', 'Wirtschaftsinformatik', '30', 'H', 'H', '11', '672', 9999, 9, 'Wi', '');
INSERT INTO `his_abstgv` (`ktxt`, `dtxt`, `ltxt`, `fb`, `kzfa`, `kzfaarray`, `abschl`, `stg`, `pversion`, `regelstz`, `login_part`, `studip_studiengang`) VALUES ('Deutsch (F', 'Deutsch (Förderstufe)', 'Deutsch', '64', 'H', 'H', '21', '673', 9999, 2, 'Ph', '');
INSERT INTO `his_abstgv` (`ktxt`, `dtxt`, `ltxt`, `fb`, `kzfa`, `kzfaarray`, `abschl`, `stg`, `pversion`, `regelstz`, `login_part`, `studip_studiengang`) VALUES ('Mathematik', 'Mathematik (Förderstufe)', 'Mathematik', '75', 'H', 'H', '21', '674', 9999, 2, 'Ma', '');
INSERT INTO `his_abstgv` (`ktxt`, `dtxt`, `ltxt`, `fb`, `kzfa`, `kzfaarray`, `abschl`, `stg`, `pversion`, `regelstz`, `login_part`, `studip_studiengang`) VALUES ('Pflegewiss', 'Pflegewissenschaft', 'Pflegewissenschaft/-management', 'IA', 'H', 'H', '11', '676', 9999, 9, 'Me', '');
INSERT INTO `his_abstgv` (`ktxt`, `dtxt`, `ltxt`, `fb`, `kzfa`, `kzfaarray`, `abschl`, `stg`, `pversion`, `regelstz`, `login_part`, `studip_studiengang`) VALUES ('Materialwi', 'Materialwissenschaft', 'Materialwissenschaft', '78', 'H', 'H', '11', '677', 9999, 10, '', '');
INSERT INTO `his_abstgv` (`ktxt`, `dtxt`, `ltxt`, `fb`, `kzfa`, `kzfaarray`, `abschl`, `stg`, `pversion`, `regelstz`, `login_part`, `studip_studiengang`) VALUES ('Legum magi', 'Legum magister', 'legum magister', '20', 'H', 'H', '02', '678', 9999, 2, 'Ju', '');
INSERT INTO `his_abstgv` (`ktxt`, `dtxt`, `ltxt`, `fb`, `kzfa`, `kzfaarray`, `abschl`, `stg`, `pversion`, `regelstz`, `login_part`, `studip_studiengang`) VALUES ('Wirtsch.re', 'Wirtschaftsrecht', 'Wirtschaftsrecht', '20', 'H', 'H', '11', '680', 9999, 4, 'Ju', '');
INSERT INTO `his_abstgv` (`ktxt`, `dtxt`, `ltxt`, `fb`, `kzfa`, `kzfaarray`, `abschl`, `stg`, `pversion`, `regelstz`, `login_part`, `studip_studiengang`) VALUES ('Didakt.d.G', 'Didaktik der Geschichte', 'Didaktik der Geschichte', 'CB', 'N', 'N', '02', '681', 9999, 9, 'Ph', '');
INSERT INTO `his_abstgv` (`ktxt`, `dtxt`, `ltxt`, `fb`, `kzfa`, `kzfaarray`, `abschl`, `stg`, `pversion`, `regelstz`, `login_part`, `studip_studiengang`) VALUES ('Wrt.u.Soz.', 'Wirtsch.u.Sozialgesch.', 'Wirtschafts- und Sozialgeschichte', 'CB', 'N', 'N', '02', '682', 9999, 9, 'Ph', '');
INSERT INTO `his_abstgv` (`ktxt`, `dtxt`, `ltxt`, `fb`, `kzfa`, `kzfaarray`, `abschl`, `stg`, `pversion`, `regelstz`, `login_part`, `studip_studiengang`) VALUES ('Zeitgeschi', 'Zeitgeschichte', 'Zeitgeschichte', 'CB', 'N', 'N', '02', '683', 9999, 9, 'Ph', '');
INSERT INTO `his_abstgv` (`ktxt`, `dtxt`, `ltxt`, `fb`, `kzfa`, `kzfaarray`, `abschl`, `stg`, `pversion`, `regelstz`, `login_part`, `studip_studiengang`) VALUES ('Medizin.Ph', 'Medizinische Physik', 'Medizinische Physik', 'GB', 'H', 'H', '11', '684', 2004, 10, 'Ch', '');
INSERT INTO `his_abstgv` (`ktxt`, `dtxt`, `ltxt`, `fb`, `kzfa`, `kzfaarray`, `abschl`, `stg`, `pversion`, `regelstz`, `login_part`, `studip_studiengang`) VALUES ('Bio-Inform', 'Bioinformatik', 'Bioinformatik', 'HC', 'H', 'H', '11', '685', 9999, 9, 'Ma', '');
INSERT INTO `his_abstgv` (`ktxt`, `dtxt`, `ltxt`, `fb`, `kzfa`, `kzfaarray`, `abschl`, `stg`, `pversion`, `regelstz`, `login_part`, `studip_studiengang`) VALUES ('Biomed.Mat', 'Biomedizin.Materialien', 'Biomedizinische Materialien', 'FC', 'H', 'H', '11', '686', 9999, 9, '', '');
INSERT INTO `his_abstgv` (`ktxt`, `dtxt`, `ltxt`, `fb`, `kzfa`, `kzfaarray`, `abschl`, `stg`, `pversion`, `regelstz`, `login_part`, `studip_studiengang`) VALUES ('Pfl./Gesun', 'Pflege-u.Gesundheitswiss.', 'Pflege- und Gesundheitswissenschaft', 'IA', 'H', 'H', '11', '687', 9999, 9, 'Me', '');
INSERT INTO `his_abstgv` (`ktxt`, `dtxt`, `ltxt`, `fb`, `kzfa`, `kzfaarray`, `abschl`, `stg`, `pversion`, `regelstz`, `login_part`, `studip_studiengang`) VALUES ('Werkstf.te', 'Werkstofftechnologie', 'Werkstofftechnologie', '78', 'H', 'H', '11', '688', 9999, 9, '', '');
INSERT INTO `his_abstgv` (`ktxt`, `dtxt`, `ltxt`, `fb`, `kzfa`, `kzfaarray`, `abschl`, `stg`, `pversion`, `regelstz`, `login_part`, `studip_studiengang`) VALUES ('Alt-German', 'Altgermanistik', 'Altgermanistik', 'DB', 'N', 'N', '02', '689', 9999, 9, 'Ph', '');
INSERT INTO `his_abstgv` (`ktxt`, `dtxt`, `ltxt`, `fb`, `kzfa`, `kzfaarray`, `abschl`, `stg`, `pversion`, `regelstz`, `login_part`, `studip_studiengang`) VALUES ('Sp/Kult.n.', 'Spr./Kult.d.neuz.Südasien', 'Sprachen und Kulturen des neuzeitlichen Südasien', 'CD', 'H', 'HHN', '02', '690', 9999, 9, 'Ph', '');
INSERT INTO `his_abstgv` (`ktxt`, `dtxt`, `ltxt`, `fb`, `kzfa`, `kzfaarray`, `abschl`, `stg`, `pversion`, `regelstz`, `login_part`, `studip_studiengang`) VALUES ('Sport(Br+W', 'Sportw.(Breiten u.Wettk.)', 'Sportwissensch. Schw: Breiten- und Wettkampfsport', '65', 'H', 'H', '11', '691', 9999, 4, 'Ph', '');
INSERT INTO `his_abstgv` (`ktxt`, `dtxt`, `ltxt`, `fb`, `kzfa`, `kzfaarray`, `abschl`, `stg`, `pversion`, `regelstz`, `login_part`, `studip_studiengang`) VALUES ('Sport(Ther', 'Sportw.(Präv/Reha/Therap)', 'Sportwiss. (Prävention,Rehabilitation,Therapie)', 'DC', 'H', 'H', '11', '692', 9999, 4, 'Ph', '');
INSERT INTO `his_abstgv` (`ktxt`, `dtxt`, `ltxt`, `fb`, `kzfa`, `kzfaarray`, `abschl`, `stg`, `pversion`, `regelstz`, `login_part`, `studip_studiengang`) VALUES ('Seniorenko', 'Seniorenkolleg', 'Seniorenkolleg', 'QB', 'H', 'H', '97', '777', 9999, 0, '', '');
INSERT INTO `his_abstgv` (`ktxt`, `dtxt`, `ltxt`, `fb`, `kzfa`, `kzfaarray`, `abschl`, `stg`, `pversion`, `regelstz`, `login_part`, `studip_studiengang`) VALUES ('Int.Wissen', 'Interkult.Wissenskommunik', 'Interkulturelle Wissenskommunikation', 'DC', 'H', 'HHN', '02', '693', 9999, 9, 'Ph', '');
INSERT INTO `his_abstgv` (`ktxt`, `dtxt`, `ltxt`, `fb`, `kzfa`, `kzfaarray`, `abschl`, `stg`, `pversion`, `regelstz`, `login_part`, `studip_studiengang`) VALUES ('Biomed.Eng', 'Biomedical Engineering', 'Biomedical Engineering', 'IA', 'H', 'H', '88', '694', 2001, 3, 'Me', '');
INSERT INTO `his_abstgv` (`ktxt`, `dtxt`, `ltxt`, `fb`, `kzfa`, `kzfaarray`, `abschl`, `stg`, `pversion`, `regelstz`, `login_part`, `studip_studiengang`) VALUES ('Appl.Polym', 'Applied Polymer Science', 'Master of Applied Polymer Science', 'GA', 'H', 'H', '88', '695', 2001, 4, '', '');
INSERT INTO `his_abstgv` (`ktxt`, `dtxt`, `ltxt`, `fb`, `kzfa`, `kzfaarray`, `abschl`, `stg`, `pversion`, `regelstz`, `login_part`, `studip_studiengang`) VALUES ('VWL', 'Volkswirtschaftslehre', 'Volkswirtschaftslehre', 'BB', 'H', 'H', '82', '175', 9999, 6, 'Wi', '');
INSERT INTO `his_abstgv` (`ktxt`, `dtxt`, `ltxt`, `fb`, `kzfa`, `kzfaarray`, `abschl`, `stg`, `pversion`, `regelstz`, `login_part`, `studip_studiengang`) VALUES ('BWL', 'Betriebswirtschaftslehre', 'Betriebswirtschaftslehre', 'BB', 'H', 'H', '82', '021', 9999, 6, 'Wi', '');
INSERT INTO `his_abstgv` (`ktxt`, `dtxt`, `ltxt`, `fb`, `kzfa`, `kzfaarray`, `abschl`, `stg`, `pversion`, `regelstz`, `login_part`, `studip_studiengang`) VALUES ('Bio-Inform', 'M.sc. Bioinformatik', 'M.sc. Bioinformatik', 'HC', 'H', 'H', '88', '685', 2001, 4, 'Ma', '');
INSERT INTO `his_abstgv` (`ktxt`, `dtxt`, `ltxt`, `fb`, `kzfa`, `kzfaarray`, `abschl`, `stg`, `pversion`, `regelstz`, `login_part`, `studip_studiengang`) VALUES ('Europa/Ame', 'Interk.Europa/Amerikastud', 'Interkulturelle Europa- und Amerikastudien', 'DA', 'H', 'H', '88', '696', 2001, 4, 'Ph', '');
INSERT INTO `his_abstgv` (`ktxt`, `dtxt`, `ltxt`, `fb`, `kzfa`, `kzfaarray`, `abschl`, `stg`, `pversion`, `regelstz`, `login_part`, `studip_studiengang`) VALUES ('Europa/Ame', 'Interk.Europa/Amerikastud', 'Interkulturelle Europa- und Amerikastudien', 'DA', 'H', 'H', '82', '696', 9999, 6, 'Ph', '');
INSERT INTO `his_abstgv` (`ktxt`, `dtxt`, `ltxt`, `fb`, `kzfa`, `kzfaarray`, `abschl`, `stg`, `pversion`, `regelstz`, `login_part`, `studip_studiengang`) VALUES ('Musikpädag', 'Musikpädagogik', 'Musikpädagogik', 'DD', 'N', 'N', '02', '697', 9999, 9, 'Ph', '');
INSERT INTO `his_abstgv` (`ktxt`, `dtxt`, `ltxt`, `fb`, `kzfa`, `kzfaarray`, `abschl`, `stg`, `pversion`, `regelstz`, `login_part`, `studip_studiengang`) VALUES ('ChrArch/By', 'Chr.Arch./Byz.Kunstgesch.', 'Christl. Archäologie u. Byzantin. Kunstgeschichte', 'CC', 'H', 'HHN', '02', '698', 9999, 9, 'Ph', '');
INSERT INTO `his_abstgv` (`ktxt`, `dtxt`, `ltxt`, `fb`, `kzfa`, `kzfaarray`, `abschl`, `stg`, `pversion`, `regelstz`, `login_part`, `studip_studiengang`) VALUES ('Denkmalpfl', 'Heritage management', 'Master of Science in Heritage management', 'CC', 'H', 'H', '88', '101', 2002, 4, 'Ph', '');
INSERT INTO `his_abstgv` (`ktxt`, `dtxt`, `ltxt`, `fb`, `kzfa`, `kzfaarray`, `abschl`, `stg`, `pversion`, `regelstz`, `login_part`, `studip_studiengang`) VALUES ('Wirtsch.In', 'Wirtschaftsinformatik', 'Wirtschaftsinformatik', 'BB', 'N', 'N', '02', '277', 2003, 9, 'Wi', '');
INSERT INTO `his_abstgv` (`ktxt`, `dtxt`, `ltxt`, `fb`, `kzfa`, `kzfaarray`, `abschl`, `stg`, `pversion`, `regelstz`, `login_part`, `studip_studiengang`) VALUES ('Ethnologie', 'Ethnologie', 'Ethnologie', 'CG', 'H', 'HHN', '02', '173', 9999, 9, 'Ph', '');
INSERT INTO `his_abstgv` (`ktxt`, `dtxt`, `ltxt`, `fb`, `kzfa`, `kzfaarray`, `abschl`, `stg`, `pversion`, `regelstz`, `login_part`, `studip_studiengang`) VALUES ('Geologie/P', 'Geologie/Paläontologie', 'Geologie/Paläontologie', 'HB', 'H', 'H', '82', '302', 9999, 6, 'Ge', '');
INSERT INTO `his_abstgv` (`ktxt`, `dtxt`, `ltxt`, `fb`, `kzfa`, `kzfaarray`, `abschl`, `stg`, `pversion`, `regelstz`, `login_part`, `studip_studiengang`) VALUES ('Integratio', 'Integrationspädagogik', 'Integrationspädagogik', '61', 'H', 'H', '11', '699', 9999, 4, 'Pä', '');
INSERT INTO `his_abstgv` (`ktxt`, `dtxt`, `ltxt`, `fb`, `kzfa`, `kzfaarray`, `abschl`, `stg`, `pversion`, `regelstz`, `login_part`, `studip_studiengang`) VALUES ('Verh.gest.', 'Prävent.v.Verh.störungen', 'Prävention v.Gefühls- und Verhaltensstörungen/GS', 'EB', 'H', 'H', '94', '170', 9999, 2, 'Pä', '');
INSERT INTO `his_abstgv` (`ktxt`, `dtxt`, `ltxt`, `fb`, `kzfa`, `kzfaarray`, `abschl`, `stg`, `pversion`, `regelstz`, `login_part`, `studip_studiengang`) VALUES ('Schulpädag', 'Schulleit./', 'Schule leiten und gestalten', '61', 'H', 'H', '94', '361', 9999, 2, 'Pä', '');
INSERT INTO `his_abstgv` (`ktxt`, `dtxt`, `ltxt`, `fb`, `kzfa`, `kzfaarray`, `abschl`, `stg`, `pversion`, `regelstz`, `login_part`, `studip_studiengang`) VALUES ('Amerikanis', 'Amerikanistik', 'Amerikanistik', 'DA', 'H', 'H', '11', '617', 9999, 9, 'Ph', '');
INSERT INTO `his_abstgv` (`ktxt`, `dtxt`, `ltxt`, `fb`, `kzfa`, `kzfaarray`, `abschl`, `stg`, `pversion`, `regelstz`, `login_part`, `studip_studiengang`) VALUES ('Wirtsch.re', 'Wirtschaftsrecht', 'Wirtschaftsrecht', 'BA', 'H', 'H', '11', '042', 9999, 4, 'Ju', '');
INSERT INTO `his_abstgv` (`ktxt`, `dtxt`, `ltxt`, `fb`, `kzfa`, `kzfaarray`, `abschl`, `stg`, `pversion`, `regelstz`, `login_part`, `studip_studiengang`) VALUES ('Kathol.Rel', 'Kathol. Theol, -Religio', 'Katholische Thoelogie, -Religionslehre', 'ED', 'H', 'H', '24', '086', 9999, 8, 'Ph', '');
INSERT INTO `his_abstgv` (`ktxt`, `dtxt`, `ltxt`, `fb`, `kzfa`, `kzfaarray`, `abschl`, `stg`, `pversion`, `regelstz`, `login_part`, `studip_studiengang`) VALUES ('Kathol.Rel', 'Kathol. Theol, -Relig', 'Katholische Theologie, -Religionslehre', 'ED', 'H', 'H', '25', '086', 9999, 9, 'Ph', '');
INSERT INTO `his_abstgv` (`ktxt`, `dtxt`, `ltxt`, `fb`, `kzfa`, `kzfaarray`, `abschl`, `stg`, `pversion`, `regelstz`, `login_part`, `studip_studiengang`) VALUES ('Autor./Mul', 'Autorschaft & Multimedia', 'Autorschaft und Multimedia', '64', 'H', 'H', '88', '700', 9999, 4, 'Ph', '');
INSERT INTO `his_abstgv` (`ktxt`, `dtxt`, `ltxt`, `fb`, `kzfa`, `kzfaarray`, `abschl`, `stg`, `pversion`, `regelstz`, `login_part`, `studip_studiengang`) VALUES ('Betriebsw.', 'Betriebswirtschaftslehre', 'Betriebswirtschaftslehre', 'BB', 'N', 'N', '02', '021', 2003, 9, 'Wi', '');
INSERT INTO `his_abstgv` (`ktxt`, `dtxt`, `ltxt`, `fb`, `kzfa`, `kzfaarray`, `abschl`, `stg`, `pversion`, `regelstz`, `login_part`, `studip_studiengang`) VALUES ('Chem.u.Umw', 'Chemie-u.Umweltingenieurw', 'Chemie- und Umweltingenieurwesen', 'HE', 'H', 'H', '11', '701', 9999, 9, '', '');
INSERT INTO `his_abstgv` (`ktxt`, `dtxt`, `ltxt`, `fb`, `kzfa`, `kzfaarray`, `abschl`, `stg`, `pversion`, `regelstz`, `login_part`, `studip_studiengang`) VALUES ('Agrarwisse', 'Agrarwissenschaft', 'Agrarwissenschaft', 'HA', 'H', 'H', '06', '003', 9999, 0, 'Ag', '');
INSERT INTO `his_abstgv` (`ktxt`, `dtxt`, `ltxt`, `fb`, `kzfa`, `kzfaarray`, `abschl`, `stg`, `pversion`, `regelstz`, `login_part`, `studip_studiengang`) VALUES ('Arabistik', 'Arabistik', 'Arabistik', 'CD', 'H', 'H', '06', '010', 9999, 0, 'Ph', '');
INSERT INTO `his_abstgv` (`ktxt`, `dtxt`, `ltxt`, `fb`, `kzfa`, `kzfaarray`, `abschl`, `stg`, `pversion`, `regelstz`, `login_part`, `studip_studiengang`) VALUES ('Musikw.120', 'Musikwissenschaft120', 'Musikwissenschaft', 'DD', 'S', '', '83', '214', 106, 6, 'Ph', '');
INSERT INTO `his_abstgv` (`ktxt`, `dtxt`, `ltxt`, `fb`, `kzfa`, `kzfaarray`, `abschl`, `stg`, `pversion`, `regelstz`, `login_part`, `studip_studiengang`) VALUES ('Biochemie', 'Biochemie', 'Biochemie', 'FA', 'H', 'H', '06', '025', 9999, 0, 'BC', '');
INSERT INTO `his_abstgv` (`ktxt`, `dtxt`, `ltxt`, `fb`, `kzfa`, `kzfaarray`, `abschl`, `stg`, `pversion`, `regelstz`, `login_part`, `studip_studiengang`) VALUES ('Biologie', 'Biologie', 'Biologie', 'FB', 'H', 'H', '06', '026', 9999, 0, 'Bi', '');
INSERT INTO `his_abstgv` (`ktxt`, `dtxt`, `ltxt`, `fb`, `kzfa`, `kzfaarray`, `abschl`, `stg`, `pversion`, `regelstz`, `login_part`, `studip_studiengang`) VALUES ('Sportwisse', 'Sportwissenschaft', 'Sportwissenschaft', 'DC', 'H', 'H', '06', '029', 9999, 0, 'Ph', '');
INSERT INTO `his_abstgv` (`ktxt`, `dtxt`, `ltxt`, `fb`, `kzfa`, `kzfaarray`, `abschl`, `stg`, `pversion`, `regelstz`, `login_part`, `studip_studiengang`) VALUES ('Chemie', 'Chemie', 'Chemie', 'GA', 'H', 'H', '06', '032', 9999, 0, 'Ch', '');
INSERT INTO `his_abstgv` (`ktxt`, `dtxt`, `ltxt`, `fb`, `kzfa`, `kzfaarray`, `abschl`, `stg`, `pversion`, `regelstz`, `login_part`, `studip_studiengang`) VALUES ('Geographie', 'Geographie', 'Geographie', 'HB', 'H', 'H', '06', '050', 9999, 0, 'Ge', '');
INSERT INTO `his_abstgv` (`ktxt`, `dtxt`, `ltxt`, `fb`, `kzfa`, `kzfaarray`, `abschl`, `stg`, `pversion`, `regelstz`, `login_part`, `studip_studiengang`) VALUES ('Erziehungs', 'Erziehungswissenschaft', 'Erziehungswissenschaft(Pädagogik)', 'EA', 'H', 'H', '06', '052', 9999, 0, 'Pä', '');
INSERT INTO `his_abstgv` (`ktxt`, `dtxt`, `ltxt`, `fb`, `kzfa`, `kzfaarray`, `abschl`, `stg`, `pversion`, `regelstz`, `login_part`, `studip_studiengang`) VALUES ('Ev.Theolog', 'Theologie', 'Evangelische Theologie', 'A', 'H', 'H', '06', '053', 9999, 0, 'Th', '');
INSERT INTO `his_abstgv` (`ktxt`, `dtxt`, `ltxt`, `fb`, `kzfa`, `kzfaarray`, `abschl`, `stg`, `pversion`, `regelstz`, `login_part`, `studip_studiengang`) VALUES ('Geschichte', 'Geschichte', 'Geschichte', 'CB', 'H', 'H', '06', '068', 9999, 0, 'Ph', '');
INSERT INTO `his_abstgv` (`ktxt`, `dtxt`, `ltxt`, `fb`, `kzfa`, `kzfaarray`, `abschl`, `stg`, `pversion`, `regelstz`, `login_part`, `studip_studiengang`) VALUES ('Griechisch', 'Griechisch', 'Griechisch', 'CA', 'H', 'H', '06', '070', 9999, 0, 'Ph', '');
INSERT INTO `his_abstgv` (`ktxt`, `dtxt`, `ltxt`, `fb`, `kzfa`, `kzfaarray`, `abschl`, `stg`, `pversion`, `regelstz`, `login_part`, `studip_studiengang`) VALUES ('Indologie', 'Indologie', 'Indologie', 'CA', 'H', 'H', '06', '078', 9999, 0, 'Ph', '');
INSERT INTO `his_abstgv` (`ktxt`, `dtxt`, `ltxt`, `fb`, `kzfa`, `kzfaarray`, `abschl`, `stg`, `pversion`, `regelstz`, `login_part`, `studip_studiengang`) VALUES ('Informatik', 'Informatik', 'Informatik', 'HC', 'H', 'H', '06', '079', 9999, 0, 'Ma', '');
INSERT INTO `his_abstgv` (`ktxt`, `dtxt`, `ltxt`, `fb`, `kzfa`, `kzfaarray`, `abschl`, `stg`, `pversion`, `regelstz`, `login_part`, `studip_studiengang`) VALUES ('Islamwisse', 'Islamwissenschaft', 'Islamwissenschaft', 'CD', 'H', 'H', '06', '083', 9999, 0, 'Ph', '');
INSERT INTO `his_abstgv` (`ktxt`, `dtxt`, `ltxt`, `fb`, `kzfa`, `kzfaarray`, `abschl`, `stg`, `pversion`, `regelstz`, `login_part`, `studip_studiengang`) VALUES ('Japanologi', 'Japanologie', 'Japanologie', 'CE', 'H', 'H', '06', '085', 9999, 0, 'Ph', '');
INSERT INTO `his_abstgv` (`ktxt`, `dtxt`, `ltxt`, `fb`, `kzfa`, `kzfaarray`, `abschl`, `stg`, `pversion`, `regelstz`, `login_part`, `studip_studiengang`) VALUES ('Kunstgesch', 'Kunstgeschichte', 'Kunstgeschichte', 'CC', 'H', 'H', '06', '092', 9999, 0, 'Ph', '');
INSERT INTO `his_abstgv` (`ktxt`, `dtxt`, `ltxt`, `fb`, `kzfa`, `kzfaarray`, `abschl`, `stg`, `pversion`, `regelstz`, `login_part`, `studip_studiengang`) VALUES ('Latein', 'Latein', 'Latein', 'CA', 'H', 'H', '06', '095', 9999, 0, 'Ph', '');
INSERT INTO `his_abstgv` (`ktxt`, `dtxt`, `ltxt`, `fb`, `kzfa`, `kzfaarray`, `abschl`, `stg`, `pversion`, `regelstz`, `login_part`, `studip_studiengang`) VALUES ('Mathematik', 'Mathematik', 'Mathematik', 'HD', 'H', 'H', '06', '105', 9999, 0, 'Ma', '');
INSERT INTO `his_abstgv` (`ktxt`, `dtxt`, `ltxt`, `fb`, `kzfa`, `kzfaarray`, `abschl`, `stg`, `pversion`, `regelstz`, `login_part`, `studip_studiengang`) VALUES ('Medizin', 'Medizin', 'Medizin', 'IA', 'H', 'H', '06', '107', 9999, 0, 'Me', '');
INSERT INTO `his_abstgv` (`ktxt`, `dtxt`, `ltxt`, `fb`, `kzfa`, `kzfaarray`, `abschl`, `stg`, `pversion`, `regelstz`, `login_part`, `studip_studiengang`) VALUES ('Mineralogi', 'Mineralogie', 'Mineralogie', 'HB', 'H', 'H', '06', '111', 9999, 0, 'Ge', '');
INSERT INTO `his_abstgv` (`ktxt`, `dtxt`, `ltxt`, `fb`, `kzfa`, `kzfaarray`, `abschl`, `stg`, `pversion`, `regelstz`, `login_part`, `studip_studiengang`) VALUES ('Musikwiss.', 'Musikwissenschaft', 'Musikwissenschaft', 'DD', 'H', 'H', '06', '114', 9999, 0, 'Ph', '');
INSERT INTO `his_abstgv` (`ktxt`, `dtxt`, `ltxt`, `fb`, `kzfa`, `kzfaarray`, `abschl`, `stg`, `pversion`, `regelstz`, `login_part`, `studip_studiengang`) VALUES ('Orientalis', 'Orientalistik', 'Orientalistik', 'CD', 'H', 'H', '06', '122', 9999, 0, 'Ph', '');
INSERT INTO `his_abstgv` (`ktxt`, `dtxt`, `ltxt`, `fb`, `kzfa`, `kzfaarray`, `abschl`, `stg`, `pversion`, `regelstz`, `login_part`, `studip_studiengang`) VALUES ('Pharmazie', 'Pharmazie', 'Pharmazie', 'FC', 'H', 'H', '06', '126', 9999, 0, 'Ph', '');
INSERT INTO `his_abstgv` (`ktxt`, `dtxt`, `ltxt`, `fb`, `kzfa`, `kzfaarray`, `abschl`, `stg`, `pversion`, `regelstz`, `login_part`, `studip_studiengang`) VALUES ('Philosophi', 'Philosophie', 'Philosophie', 'CG', 'H', 'H', '06', '127', 9999, 0, 'Ph', '');
INSERT INTO `his_abstgv` (`ktxt`, `dtxt`, `ltxt`, `fb`, `kzfa`, `kzfaarray`, `abschl`, `stg`, `pversion`, `regelstz`, `login_part`, `studip_studiengang`) VALUES ('Physik', 'Physik', 'Physik', 'GB', 'H', 'H', '06', '128', 9999, 0, 'Ch', '');
INSERT INTO `his_abstgv` (`ktxt`, `dtxt`, `ltxt`, `fb`, `kzfa`, `kzfaarray`, `abschl`, `stg`, `pversion`, `regelstz`, `login_part`, `studip_studiengang`) VALUES ('Psychologi', 'Psychologie', 'Psychologie', 'CF', 'H', 'H', '06', '132', 9999, 0, 'Ph', '');
INSERT INTO `his_abstgv` (`ktxt`, `dtxt`, `ltxt`, `fb`, `kzfa`, `kzfaarray`, `abschl`, `stg`, `pversion`, `regelstz`, `login_part`, `studip_studiengang`) VALUES ('Medien-u.K', 'Medien-u.Kommunikationsw.', 'Medien- und Kommunikationswissenschaft', 'DC', 'H', 'H', '06', '133', 9999, 0, 'Ph', '');
INSERT INTO `his_abstgv` (`ktxt`, `dtxt`, `ltxt`, `fb`, `kzfa`, `kzfaarray`, `abschl`, `stg`, `pversion`, `regelstz`, `login_part`, `studip_studiengang`) VALUES ('Rechtswiss', 'Rechtswissenschaft', 'Rechtswissenschaft', 'BA', 'H', 'H', '06', '135', 9999, 0, 'Ju', '');
INSERT INTO `his_abstgv` (`ktxt`, `dtxt`, `ltxt`, `fb`, `kzfa`, `kzfaarray`, `abschl`, `stg`, `pversion`, `regelstz`, `login_part`, `studip_studiengang`) VALUES ('Romanistik', 'Romanistik', 'Romanistik', '64', 'H', 'H', '06', '137', 9999, 0, 'Ph', '');
INSERT INTO `his_abstgv` (`ktxt`, `dtxt`, `ltxt`, `fb`, `kzfa`, `kzfaarray`, `abschl`, `stg`, `pversion`, `regelstz`, `login_part`, `studip_studiengang`) VALUES ('Slavistik', 'Slavistik', 'Slavistik', 'DF', 'H', 'H', '06', '146', 9999, 0, 'Ph', '');
INSERT INTO `his_abstgv` (`ktxt`, `dtxt`, `ltxt`, `fb`, `kzfa`, `kzfaarray`, `abschl`, `stg`, `pversion`, `regelstz`, `login_part`, `studip_studiengang`) VALUES ('Soziologie', 'Soziologie', 'Soziologie', 'CH', 'H', 'H', '06', '149', 9999, 0, 'Ph', '');
INSERT INTO `his_abstgv` (`ktxt`, `dtxt`, `ltxt`, `fb`, `kzfa`, `kzfaarray`, `abschl`, `stg`, `pversion`, `regelstz`, `login_part`, `studip_studiengang`) VALUES ('Sprachwiss', 'Sprachwissenschaft', 'Sprachwissenschaft', 'CD', 'H', 'H', '06', '152', 9999, 0, 'Ph', '');
INSERT INTO `his_abstgv` (`ktxt`, `dtxt`, `ltxt`, `fb`, `kzfa`, `kzfaarray`, `abschl`, `stg`, `pversion`, `regelstz`, `login_part`, `studip_studiengang`) VALUES ('Mazedonist', 'Mazedonistik', 'Mazedonistik', '64', 'H', 'H', '06', '153', 9999, 0, 'Ph', '');
INSERT INTO `his_abstgv` (`ktxt`, `dtxt`, `ltxt`, `fb`, `kzfa`, `kzfaarray`, `abschl`, `stg`, `pversion`, `regelstz`, `login_part`, `studip_studiengang`) VALUES ('Ethnologie', 'Ethnologie', 'Ethnologie', 'CG', 'H', 'H', '06', '173', 9999, 0, 'Ph', '');
INSERT INTO `his_abstgv` (`ktxt`, `dtxt`, `ltxt`, `fb`, `kzfa`, `kzfaarray`, `abschl`, `stg`, `pversion`, `regelstz`, `login_part`, `studip_studiengang`) VALUES ('Volkswirt.', 'Volkswirtschaftslehre', 'Volkswirtschaftslehre', 'BB', 'H', 'H', '06', '175', 9999, 0, 'Wi', '');
INSERT INTO `his_abstgv` (`ktxt`, `dtxt`, `ltxt`, `fb`, `kzfa`, `kzfaarray`, `abschl`, `stg`, `pversion`, `regelstz`, `login_part`, `studip_studiengang`) VALUES ('Werkstoffw', 'Werkstoffwissenschaft', 'Werkstoffwissenschaft', 'HE', 'H', 'H', '06', '177', 9999, 0, '', '');
INSERT INTO `his_abstgv` (`ktxt`, `dtxt`, `ltxt`, `fb`, `kzfa`, `kzfaarray`, `abschl`, `stg`, `pversion`, `regelstz`, `login_part`, `studip_studiengang`) VALUES ('Wirt.ing.w', 'Wirtschaftsingenieurwesen', 'Wirtschaftsingenieurwesen', 'BB', 'H', 'H', '06', '179', 9999, 0, 'Wi', '');
INSERT INTO `his_abstgv` (`ktxt`, `dtxt`, `ltxt`, `fb`, `kzfa`, `kzfaarray`, `abschl`, `stg`, `pversion`, `regelstz`, `login_part`, `studip_studiengang`) VALUES ('Zahnmedizi', 'Zahnmedizin', 'Zahnmedizin', 'IA', 'H', 'H', '06', '185', 9999, 0, 'Me', '');
INSERT INTO `his_abstgv` (`ktxt`, `dtxt`, `ltxt`, `fb`, `kzfa`, `kzfaarray`, `abschl`, `stg`, `pversion`, `regelstz`, `login_part`, `studip_studiengang`) VALUES ('Rehab.päda', 'Rehabilitationspädagogik', 'Rehabilitationspädagogik', 'EB', 'H', 'H', '06', '190', 9999, 0, 'Pä', '');
INSERT INTO `his_abstgv` (`ktxt`, `dtxt`, `ltxt`, `fb`, `kzfa`, `kzfaarray`, `abschl`, `stg`, `pversion`, `regelstz`, `login_part`, `studip_studiengang`) VALUES ('Verarb.tec', 'Verarbeitungstechnik', 'Verarbeitungstechnik', '78', 'H', 'H', '06', '202', 9999, 0, '', '');
INSERT INTO `his_abstgv` (`ktxt`, `dtxt`, `ltxt`, `fb`, `kzfa`, `kzfaarray`, `abschl`, `stg`, `pversion`, `regelstz`, `login_part`, `studip_studiengang`) VALUES ('Verfahrens', 'Verfahrenstechnik', 'Verfahrenstechnik', 'HE', 'H', 'H', '06', '226', 9999, 0, '', '');
INSERT INTO `his_abstgv` (`ktxt`, `dtxt`, `ltxt`, `fb`, `kzfa`, `kzfaarray`, `abschl`, `stg`, `pversion`, `regelstz`, `login_part`, `studip_studiengang`) VALUES ('Wirtsch.Ma', 'Wirtschaftsmathematik', 'Wirtschaftsmathematik', 'HD', 'H', 'H', '06', '276', 9999, 0, 'Ma', '');
INSERT INTO `his_abstgv` (`ktxt`, `dtxt`, `ltxt`, `fb`, `kzfa`, `kzfaarray`, `abschl`, `stg`, `pversion`, `regelstz`, `login_part`, `studip_studiengang`) VALUES ('Wirtsch.In', 'Wirtschaftsinformatik', 'Wirtschaftsinformatik', 'BB', 'H', 'H', '06', '277', 9999, 0, 'Wi', '');
INSERT INTO `his_abstgv` (`ktxt`, `dtxt`, `ltxt`, `fb`, `kzfa`, `kzfaarray`, `abschl`, `stg`, `pversion`, `regelstz`, `login_part`, `studip_studiengang`) VALUES ('Bioingenie', 'Bio-Ingenieurwesen', 'Bio-Ingenieurwesen', 'HE', 'H', 'H', '06', '282', 9999, 0, '', '');
INSERT INTO `his_abstgv` (`ktxt`, `dtxt`, `ltxt`, `fb`, `kzfa`, `kzfaarray`, `abschl`, `stg`, `pversion`, `regelstz`, `login_part`, `studip_studiengang`) VALUES ('Politikwis', 'Politikwissenschaft', 'Politikwissenschaft', 'CE', 'H', 'H', '06', '300', 9999, 0, 'Ph', '');
INSERT INTO `his_abstgv` (`ktxt`, `dtxt`, `ltxt`, `fb`, `kzfa`, `kzfaarray`, `abschl`, `stg`, `pversion`, `regelstz`, `login_part`, `studip_studiengang`) VALUES ('Geologie/P', 'Geologie/Paläontologie', 'Geologie/Paläontologie', 'HB', 'H', 'H', '06', '302', 9999, 0, 'Ge', '');
INSERT INTO `his_abstgv` (`ktxt`, `dtxt`, `ltxt`, `fb`, `kzfa`, `kzfaarray`, `abschl`, `stg`, `pversion`, `regelstz`, `login_part`, `studip_studiengang`) VALUES ('Ernährungs', 'Ernährungswissenschaft', 'Ernährungswissenschaft', 'HA', 'H', 'H', '06', '320', 9999, 0, 'Ag', '');
INSERT INTO `his_abstgv` (`ktxt`, `dtxt`, `ltxt`, `fb`, `kzfa`, `kzfaarray`, `abschl`, `stg`, `pversion`, `regelstz`, `login_part`, `studip_studiengang`) VALUES ('Umwelttech', 'Umwelttechnik', 'Umwelttechnik', 'HE', 'H', 'H', '06', '457', 9999, 0, '', '');
INSERT INTO `his_abstgv` (`ktxt`, `dtxt`, `ltxt`, `fb`, `kzfa`, `kzfaarray`, `abschl`, `stg`, `pversion`, `regelstz`, `login_part`, `studip_studiengang`) VALUES ('Präh.Archä', 'Prähistor.Archäologie', 'Prähistorische Archäologie', 'CC', 'H', 'H', '06', '548', 9999, 0, 'Ph', '');
INSERT INTO `his_abstgv` (`ktxt`, `dtxt`, `ltxt`, `fb`, `kzfa`, `kzfaarray`, `abschl`, `stg`, `pversion`, `regelstz`, `login_part`, `studip_studiengang`) VALUES ('Betr.Wirt.', 'Betriebswirschaft d.Landw', 'Betriebswirtschaftslehre der Landwirtschaft', '30', 'H', 'H', '06', '602', 9999, 0, 'Wi', '');
INSERT INTO `his_abstgv` (`ktxt`, `dtxt`, `ltxt`, `fb`, `kzfa`, `kzfaarray`, `abschl`, `stg`, `pversion`, `regelstz`, `login_part`, `studip_studiengang`) VALUES ('Germ.Sprac', 'Germanist.Sprachwissensch', 'Germanistische Sprachwissenschaft', 'DB', 'H', 'H', '06', '603', 9999, 0, 'Ph', '');
INSERT INTO `his_abstgv` (`ktxt`, `dtxt`, `ltxt`, `fb`, `kzfa`, `kzfaarray`, `abschl`, `stg`, `pversion`, `regelstz`, `login_part`, `studip_studiengang`) VALUES ('Germ.Liter', 'Germanist.Literaturwiss.', 'Germanistische Literaturwissenschaft', 'DB', 'H', 'H', '06', '604', 9999, 0, 'Ph', '');
INSERT INTO `his_abstgv` (`ktxt`, `dtxt`, `ltxt`, `fb`, `kzfa`, `kzfaarray`, `abschl`, `stg`, `pversion`, `regelstz`, `login_part`, `studip_studiengang`) VALUES ('Sprechwiss', 'Sprechwissenschaft', 'Sprechwissenschaft', 'DF', 'H', 'H', '06', '605', 9999, 0, 'Ph', '');
INSERT INTO `his_abstgv` (`ktxt`, `dtxt`, `ltxt`, `fb`, `kzfa`, `kzfaarray`, `abschl`, `stg`, `pversion`, `regelstz`, `login_part`, `studip_studiengang`) VALUES ('Semitistik', 'Semitistik', 'Semitistik', 'CD', 'H', 'H', '06', '609', 9999, 0, 'Ph', '');
INSERT INTO `his_abstgv` (`ktxt`, `dtxt`, `ltxt`, `fb`, `kzfa`, `kzfaarray`, `abschl`, `stg`, `pversion`, `regelstz`, `login_part`, `studip_studiengang`) VALUES ('Italianist', 'Italianistik', 'Italianistik', 'DE', 'H', 'H', '06', '610', 9999, 0, 'Ph', '');
INSERT INTO `his_abstgv` (`ktxt`, `dtxt`, `ltxt`, `fb`, `kzfa`, `kzfaarray`, `abschl`, `stg`, `pversion`, `regelstz`, `login_part`, `studip_studiengang`) VALUES ('Angl./Amer', 'Anglistik/Amerikanistik', 'Anglistik/Amerikanistik', 'DA', 'H', 'H', '06', '613', 9999, 0, 'Ph', '');
INSERT INTO `his_abstgv` (`ktxt`, `dtxt`, `ltxt`, `fb`, `kzfa`, `kzfaarray`, `abschl`, `stg`, `pversion`, `regelstz`, `login_part`, `studip_studiengang`) VALUES ('Galloroman', 'Galloromanistik', 'Galloromanistik', 'DE', 'H', 'H', '06', '614', 9999, 0, 'Ph', '');
INSERT INTO `his_abstgv` (`ktxt`, `dtxt`, `ltxt`, `fb`, `kzfa`, `kzfaarray`, `abschl`, `stg`, `pversion`, `regelstz`, `login_part`, `studip_studiengang`) VALUES ('Hispanisti', 'Hispanistik', 'Hispanistik', 'DE', 'H', 'H', '06', '615', 9999, 0, 'Ph', '');
INSERT INTO `his_abstgv` (`ktxt`, `dtxt`, `ltxt`, `fb`, `kzfa`, `kzfaarray`, `abschl`, `stg`, `pversion`, `regelstz`, `login_part`, `studip_studiengang`) VALUES ('Lusitanist', 'Lusitanistik', 'Lusitanistik', 'DC', 'H', 'H', '06', '616', 9999, 0, 'Ph', '');
INSERT INTO `his_abstgv` (`ktxt`, `dtxt`, `ltxt`, `fb`, `kzfa`, `kzfaarray`, `abschl`, `stg`, `pversion`, `regelstz`, `login_part`, `studip_studiengang`) VALUES ('Polonistik', 'Polonistik', 'Polonistik', '64', 'H', 'H', '06', '618', 9999, 0, 'Ph', '');
INSERT INTO `his_abstgv` (`ktxt`, `dtxt`, `ltxt`, `fb`, `kzfa`, `kzfaarray`, `abschl`, `stg`, `pversion`, `regelstz`, `login_part`, `studip_studiengang`) VALUES ('Klass.Arch', 'Klassische Archäologie', 'Klassische Archäologie', 'CA', 'H', 'H', '06', '619', 9999, 0, 'Ph', '');
INSERT INTO `his_abstgv` (`ktxt`, `dtxt`, `ltxt`, `fb`, `kzfa`, `kzfaarray`, `abschl`, `stg`, `pversion`, `regelstz`, `login_part`, `studip_studiengang`) VALUES ('Mittellat.', 'Mittellatein.Philologie', 'Mittellateinische Philologie', 'CA', 'H', 'H', '06', '620', 9999, 0, 'Ph', '');
INSERT INTO `his_abstgv` (`ktxt`, `dtxt`, `ltxt`, `fb`, `kzfa`, `kzfaarray`, `abschl`, `stg`, `pversion`, `regelstz`, `login_part`, `studip_studiengang`) VALUES ('Or.Arch.u.', 'Oriental.Archäol.u.Kunst', 'Orientalische Archäologie und Kunst', 'CA', 'H', 'H', '06', '621', 9999, 0, 'Ph', '');
INSERT INTO `his_abstgv` (`ktxt`, `dtxt`, `ltxt`, `fb`, `kzfa`, `kzfaarray`, `abschl`, `stg`, `pversion`, `regelstz`, `login_part`, `studip_studiengang`) VALUES ('Sp/Lit Chr', 'Spr./Lit.d.Christl.Orient', 'Sprachen und Literaturen des Christlichen Orients', 'CD', 'H', 'H', '06', '623', 9999, 0, 'Ph', '');
INSERT INTO `his_abstgv` (`ktxt`, `dtxt`, `ltxt`, `fb`, `kzfa`, `kzfaarray`, `abschl`, `stg`, `pversion`, `regelstz`, `login_part`, `studip_studiengang`) VALUES ('Osteurop.G', 'Osteuropäische Geschichte', 'Osteuropäische Geschichte', 'CB', 'H', 'H', '06', '629', 9999, 0, 'Ph', '');
INSERT INTO `his_abstgv` (`ktxt`, `dtxt`, `ltxt`, `fb`, `kzfa`, `kzfaarray`, `abschl`, `stg`, `pversion`, `regelstz`, `login_part`, `studip_studiengang`) VALUES ('Mitt.u.Neu', 'Mittl.u.Neue Geschichte', 'Geschichte, Mittlere und Neuere', '62', 'H', 'H', '06', '630', 9999, 0, 'Ph', '');
INSERT INTO `his_abstgv` (`ktxt`, `dtxt`, `ltxt`, `fb`, `kzfa`, `kzfaarray`, `abschl`, `stg`, `pversion`, `regelstz`, `login_part`, `studip_studiengang`) VALUES ('Neueste Ge', 'Neueste Geschichte', 'Neueste Geschichte', '62', 'H', 'H', '06', '631', 9999, 0, 'Ph', '');
INSERT INTO `his_abstgv` (`ktxt`, `dtxt`, `ltxt`, `fb`, `kzfa`, `kzfaarray`, `abschl`, `stg`, `pversion`, `regelstz`, `login_part`, `studip_studiengang`) VALUES ('Sozialgesc', 'Sozialgeschichte', 'Sozialgeschichte', '62', 'H', 'H', '06', '632', 9999, 0, 'Ph', '');
INSERT INTO `his_abstgv` (`ktxt`, `dtxt`, `ltxt`, `fb`, `kzfa`, `kzfaarray`, `abschl`, `stg`, `pversion`, `regelstz`, `login_part`, `studip_studiengang`) VALUES ('Landesgesc', 'Landesgeschichte', 'Landesgeschichte', 'CB', 'H', 'H', '06', '633', 9999, 0, 'Ph', '');
INSERT INTO `his_abstgv` (`ktxt`, `dtxt`, `ltxt`, `fb`, `kzfa`, `kzfaarray`, `abschl`, `stg`, `pversion`, `regelstz`, `login_part`, `studip_studiengang`) VALUES ('Hist.Hilfs', 'Hist. Hilfswissensch.', 'Historische Hilfswissenschaften', 'CB', 'H', 'H', '06', '634', 9999, 0, 'Ph', '');
INSERT INTO `his_abstgv` (`ktxt`, `dtxt`, `ltxt`, `fb`, `kzfa`, `kzfaarray`, `abschl`, `stg`, `pversion`, `regelstz`, `login_part`, `studip_studiengang`) VALUES ('Klass.Phil', 'Klassische Philologie', 'Klassische Philologie', '63', 'H', 'H', '06', '637', 9999, 0, 'Ph', '');
INSERT INTO `his_abstgv` (`ktxt`, `dtxt`, `ltxt`, `fb`, `kzfa`, `kzfaarray`, `abschl`, `stg`, `pversion`, `regelstz`, `login_part`, `studip_studiengang`) VALUES ('Phonetik', 'Phonetik', 'Phonetik', '65', 'H', 'H', '06', '638', 9999, 0, 'Ph', '');
INSERT INTO `his_abstgv` (`ktxt`, `dtxt`, `ltxt`, `fb`, `kzfa`, `kzfaarray`, `abschl`, `stg`, `pversion`, `regelstz`, `login_part`, `studip_studiengang`) VALUES ('Russistik', 'Russistik', 'Russistik', 'DF', 'H', 'H', '06', '642', 9999, 0, 'Ph', '');
INSERT INTO `his_abstgv` (`ktxt`, `dtxt`, `ltxt`, `fb`, `kzfa`, `kzfaarray`, `abschl`, `stg`, `pversion`, `regelstz`, `login_part`, `studip_studiengang`) VALUES ('Latein.Phi', 'Lateinische Philologie', 'Lateinische Philologie', 'CA', 'H', 'H', '06', '644', 9999, 0, 'Ph', '');
INSERT INTO `his_abstgv` (`ktxt`, `dtxt`, `ltxt`, `fb`, `kzfa`, `kzfaarray`, `abschl`, `stg`, `pversion`, `regelstz`, `login_part`, `studip_studiengang`) VALUES ('Griech.Phi', 'Griechische Philologie', 'Griechische Philologie', 'CA', 'H', 'H', '06', '645', 9999, 0, 'Ph', '');
INSERT INTO `his_abstgv` (`ktxt`, `dtxt`, `ltxt`, `fb`, `kzfa`, `kzfaarray`, `abschl`, `stg`, `pversion`, `regelstz`, `login_part`, `studip_studiengang`) VALUES ('Alte Gesch', 'Alte Geschichte', 'Alte Geschichte', 'CB', 'H', 'H', '06', '651', 9999, 0, 'Ph', '');
INSERT INTO `his_abstgv` (`ktxt`, `dtxt`, `ltxt`, `fb`, `kzfa`, `kzfaarray`, `abschl`, `stg`, `pversion`, `regelstz`, `login_part`, `studip_studiengang`) VALUES ('Angl/Amer.', 'Anglistik/Amerikan.(Lit.)', 'Angl./Amerik. - Englische u. Amerikan. Literatur', '64', 'H', 'H', '06', '652', 9999, 0, 'Ph', '');
INSERT INTO `his_abstgv` (`ktxt`, `dtxt`, `ltxt`, `fb`, `kzfa`, `kzfaarray`, `abschl`, `stg`, `pversion`, `regelstz`, `login_part`, `studip_studiengang`) VALUES ('Angl/Amer.', 'Anglistik/Amerikan.(Spr.)', 'Angl./Amerikanistik-Englische Sprachwissenschaft', '64', 'H', 'H', '06', '653', 9999, 0, 'Ph', '');
INSERT INTO `his_abstgv` (`ktxt`, `dtxt`, `ltxt`, `fb`, `kzfa`, `kzfaarray`, `abschl`, `stg`, `pversion`, `regelstz`, `login_part`, `studip_studiengang`) VALUES ('Musik-Th.u', 'Theorie u.Prax.der Musik', 'Theorie und Praxis der Musik', '65', 'H', 'H', '06', '655', 9999, 0, 'Ph', '');
INSERT INTO `his_abstgv` (`ktxt`, `dtxt`, `ltxt`, `fb`, `kzfa`, `kzfaarray`, `abschl`, `stg`, `pversion`, `regelstz`, `login_part`, `studip_studiengang`) VALUES ('Pflegewiss', 'Pflegewissenschaft', 'Pflegewissenschaft/-management', 'IA', 'H', 'H', '06', '676', 9999, 0, 'Me', '');
INSERT INTO `his_abstgv` (`ktxt`, `dtxt`, `ltxt`, `fb`, `kzfa`, `kzfaarray`, `abschl`, `stg`, `pversion`, `regelstz`, `login_part`, `studip_studiengang`) VALUES ('Materialwi', 'Materialwissenschaft', 'Materialwissenschaft', '78', 'H', 'H', '06', '677', 9999, 0, '', '');
INSERT INTO `his_abstgv` (`ktxt`, `dtxt`, `ltxt`, `fb`, `kzfa`, `kzfaarray`, `abschl`, `stg`, `pversion`, `regelstz`, `login_part`, `studip_studiengang`) VALUES ('Didakt.d.G', 'Didaktik der Geschichte', 'Didaktik der Geschichte', 'CB', 'H', 'H', '06', '681', 9999, 0, 'Ph', '');
INSERT INTO `his_abstgv` (`ktxt`, `dtxt`, `ltxt`, `fb`, `kzfa`, `kzfaarray`, `abschl`, `stg`, `pversion`, `regelstz`, `login_part`, `studip_studiengang`) VALUES ('Wrt.u.Soz.', 'Wirtsch.u.Sozialgesch.', 'Wirtschafts- und Sozialgeschichte', 'CB', 'H', 'H', '06', '682', 9999, 0, 'Ph', '');
INSERT INTO `his_abstgv` (`ktxt`, `dtxt`, `ltxt`, `fb`, `kzfa`, `kzfaarray`, `abschl`, `stg`, `pversion`, `regelstz`, `login_part`, `studip_studiengang`) VALUES ('Zeitgeschi', 'Zeitgeschichte', 'Zeitgeschichte', 'CB', 'H', 'H', '06', '683', 9999, 0, 'Ph', '');
INSERT INTO `his_abstgv` (`ktxt`, `dtxt`, `ltxt`, `fb`, `kzfa`, `kzfaarray`, `abschl`, `stg`, `pversion`, `regelstz`, `login_part`, `studip_studiengang`) VALUES ('Medizin.Ph', 'Medizinische Physik', 'Medizinische Physik', 'GB', 'H', 'H', '06', '684', 9999, 0, 'Ch', '');
INSERT INTO `his_abstgv` (`ktxt`, `dtxt`, `ltxt`, `fb`, `kzfa`, `kzfaarray`, `abschl`, `stg`, `pversion`, `regelstz`, `login_part`, `studip_studiengang`) VALUES ('Biomed.Mat', 'Biomedizin.Materialien', 'Biomedizinische Materialien', 'FC', 'H', 'H', '06', '686', 9999, 0, '', '');
INSERT INTO `his_abstgv` (`ktxt`, `dtxt`, `ltxt`, `fb`, `kzfa`, `kzfaarray`, `abschl`, `stg`, `pversion`, `regelstz`, `login_part`, `studip_studiengang`) VALUES ('Alt-German', 'Altgermanistik', 'Altgermanistik', 'DB', 'H', 'H', '06', '689', 9999, 0, 'Ph', '');
INSERT INTO `his_abstgv` (`ktxt`, `dtxt`, `ltxt`, `fb`, `kzfa`, `kzfaarray`, `abschl`, `stg`, `pversion`, `regelstz`, `login_part`, `studip_studiengang`) VALUES ('Sp/Kult.n.', 'Spr./Kult.d.neuz.Südasien', 'Sprachen und Kulturen des neuzeitlichen Südasien', 'CD', 'H', 'H', '06', '690', 9999, 0, 'Ph', '');
INSERT INTO `his_abstgv` (`ktxt`, `dtxt`, `ltxt`, `fb`, `kzfa`, `kzfaarray`, `abschl`, `stg`, `pversion`, `regelstz`, `login_part`, `studip_studiengang`) VALUES ('Int.Wissen', 'Interkult.Wissenskommunik', 'Interkulturelle Wissenskommunikation', 'DC', 'H', 'H', '06', '693', 9999, 0, 'Ph', '');
INSERT INTO `his_abstgv` (`ktxt`, `dtxt`, `ltxt`, `fb`, `kzfa`, `kzfaarray`, `abschl`, `stg`, `pversion`, `regelstz`, `login_part`, `studip_studiengang`) VALUES ('Musikpädag', 'Musikpädagogik', 'Musikpädagogik', 'DD', 'H', 'H', '06', '697', 9999, 0, 'Ph', '');
INSERT INTO `his_abstgv` (`ktxt`, `dtxt`, `ltxt`, `fb`, `kzfa`, `kzfaarray`, `abschl`, `stg`, `pversion`, `regelstz`, `login_part`, `studip_studiengang`) VALUES ('Agrarwisse', 'Agrarwissenschaft', 'Agrarwissenschaft', 'HA', 'H', 'H', '97', '003', 9999, 0, 'Ag', '');
INSERT INTO `his_abstgv` (`ktxt`, `dtxt`, `ltxt`, `fb`, `kzfa`, `kzfaarray`, `abschl`, `stg`, `pversion`, `regelstz`, `login_part`, `studip_studiengang`) VALUES ('Alte Gesch', 'Alte Geschichte', 'Alte Geschichte', 'CB', 'H', 'H', '97', '651', 9999, 0, 'Ph', '');
INSERT INTO `his_abstgv` (`ktxt`, `dtxt`, `ltxt`, `fb`, `kzfa`, `kzfaarray`, `abschl`, `stg`, `pversion`, `regelstz`, `login_part`, `studip_studiengang`) VALUES ('Alt-German', 'Altgermanistik', 'Altgermanistik', 'DB', 'H', 'H', '97', '689', 9999, 0, 'Ph', '');
INSERT INTO `his_abstgv` (`ktxt`, `dtxt`, `ltxt`, `fb`, `kzfa`, `kzfaarray`, `abschl`, `stg`, `pversion`, `regelstz`, `login_part`, `studip_studiengang`) VALUES ('Amerikanis', 'Amerikanistik', 'Amerikanistik', 'DA', 'H', 'H', '97', '617', 9999, 0, 'Ph', '');
INSERT INTO `his_abstgv` (`ktxt`, `dtxt`, `ltxt`, `fb`, `kzfa`, `kzfaarray`, `abschl`, `stg`, `pversion`, `regelstz`, `login_part`, `studip_studiengang`) VALUES ('Anglistik', 'Anglistik', 'Anglistik', 'DA', 'H', 'H', '97', '612', 9999, 0, 'Ph', '');
INSERT INTO `his_abstgv` (`ktxt`, `dtxt`, `ltxt`, `fb`, `kzfa`, `kzfaarray`, `abschl`, `stg`, `pversion`, `regelstz`, `login_part`, `studip_studiengang`) VALUES ('Angl./Amer', 'Anglistik/Amerikanistik', 'Anglistik/Amerikanistik', 'DA', 'H', 'H', '97', '613', 9999, 0, 'Ph', '');
INSERT INTO `his_abstgv` (`ktxt`, `dtxt`, `ltxt`, `fb`, `kzfa`, `kzfaarray`, `abschl`, `stg`, `pversion`, `regelstz`, `login_part`, `studip_studiengang`) VALUES ('Appl.Polym', 'Applied Polymer Science', 'Master of Applied Polymer Science', 'GA', 'H', 'H', '97', '695', 9999, 0, '', '');
INSERT INTO `his_abstgv` (`ktxt`, `dtxt`, `ltxt`, `fb`, `kzfa`, `kzfaarray`, `abschl`, `stg`, `pversion`, `regelstz`, `login_part`, `studip_studiengang`) VALUES ('Arabistik', 'Arabistik', 'Arabistik', 'CD', 'H', 'H', '97', '010', 9999, 0, 'Ph', '');
INSERT INTO `his_abstgv` (`ktxt`, `dtxt`, `ltxt`, `fb`, `kzfa`, `kzfaarray`, `abschl`, `stg`, `pversion`, `regelstz`, `login_part`, `studip_studiengang`) VALUES ('Astronomie', 'Astronomie', 'Astronomie', 'GB', 'H', 'H', '97', '014', 9999, 0, 'Ch', '');
INSERT INTO `his_abstgv` (`ktxt`, `dtxt`, `ltxt`, `fb`, `kzfa`, `kzfaarray`, `abschl`, `stg`, `pversion`, `regelstz`, `login_part`, `studip_studiengang`) VALUES ('Betriebsw.', 'Betriebswirtschaftslehre', 'Betriebswirtschaftslehre', 'BB', 'H', 'H', '97', '021', 9999, 0, 'Wi', '');
INSERT INTO `his_abstgv` (`ktxt`, `dtxt`, `ltxt`, `fb`, `kzfa`, `kzfaarray`, `abschl`, `stg`, `pversion`, `regelstz`, `login_part`, `studip_studiengang`) VALUES ('Betr.Wirt.', 'Betriebswirschaft d.Landw', 'Betriebswirtschaftslehre der Landwirtschaft', '30', 'H', 'H', '97', '602', 9999, 0, 'Wi', '');
INSERT INTO `his_abstgv` (`ktxt`, `dtxt`, `ltxt`, `fb`, `kzfa`, `kzfaarray`, `abschl`, `stg`, `pversion`, `regelstz`, `login_part`, `studip_studiengang`) VALUES ('Biochemie', 'Biochemie', 'Biochemie', 'FA', 'H', 'H', '97', '025', 9999, 0, 'BC', '');
INSERT INTO `his_abstgv` (`ktxt`, `dtxt`, `ltxt`, `fb`, `kzfa`, `kzfaarray`, `abschl`, `stg`, `pversion`, `regelstz`, `login_part`, `studip_studiengang`) VALUES ('Bioingenie', 'Bio-Ingenieurwesen', 'Bio-Ingenieurwesen', 'HE', 'H', 'H', '97', '282', 9999, 0, '', '');
INSERT INTO `his_abstgv` (`ktxt`, `dtxt`, `ltxt`, `fb`, `kzfa`, `kzfaarray`, `abschl`, `stg`, `pversion`, `regelstz`, `login_part`, `studip_studiengang`) VALUES ('Biologie', 'Biologie', 'Biologie', 'FB', 'H', 'H', '97', '026', 9999, 0, 'Bi', '');
INSERT INTO `his_abstgv` (`ktxt`, `dtxt`, `ltxt`, `fb`, `kzfa`, `kzfaarray`, `abschl`, `stg`, `pversion`, `regelstz`, `login_part`, `studip_studiengang`) VALUES ('Biomed.Eng', 'Biomedical Engineering', 'Biomedical Engineering', 'IA', 'H', 'H', '97', '694', 9999, 0, 'Me', '');
INSERT INTO `his_abstgv` (`ktxt`, `dtxt`, `ltxt`, `fb`, `kzfa`, `kzfaarray`, `abschl`, `stg`, `pversion`, `regelstz`, `login_part`, `studip_studiengang`) VALUES ('Bio-Inform', 'Bioinformatik', 'Bioinformatik', 'HC', 'H', 'H', '97', '685', 9999, 0, 'Ma', '');
INSERT INTO `his_abstgv` (`ktxt`, `dtxt`, `ltxt`, `fb`, `kzfa`, `kzfaarray`, `abschl`, `stg`, `pversion`, `regelstz`, `login_part`, `studip_studiengang`) VALUES ('Chemie', 'Chemie', 'Chemie', 'GA', 'H', 'H', '97', '032', 9999, 0, 'Ch', '');
INSERT INTO `his_abstgv` (`ktxt`, `dtxt`, `ltxt`, `fb`, `kzfa`, `kzfaarray`, `abschl`, `stg`, `pversion`, `regelstz`, `login_part`, `studip_studiengang`) VALUES ('Chem.u.Umw', 'Chemie-u.Umweltingenieurw', 'Chemie- und Umweltingenieurwesen', 'HE', 'H', 'H', '97', '701', 9999, 0, '', '');
INSERT INTO `his_abstgv` (`ktxt`, `dtxt`, `ltxt`, `fb`, `kzfa`, `kzfaarray`, `abschl`, `stg`, `pversion`, `regelstz`, `login_part`, `studip_studiengang`) VALUES ('Denkmalpfl', 'Heritage management', 'Master of Science in Heritage management', 'CC', 'H', 'H', '97', '101', 9999, 0, 'Ph', '');
INSERT INTO `his_abstgv` (`ktxt`, `dtxt`, `ltxt`, `fb`, `kzfa`, `kzfaarray`, `abschl`, `stg`, `pversion`, `regelstz`, `login_part`, `studip_studiengang`) VALUES ('Didakt.d.G', 'Didaktik der Geschichte', 'Didaktik der Geschichte', 'CB', 'H', 'H', '97', '681', 9999, 0, 'Ph', '');
INSERT INTO `his_abstgv` (`ktxt`, `dtxt`, `ltxt`, `fb`, `kzfa`, `kzfaarray`, `abschl`, `stg`, `pversion`, `regelstz`, `login_part`, `studip_studiengang`) VALUES ('Englisch', 'Englisch', 'Englisch', 'DA', 'H', 'H', '97', '008', 9999, 0, 'Ph', '');
INSERT INTO `his_abstgv` (`ktxt`, `dtxt`, `ltxt`, `fb`, `kzfa`, `kzfaarray`, `abschl`, `stg`, `pversion`, `regelstz`, `login_part`, `studip_studiengang`) VALUES ('Ernährungs', 'Ernährungswissenschaft', 'Ernährungswissenschaft', 'HA', 'H', 'H', '97', '320', 9999, 0, 'Ag', '');
INSERT INTO `his_abstgv` (`ktxt`, `dtxt`, `ltxt`, `fb`, `kzfa`, `kzfaarray`, `abschl`, `stg`, `pversion`, `regelstz`, `login_part`, `studip_studiengang`) VALUES ('Erziehungs', 'Erziehungswissenschaft', 'Erziehungswissenschaft(Pädagogik)', 'EA', 'H', 'H', '97', '052', 9999, 0, 'Pä', '');
INSERT INTO `his_abstgv` (`ktxt`, `dtxt`, `ltxt`, `fb`, `kzfa`, `kzfaarray`, `abschl`, `stg`, `pversion`, `regelstz`, `login_part`, `studip_studiengang`) VALUES ('Ethik', 'Ethik', 'Ethik', 'CG', 'H', 'H', '97', '169', 9999, 0, 'Ph', '');
INSERT INTO `his_abstgv` (`ktxt`, `dtxt`, `ltxt`, `fb`, `kzfa`, `kzfaarray`, `abschl`, `stg`, `pversion`, `regelstz`, `login_part`, `studip_studiengang`) VALUES ('Ethnologie', 'Ethnologie', 'Ethnologie', 'CG', 'H', 'H', '97', '173', 9999, 0, 'Ph', '');
INSERT INTO `his_abstgv` (`ktxt`, `dtxt`, `ltxt`, `fb`, `kzfa`, `kzfaarray`, `abschl`, `stg`, `pversion`, `regelstz`, `login_part`, `studip_studiengang`) VALUES ('Europa/Ame', 'Interk.Europa/Amerikastud', 'Interkulturelle Europa- und Amerikastudien', 'DA', 'H', 'H', '97', '696', 9999, 0, 'Ph', '');
INSERT INTO `his_abstgv` (`ktxt`, `dtxt`, `ltxt`, `fb`, `kzfa`, `kzfaarray`, `abschl`, `stg`, `pversion`, `regelstz`, `login_part`, `studip_studiengang`) VALUES ('Ev.Religio', 'Evangelische Religion', 'Evangelische Religionslehre', 'A', 'H', 'H', '97', '643', 9999, 0, 'Th', '');
INSERT INTO `his_abstgv` (`ktxt`, `dtxt`, `ltxt`, `fb`, `kzfa`, `kzfaarray`, `abschl`, `stg`, `pversion`, `regelstz`, `login_part`, `studip_studiengang`) VALUES ('Ev.Theolog', 'Theologie', 'Evangelische Theologie', 'A', 'H', 'H', '97', '053', 9999, 0, 'Th', '');
INSERT INTO `his_abstgv` (`ktxt`, `dtxt`, `ltxt`, `fb`, `kzfa`, `kzfaarray`, `abschl`, `stg`, `pversion`, `regelstz`, `login_part`, `studip_studiengang`) VALUES ('Französisc', 'Französisch', 'Französisch', 'DE', 'H', 'H', '97', '059', 9999, 0, 'Ph', '');
INSERT INTO `his_abstgv` (`ktxt`, `dtxt`, `ltxt`, `fb`, `kzfa`, `kzfaarray`, `abschl`, `stg`, `pversion`, `regelstz`, `login_part`, `studip_studiengang`) VALUES ('Galloroman', 'Galloromanistik', 'Galloromanistik', 'DE', 'H', 'H', '97', '614', 9999, 0, 'Ph', '');
INSERT INTO `his_abstgv` (`ktxt`, `dtxt`, `ltxt`, `fb`, `kzfa`, `kzfaarray`, `abschl`, `stg`, `pversion`, `regelstz`, `login_part`, `studip_studiengang`) VALUES ('Geistigbeh', 'Geistigbehindertenpädagog', 'Geistigbehindertenpädagogik', 'EB', 'H', 'H', '97', '063', 9999, 0, 'Pä', '');
INSERT INTO `his_abstgv` (`ktxt`, `dtxt`, `ltxt`, `fb`, `kzfa`, `kzfaarray`, `abschl`, `stg`, `pversion`, `regelstz`, `login_part`, `studip_studiengang`) VALUES ('Geographie', 'Geographie', 'Geographie', 'HB', 'H', 'H', '97', '050', 9999, 0, 'Ge', '');
INSERT INTO `his_abstgv` (`ktxt`, `dtxt`, `ltxt`, `fb`, `kzfa`, `kzfaarray`, `abschl`, `stg`, `pversion`, `regelstz`, `login_part`, `studip_studiengang`) VALUES ('Geologie/P', 'Geologie/Paläontologie', 'Geologie/Paläontologie', 'HB', 'H', 'H', '97', '302', 9999, 0, 'Ge', '');
INSERT INTO `his_abstgv` (`ktxt`, `dtxt`, `ltxt`, `fb`, `kzfa`, `kzfaarray`, `abschl`, `stg`, `pversion`, `regelstz`, `login_part`, `studip_studiengang`) VALUES ('Germ.Liter', 'Germanist.Literaturwiss.', 'Germanistische Literaturwissenschaft', 'DB', 'H', 'H', '97', '604', 9999, 0, 'Ph', '');
INSERT INTO `his_abstgv` (`ktxt`, `dtxt`, `ltxt`, `fb`, `kzfa`, `kzfaarray`, `abschl`, `stg`, `pversion`, `regelstz`, `login_part`, `studip_studiengang`) VALUES ('Germ.Sprac', 'Germanist.Sprachwissensch', 'Germanistische Sprachwissenschaft', 'DB', 'H', 'H', '97', '603', 9999, 0, 'Ph', '');
INSERT INTO `his_abstgv` (`ktxt`, `dtxt`, `ltxt`, `fb`, `kzfa`, `kzfaarray`, `abschl`, `stg`, `pversion`, `regelstz`, `login_part`, `studip_studiengang`) VALUES ('Geschichte', 'Geschichte', 'Geschichte', 'CB', 'H', 'H', '97', '068', 9999, 0, 'Ph', '');
INSERT INTO `his_abstgv` (`ktxt`, `dtxt`, `ltxt`, `fb`, `kzfa`, `kzfaarray`, `abschl`, `stg`, `pversion`, `regelstz`, `login_part`, `studip_studiengang`) VALUES ('Griechisch', 'Griechisch', 'Griechisch', 'CA', 'H', 'H', '97', '070', 9999, 0, 'Ph', '');
INSERT INTO `his_abstgv` (`ktxt`, `dtxt`, `ltxt`, `fb`, `kzfa`, `kzfaarray`, `abschl`, `stg`, `pversion`, `regelstz`, `login_part`, `studip_studiengang`) VALUES ('Griech.Phi', 'Griechische Philologie', 'Griechische Philologie', 'CA', 'H', 'H', '97', '645', 9999, 0, 'Ph', '');
INSERT INTO `his_abstgv` (`ktxt`, `dtxt`, `ltxt`, `fb`, `kzfa`, `kzfaarray`, `abschl`, `stg`, `pversion`, `regelstz`, `login_part`, `studip_studiengang`) VALUES ('Hispanisti', 'Hispanistik', 'Hispanistik', 'DE', 'H', 'H', '97', '615', 9999, 0, 'Ph', '');
INSERT INTO `his_abstgv` (`ktxt`, `dtxt`, `ltxt`, `fb`, `kzfa`, `kzfaarray`, `abschl`, `stg`, `pversion`, `regelstz`, `login_part`, `studip_studiengang`) VALUES ('Hist.Hilfs', 'Hist. Hilfswissensch.', 'Historische Hilfswissenschaften', 'CB', 'H', 'H', '97', '634', 9999, 0, 'Ph', '');
INSERT INTO `his_abstgv` (`ktxt`, `dtxt`, `ltxt`, `fb`, `kzfa`, `kzfaarray`, `abschl`, `stg`, `pversion`, `regelstz`, `login_part`, `studip_studiengang`) VALUES ('Indologie', 'Indologie', 'Indologie', 'CA', 'H', 'H', '97', '078', 9999, 0, 'Ph', '');
INSERT INTO `his_abstgv` (`ktxt`, `dtxt`, `ltxt`, `fb`, `kzfa`, `kzfaarray`, `abschl`, `stg`, `pversion`, `regelstz`, `login_part`, `studip_studiengang`) VALUES ('Informatik', 'Informatik', 'Informatik', 'HC', 'H', 'H', '97', '079', 9999, 0, 'Ma', '');
INSERT INTO `his_abstgv` (`ktxt`, `dtxt`, `ltxt`, `fb`, `kzfa`, `kzfaarray`, `abschl`, `stg`, `pversion`, `regelstz`, `login_part`, `studip_studiengang`) VALUES ('Integratio', 'Integrationspädagogik', 'Integrationspädagogik', '61', 'H', 'H', '97', '699', 9999, 0, 'Pä', '');
INSERT INTO `his_abstgv` (`ktxt`, `dtxt`, `ltxt`, `fb`, `kzfa`, `kzfaarray`, `abschl`, `stg`, `pversion`, `regelstz`, `login_part`, `studip_studiengang`) VALUES ('Int.Wissen', 'Interkult.Wissenskommunik', 'Interkulturelle Wissenskommunikation', 'DC', 'H', 'H', '97', '693', 9999, 0, 'Ph', '');
INSERT INTO `his_abstgv` (`ktxt`, `dtxt`, `ltxt`, `fb`, `kzfa`, `kzfaarray`, `abschl`, `stg`, `pversion`, `regelstz`, `login_part`, `studip_studiengang`) VALUES ('Islamwisse', 'Islamwissenschaft', 'Islamwissenschaft', 'CD', 'H', 'H', '97', '083', 9999, 0, 'Ph', '');
INSERT INTO `his_abstgv` (`ktxt`, `dtxt`, `ltxt`, `fb`, `kzfa`, `kzfaarray`, `abschl`, `stg`, `pversion`, `regelstz`, `login_part`, `studip_studiengang`) VALUES ('Italianist', 'Italianistik', 'Italianistik', 'DE', 'H', 'H', '97', '610', 9999, 0, 'Ph', '');
INSERT INTO `his_abstgv` (`ktxt`, `dtxt`, `ltxt`, `fb`, `kzfa`, `kzfaarray`, `abschl`, `stg`, `pversion`, `regelstz`, `login_part`, `studip_studiengang`) VALUES ('Italienisc', 'Italienisch', 'Italienisch', 'DE', 'H', 'H', '97', '084', 9999, 0, 'Ph', '');
INSERT INTO `his_abstgv` (`ktxt`, `dtxt`, `ltxt`, `fb`, `kzfa`, `kzfaarray`, `abschl`, `stg`, `pversion`, `regelstz`, `login_part`, `studip_studiengang`) VALUES ('Japanologi', 'Japanologie', 'Japanologie', 'CE', 'H', 'H', '97', '085', 9999, 0, 'Ph', '');
INSERT INTO `his_abstgv` (`ktxt`, `dtxt`, `ltxt`, `fb`, `kzfa`, `kzfaarray`, `abschl`, `stg`, `pversion`, `regelstz`, `login_part`, `studip_studiengang`) VALUES ('Jüdisch.St', 'Jüdische Studien', 'Jüdische Studien', 'CD', 'H', 'H', '97', '073', 9999, 0, 'Ph', '');
INSERT INTO `his_abstgv` (`ktxt`, `dtxt`, `ltxt`, `fb`, `kzfa`, `kzfaarray`, `abschl`, `stg`, `pversion`, `regelstz`, `login_part`, `studip_studiengang`) VALUES ('Klass.Arch', 'Klassische Archäologie', 'Klassische Archäologie', 'CA', 'H', 'H', '97', '619', 9999, 0, 'Ph', '');
INSERT INTO `his_abstgv` (`ktxt`, `dtxt`, `ltxt`, `fb`, `kzfa`, `kzfaarray`, `abschl`, `stg`, `pversion`, `regelstz`, `login_part`, `studip_studiengang`) VALUES ('Klass.Phil', 'Klassische Philologie', 'Klassische Philologie', '63', 'H', 'H', '97', '637', 9999, 0, 'Ph', '');
INSERT INTO `his_abstgv` (`ktxt`, `dtxt`, `ltxt`, `fb`, `kzfa`, `kzfaarray`, `abschl`, `stg`, `pversion`, `regelstz`, `login_part`, `studip_studiengang`) VALUES ('Körperbeh.', 'Körperbehindertenpädagog.', 'Körperbehindertenpädagogik', '61', 'H', 'H', '97', '087', 9999, 0, 'Pä', '');
INSERT INTO `his_abstgv` (`ktxt`, `dtxt`, `ltxt`, `fb`, `kzfa`, `kzfaarray`, `abschl`, `stg`, `pversion`, `regelstz`, `login_part`, `studip_studiengang`) VALUES ('Kunstgesch', 'Kunstgeschichte', 'Kunstgeschichte', 'CC', 'H', 'H', '97', '092', 9999, 0, 'Ph', '');
INSERT INTO `his_abstgv` (`ktxt`, `dtxt`, `ltxt`, `fb`, `kzfa`, `kzfaarray`, `abschl`, `stg`, `pversion`, `regelstz`, `login_part`, `studip_studiengang`) VALUES ('Landesgesc', 'Landesgeschichte', 'Landesgeschichte', 'CB', 'H', 'H', '97', '633', 9999, 0, 'Ph', '');
INSERT INTO `his_abstgv` (`ktxt`, `dtxt`, `ltxt`, `fb`, `kzfa`, `kzfaarray`, `abschl`, `stg`, `pversion`, `regelstz`, `login_part`, `studip_studiengang`) VALUES ('Latein', 'Latein', 'Latein', 'CA', 'H', 'H', '97', '095', 9999, 0, 'Ph', '');
INSERT INTO `his_abstgv` (`ktxt`, `dtxt`, `ltxt`, `fb`, `kzfa`, `kzfaarray`, `abschl`, `stg`, `pversion`, `regelstz`, `login_part`, `studip_studiengang`) VALUES ('Latein.Phi', 'Lateinische Philologie', 'Lateinische Philologie', 'CA', 'H', 'H', '97', '644', 9999, 0, 'Ph', '');
INSERT INTO `his_abstgv` (`ktxt`, `dtxt`, `ltxt`, `fb`, `kzfa`, `kzfaarray`, `abschl`, `stg`, `pversion`, `regelstz`, `login_part`, `studip_studiengang`) VALUES ('Lebensm.-C', 'Lebensmittelchemie', 'Lebensmittelchemie', 'GA', 'H', 'H', '97', '096', 9999, 0, 'Ch', '');
INSERT INTO `his_abstgv` (`ktxt`, `dtxt`, `ltxt`, `fb`, `kzfa`, `kzfaarray`, `abschl`, `stg`, `pversion`, `regelstz`, `login_part`, `studip_studiengang`) VALUES ('Lernbeh.pä', 'Lernbehindertenpädagogik', 'Lernbehindertenpädagogik', 'EB', 'H', 'H', '97', '099', 9999, 0, 'Pä', '');
INSERT INTO `his_abstgv` (`ktxt`, `dtxt`, `ltxt`, `fb`, `kzfa`, `kzfaarray`, `abschl`, `stg`, `pversion`, `regelstz`, `login_part`, `studip_studiengang`) VALUES ('Mathematik', 'Mathematik', 'Mathematik', 'HD', 'H', 'H', '97', '105', 9999, 0, 'Ma', '');
INSERT INTO `his_abstgv` (`ktxt`, `dtxt`, `ltxt`, `fb`, `kzfa`, `kzfaarray`, `abschl`, `stg`, `pversion`, `regelstz`, `login_part`, `studip_studiengang`) VALUES ('Medien-u.K', 'Medien-u.Kommunikationsw.', 'Medien- und Kommunikationswissenschaft', 'DC', 'H', 'H', '97', '133', 9999, 0, 'Ph', '');
INSERT INTO `his_abstgv` (`ktxt`, `dtxt`, `ltxt`, `fb`, `kzfa`, `kzfaarray`, `abschl`, `stg`, `pversion`, `regelstz`, `login_part`, `studip_studiengang`) VALUES ('Medizin', 'Medizin', 'Medizin', 'IA', 'H', 'H', '97', '107', 9999, 0, 'Me', '');
INSERT INTO `his_abstgv` (`ktxt`, `dtxt`, `ltxt`, `fb`, `kzfa`, `kzfaarray`, `abschl`, `stg`, `pversion`, `regelstz`, `login_part`, `studip_studiengang`) VALUES ('Medizin.Ph', 'Medizinische Physik', 'Medizinische Physik', 'GB', 'H', 'H', '97', '684', 9999, 0, 'Ch', '');
INSERT INTO `his_abstgv` (`ktxt`, `dtxt`, `ltxt`, `fb`, `kzfa`, `kzfaarray`, `abschl`, `stg`, `pversion`, `regelstz`, `login_part`, `studip_studiengang`) VALUES ('Mineralogi', 'Mineralogie', 'Mineralogie', 'HB', 'H', 'H', '97', '111', 9999, 0, 'Ge', '');
INSERT INTO `his_abstgv` (`ktxt`, `dtxt`, `ltxt`, `fb`, `kzfa`, `kzfaarray`, `abschl`, `stg`, `pversion`, `regelstz`, `login_part`, `studip_studiengang`) VALUES ('Musik', 'Musik', 'Musik', 'DD', 'H', 'H', '97', '113', 9999, 0, 'Ph', '');
INSERT INTO `his_abstgv` (`ktxt`, `dtxt`, `ltxt`, `fb`, `kzfa`, `kzfaarray`, `abschl`, `stg`, `pversion`, `regelstz`, `login_part`, `studip_studiengang`) VALUES ('Musikerz.(', 'Musikerzieher Hf:Gesang', 'Musikerzieher - Hauptfach: Gesang', 'DD', 'H', 'H', '97', '679', 9999, 0, 'Ph', '');
INSERT INTO `his_abstgv` (`ktxt`, `dtxt`, `ltxt`, `fb`, `kzfa`, `kzfaarray`, `abschl`, `stg`, `pversion`, `regelstz`, `login_part`, `studip_studiengang`) VALUES ('Musikpädag', 'Musikpädagogik', 'Musikpädagogik', 'DD', 'H', 'H', '97', '697', 9999, 0, 'Ph', '');
INSERT INTO `his_abstgv` (`ktxt`, `dtxt`, `ltxt`, `fb`, `kzfa`, `kzfaarray`, `abschl`, `stg`, `pversion`, `regelstz`, `login_part`, `studip_studiengang`) VALUES ('Musikwiss.', 'Musikwissenschaft', 'Musikwissenschaft', 'DD', 'H', 'H', '97', '114', 9999, 0, 'Ph', '');
INSERT INTO `his_abstgv` (`ktxt`, `dtxt`, `ltxt`, `fb`, `kzfa`, `kzfaarray`, `abschl`, `stg`, `pversion`, `regelstz`, `login_part`, `studip_studiengang`) VALUES ('Orientalis', 'Orientalistik', 'Orientalistik', 'CD', 'H', 'H', '97', '122', 9999, 0, 'Ph', '');
INSERT INTO `his_abstgv` (`ktxt`, `dtxt`, `ltxt`, `fb`, `kzfa`, `kzfaarray`, `abschl`, `stg`, `pversion`, `regelstz`, `login_part`, `studip_studiengang`) VALUES ('Or.Arch.u.', 'Oriental.Archäol.u.Kunst', 'Orientalische Archäologie und Kunst', 'CA', 'H', 'H', '97', '621', 9999, 0, 'Ph', '');
INSERT INTO `his_abstgv` (`ktxt`, `dtxt`, `ltxt`, `fb`, `kzfa`, `kzfaarray`, `abschl`, `stg`, `pversion`, `regelstz`, `login_part`, `studip_studiengang`) VALUES ('Osteurop.G', 'Osteuropäische Geschichte', 'Osteuropäische Geschichte', 'CB', 'H', 'H', '97', '629', 9999, 0, 'Ph', '');
INSERT INTO `his_abstgv` (`ktxt`, `dtxt`, `ltxt`, `fb`, `kzfa`, `kzfaarray`, `abschl`, `stg`, `pversion`, `regelstz`, `login_part`, `studip_studiengang`) VALUES ('Pfl./Gesun', 'Pflege-u.Gesundheitswiss.', 'Pflege- und Gesundheitswissenschaft', 'IA', 'H', 'H', '97', '687', 9999, 0, 'Me', '');
INSERT INTO `his_abstgv` (`ktxt`, `dtxt`, `ltxt`, `fb`, `kzfa`, `kzfaarray`, `abschl`, `stg`, `pversion`, `regelstz`, `login_part`, `studip_studiengang`) VALUES ('Pharmazie', 'Pharmazie', 'Pharmazie', 'FC', 'H', 'H', '97', '126', 9999, 0, 'Ph', '');
INSERT INTO `his_abstgv` (`ktxt`, `dtxt`, `ltxt`, `fb`, `kzfa`, `kzfaarray`, `abschl`, `stg`, `pversion`, `regelstz`, `login_part`, `studip_studiengang`) VALUES ('Philosophi', 'Philosophie', 'Philosophie', 'CG', 'H', 'H', '97', '127', 9999, 0, 'Ph', '');
INSERT INTO `his_abstgv` (`ktxt`, `dtxt`, `ltxt`, `fb`, `kzfa`, `kzfaarray`, `abschl`, `stg`, `pversion`, `regelstz`, `login_part`, `studip_studiengang`) VALUES ('Physik', 'Physik', 'Physik', 'GB', 'H', 'H', '97', '128', 9999, 0, 'Ch', '');
INSERT INTO `his_abstgv` (`ktxt`, `dtxt`, `ltxt`, `fb`, `kzfa`, `kzfaarray`, `abschl`, `stg`, `pversion`, `regelstz`, `login_part`, `studip_studiengang`) VALUES ('Politikwis', 'Politikwissenschaft', 'Politikwissenschaft', 'CE', 'H', 'H', '97', '300', 9999, 0, 'Ph', '');
INSERT INTO `his_abstgv` (`ktxt`, `dtxt`, `ltxt`, `fb`, `kzfa`, `kzfaarray`, `abschl`, `stg`, `pversion`, `regelstz`, `login_part`, `studip_studiengang`) VALUES ('Präh.Archä', 'Prähistor.Archäologie', 'Prähistorische Archäologie', 'CC', 'H', 'H', '97', '548', 9999, 0, 'Ph', '');
INSERT INTO `his_abstgv` (`ktxt`, `dtxt`, `ltxt`, `fb`, `kzfa`, `kzfaarray`, `abschl`, `stg`, `pversion`, `regelstz`, `login_part`, `studip_studiengang`) VALUES ('Psychologi', 'Psychologie', 'Psychologie', 'CF', 'H', 'H', '97', '132', 9999, 0, 'Ph', '');
INSERT INTO `his_abstgv` (`ktxt`, `dtxt`, `ltxt`, `fb`, `kzfa`, `kzfaarray`, `abschl`, `stg`, `pversion`, `regelstz`, `login_part`, `studip_studiengang`) VALUES ('Rechtswiss', 'Rechtswissenschaft (LLM)', 'Rechtswissenschaft (legum magister)', 'BA', 'H', 'H', '97', '135', 9999, 0, 'Ju', '');
INSERT INTO `his_abstgv` (`ktxt`, `dtxt`, `ltxt`, `fb`, `kzfa`, `kzfaarray`, `abschl`, `stg`, `pversion`, `regelstz`, `login_part`, `studip_studiengang`) VALUES ('Russisch', 'Russisch', 'Russisch', 'DF', 'H', 'H', '97', '139', 9999, 0, 'Ph', '');
INSERT INTO `his_abstgv` (`ktxt`, `dtxt`, `ltxt`, `fb`, `kzfa`, `kzfaarray`, `abschl`, `stg`, `pversion`, `regelstz`, `login_part`, `studip_studiengang`) VALUES ('Russistik', 'Russistik', 'Russistik', 'DF', 'H', 'H', '97', '642', 9999, 0, 'Ph', '');
INSERT INTO `his_abstgv` (`ktxt`, `dtxt`, `ltxt`, `fb`, `kzfa`, `kzfaarray`, `abschl`, `stg`, `pversion`, `regelstz`, `login_part`, `studip_studiengang`) VALUES ('Semitistik', 'Semitistik', 'Semitistik', 'CD', 'H', 'H', '97', '609', 9999, 0, 'Ph', '');
INSERT INTO `his_abstgv` (`ktxt`, `dtxt`, `ltxt`, `fb`, `kzfa`, `kzfaarray`, `abschl`, `stg`, `pversion`, `regelstz`, `login_part`, `studip_studiengang`) VALUES ('Slavistik', 'Slavistik', 'Slavistik', 'DF', 'H', 'H', '97', '146', 9999, 0, 'Ph', '');
INSERT INTO `his_abstgv` (`ktxt`, `dtxt`, `ltxt`, `fb`, `kzfa`, `kzfaarray`, `abschl`, `stg`, `pversion`, `regelstz`, `login_part`, `studip_studiengang`) VALUES ('Sozialkund', 'Sozialkunde', 'Sozialkunde', 'CE', 'H', 'H', '97', '147', 9999, 0, 'Ph', '');
INSERT INTO `his_abstgv` (`ktxt`, `dtxt`, `ltxt`, `fb`, `kzfa`, `kzfaarray`, `abschl`, `stg`, `pversion`, `regelstz`, `login_part`, `studip_studiengang`) VALUES ('Soziologie', 'Soziologie', 'Soziologie', 'CH', 'H', 'H', '97', '149', 9999, 0, 'Ph', '');
INSERT INTO `his_abstgv` (`ktxt`, `dtxt`, `ltxt`, `fb`, `kzfa`, `kzfaarray`, `abschl`, `stg`, `pversion`, `regelstz`, `login_part`, `studip_studiengang`) VALUES ('Spanisch', 'Spanisch', 'Spanisch', 'DE', 'H', 'H', '97', '150', 9999, 0, 'Ph', '');
INSERT INTO `his_abstgv` (`ktxt`, `dtxt`, `ltxt`, `fb`, `kzfa`, `kzfaarray`, `abschl`, `stg`, `pversion`, `regelstz`, `login_part`, `studip_studiengang`) VALUES ('Sport', 'Sport', 'Sport', 'DC', 'H', 'H', '97', '098', 9999, 0, 'Ph', '');
INSERT INTO `his_abstgv` (`ktxt`, `dtxt`, `ltxt`, `fb`, `kzfa`, `kzfaarray`, `abschl`, `stg`, `pversion`, `regelstz`, `login_part`, `studip_studiengang`) VALUES ('Sportwisse', 'Sportwissenschaft', 'Sportwissenschaft', 'DC', 'H', 'H', '97', '029', 9999, 0, 'Ph', '');
INSERT INTO `his_abstgv` (`ktxt`, `dtxt`, `ltxt`, `fb`, `kzfa`, `kzfaarray`, `abschl`, `stg`, `pversion`, `regelstz`, `login_part`, `studip_studiengang`) VALUES ('Sport(Br+W', 'Sportw.(Breiten u.Wettk.)', 'Sportwissensch. Schw: Breiten- und Wettkampfsport', '65', 'H', 'H', '97', '691', 9999, 0, 'Ph', '');
INSERT INTO `his_abstgv` (`ktxt`, `dtxt`, `ltxt`, `fb`, `kzfa`, `kzfaarray`, `abschl`, `stg`, `pversion`, `regelstz`, `login_part`, `studip_studiengang`) VALUES ('Sport(Ther', 'Sportw.(Präv/Reha/Therap)', 'Sportwiss. (Prävention,Rehabilitation,Therapie)', 'DC', 'H', 'H', '97', '692', 9999, 0, 'Ph', '');
INSERT INTO `his_abstgv` (`ktxt`, `dtxt`, `ltxt`, `fb`, `kzfa`, `kzfaarray`, `abschl`, `stg`, `pversion`, `regelstz`, `login_part`, `studip_studiengang`) VALUES ('Sprachbeh.', 'Sprachbehindertenpädagog.', 'Sprachbehindertenpädagogik', 'EB', 'H', 'H', '97', '151', 9999, 0, 'Pä', '');
INSERT INTO `his_abstgv` (`ktxt`, `dtxt`, `ltxt`, `fb`, `kzfa`, `kzfaarray`, `abschl`, `stg`, `pversion`, `regelstz`, `login_part`, `studip_studiengang`) VALUES ('Sprachwiss', 'Sprachwissenschaft', 'Sprachwissenschaft', 'CD', 'H', 'H', '97', '152', 9999, 0, 'Ph', '');
INSERT INTO `his_abstgv` (`ktxt`, `dtxt`, `ltxt`, `fb`, `kzfa`, `kzfaarray`, `abschl`, `stg`, `pversion`, `regelstz`, `login_part`, `studip_studiengang`) VALUES ('Sprechwiss', 'Sprechwissenschaft', 'Sprechwissenschaft', 'DF', 'H', 'H', '97', '605', 9999, 0, 'Ph', '');
INSERT INTO `his_abstgv` (`ktxt`, `dtxt`, `ltxt`, `fb`, `kzfa`, `kzfaarray`, `abschl`, `stg`, `pversion`, `regelstz`, `login_part`, `studip_studiengang`) VALUES ('Sp/Kult.n.', 'Spr./Kult.d.neuz.Südasien', 'Sprachen und Kulturen des neuzeitlichen Südasien', 'CD', 'H', 'H', '97', '690', 9999, 0, 'Ph', '');
INSERT INTO `his_abstgv` (`ktxt`, `dtxt`, `ltxt`, `fb`, `kzfa`, `kzfaarray`, `abschl`, `stg`, `pversion`, `regelstz`, `login_part`, `studip_studiengang`) VALUES ('Sp/Lit Chr', 'Spr./Lit.d.Christl.Orient', 'Sprachen und Literaturen des Christlichen Orients', 'CD', 'H', 'H', '97', '623', 9999, 0, 'Ph', '');
INSERT INTO `his_abstgv` (`ktxt`, `dtxt`, `ltxt`, `fb`, `kzfa`, `kzfaarray`, `abschl`, `stg`, `pversion`, `regelstz`, `login_part`, `studip_studiengang`) VALUES ('Technomath', 'Technomathematik', 'Technomathematik', 'HD', 'H', 'H', '97', '118', 9999, 0, 'Ma', '');
INSERT INTO `his_abstgv` (`ktxt`, `dtxt`, `ltxt`, `fb`, `kzfa`, `kzfaarray`, `abschl`, `stg`, `pversion`, `regelstz`, `login_part`, `studip_studiengang`) VALUES ('Umwelttech', 'Umwelttechnik', 'Umwelttechnik', 'HE', 'H', 'H', '97', '457', 9999, 0, '', '');
INSERT INTO `his_abstgv` (`ktxt`, `dtxt`, `ltxt`, `fb`, `kzfa`, `kzfaarray`, `abschl`, `stg`, `pversion`, `regelstz`, `login_part`, `studip_studiengang`) VALUES ('Verarb.tec', 'Verarbeitungstechnik', 'Verarbeitungstechnik', '78', 'H', 'H', '97', '202', 9999, 0, '', '');
INSERT INTO `his_abstgv` (`ktxt`, `dtxt`, `ltxt`, `fb`, `kzfa`, `kzfaarray`, `abschl`, `stg`, `pversion`, `regelstz`, `login_part`, `studip_studiengang`) VALUES ('Verh.gest.', 'Verhaltensgest.pädagogik', 'Verhaltensgestörtenpädagogik', 'EB', 'H', 'H', '97', '170', 9999, 0, 'Pä', '');
INSERT INTO `his_abstgv` (`ktxt`, `dtxt`, `ltxt`, `fb`, `kzfa`, `kzfaarray`, `abschl`, `stg`, `pversion`, `regelstz`, `login_part`, `studip_studiengang`) VALUES ('Volkswirt.', 'Volkswirtschaftslehre', 'Volkswirtschaftslehre', 'BB', 'H', 'H', '97', '175', 9999, 0, 'Wi', '');
INSERT INTO `his_abstgv` (`ktxt`, `dtxt`, `ltxt`, `fb`, `kzfa`, `kzfaarray`, `abschl`, `stg`, `pversion`, `regelstz`, `login_part`, `studip_studiengang`) VALUES ('Werkstf.te', 'Werkstofftechnologie', 'Werkstofftechnologie', '78', 'H', 'H', '97', '688', 9999, 0, '', '');
INSERT INTO `his_abstgv` (`ktxt`, `dtxt`, `ltxt`, `fb`, `kzfa`, `kzfaarray`, `abschl`, `stg`, `pversion`, `regelstz`, `login_part`, `studip_studiengang`) VALUES ('Werkstoffw', 'Werkstoffwissenschaft', 'Werkstoffwissenschaft', 'HE', 'H', 'H', '97', '177', 9999, 0, '', '');
INSERT INTO `his_abstgv` (`ktxt`, `dtxt`, `ltxt`, `fb`, `kzfa`, `kzfaarray`, `abschl`, `stg`, `pversion`, `regelstz`, `login_part`, `studip_studiengang`) VALUES ('Wirtsch.In', 'Wirtschaftsinformatik', 'Wirtschaftsinformatik', 'BB', 'H', 'H', '97', '277', 9999, 0, 'Wi', '');
INSERT INTO `his_abstgv` (`ktxt`, `dtxt`, `ltxt`, `fb`, `kzfa`, `kzfaarray`, `abschl`, `stg`, `pversion`, `regelstz`, `login_part`, `studip_studiengang`) VALUES ('Wirtsch.Ma', 'Wirtschaftsmathematik', 'Wirtschaftsmathematik', 'HD', 'H', 'H', '97', '276', 9999, 0, 'Ma', '');
INSERT INTO `his_abstgv` (`ktxt`, `dtxt`, `ltxt`, `fb`, `kzfa`, `kzfaarray`, `abschl`, `stg`, `pversion`, `regelstz`, `login_part`, `studip_studiengang`) VALUES ('Wirtsch/Te', 'Wirtschaft/Technik', 'Wirtschaft und Technik', 'HE', 'H', 'H', '97', '606', 9999, 0, '', '');
INSERT INTO `his_abstgv` (`ktxt`, `dtxt`, `ltxt`, `fb`, `kzfa`, `kzfaarray`, `abschl`, `stg`, `pversion`, `regelstz`, `login_part`, `studip_studiengang`) VALUES ('Wirt.ing.w', 'Wirtschaftsingenieurwesen', 'Wirtschaftsingenieurwesen', 'BB', 'H', 'H', '97', '179', 9999, 0, 'Wi', '');
INSERT INTO `his_abstgv` (`ktxt`, `dtxt`, `ltxt`, `fb`, `kzfa`, `kzfaarray`, `abschl`, `stg`, `pversion`, `regelstz`, `login_part`, `studip_studiengang`) VALUES ('Wrt.u.Soz.', 'Wirtsch.u.Sozialgesch.', 'Wirtschafts- und Sozialgeschichte', 'CB', 'H', 'H', '97', '682', 9999, 0, 'Ph', '');
INSERT INTO `his_abstgv` (`ktxt`, `dtxt`, `ltxt`, `fb`, `kzfa`, `kzfaarray`, `abschl`, `stg`, `pversion`, `regelstz`, `login_part`, `studip_studiengang`) VALUES ('Zahnmedizi', 'Zahnmedizin', 'Zahnmedizin', 'IA', 'H', 'H', '97', '185', 9999, 0, 'Me', '');
INSERT INTO `his_abstgv` (`ktxt`, `dtxt`, `ltxt`, `fb`, `kzfa`, `kzfaarray`, `abschl`, `stg`, `pversion`, `regelstz`, `login_part`, `studip_studiengang`) VALUES ('Zeitgeschi', 'Zeitgeschichte', 'Zeitgeschichte', 'CB', 'H', 'H', '97', '683', 9999, 0, 'Ph', '');
INSERT INTO `his_abstgv` (`ktxt`, `dtxt`, `ltxt`, `fb`, `kzfa`, `kzfaarray`, `abschl`, `stg`, `pversion`, `regelstz`, `login_part`, `studip_studiengang`) VALUES ('Chemie', 'Master of chemistry', 'Master of chemistry', 'GA', 'H', 'H', '88', '032', 2000, 4, 'Ch', '');
INSERT INTO `his_abstgv` (`ktxt`, `dtxt`, `ltxt`, `fb`, `kzfa`, `kzfaarray`, `abschl`, `stg`, `pversion`, `regelstz`, `login_part`, `studip_studiengang`) VALUES ('Kath.Relig', 'Kathol.Religion(Grundsch)', 'Katholische Religionslehre (Grundschule)', 'EC', 'H', 'H', '21', '702', 9999, 7, 'Pä', '');
INSERT INTO `his_abstgv` (`ktxt`, `dtxt`, `ltxt`, `fb`, `kzfa`, `kzfaarray`, `abschl`, `stg`, `pversion`, `regelstz`, `login_part`, `studip_studiengang`) VALUES ('Kath.Relig', 'Kathol.Religion(Grundsch)', 'Katholische Religionslehre (Grundschule)', 'EC', 'H', 'H', '26', '702', 9999, 9, 'Pä', '');
INSERT INTO `his_abstgv` (`ktxt`, `dtxt`, `ltxt`, `fb`, `kzfa`, `kzfaarray`, `abschl`, `stg`, `pversion`, `regelstz`, `login_part`, `studip_studiengang`) VALUES ('Kunstgesch', 'Kunstgeschichte', 'Kunstgeschichte', 'CC', 'N', 'HHN', '02', '092', 9999, 9, 'Ph', '');
INSERT INTO `his_abstgv` (`ktxt`, `dtxt`, `ltxt`, `fb`, `kzfa`, `kzfaarray`, `abschl`, `stg`, `pversion`, `regelstz`, `login_part`, `studip_studiengang`) VALUES ('Latein', 'Latein', 'Latein', 'CA', 'H', 'H', '94', '095', 9999, 2, 'Ph', '');
INSERT INTO `his_abstgv` (`ktxt`, `dtxt`, `ltxt`, `fb`, `kzfa`, `kzfaarray`, `abschl`, `stg`, `pversion`, `regelstz`, `login_part`, `studip_studiengang`) VALUES ('Technik (S', 'Technik an Sekundarschul.', 'Technik an Sekundarschulen', '78', 'H', 'H', '94', '199', 9999, 2, '', '');
INSERT INTO `his_abstgv` (`ktxt`, `dtxt`, `ltxt`, `fb`, `kzfa`, `kzfaarray`, `abschl`, `stg`, `pversion`, `regelstz`, `login_part`, `studip_studiengang`) VALUES ('Musik', 'Musik', 'Musik', 'DD', 'H', 'H', '94', '113', 9999, 2, 'Ph', '');
INSERT INTO `his_abstgv` (`ktxt`, `dtxt`, `ltxt`, `fb`, `kzfa`, `kzfaarray`, `abschl`, `stg`, `pversion`, `regelstz`, `login_part`, `studip_studiengang`) VALUES ('Wirtsch.re', 'Master of Business Law', 'Master of Business Law', 'BA', 'H', 'H', '88', '042', 2004, 4, 'Ju', '');
INSERT INTO `his_abstgv` (`ktxt`, `dtxt`, `ltxt`, `fb`, `kzfa`, `kzfaarray`, `abschl`, `stg`, `pversion`, `regelstz`, `login_part`, `studip_studiengang`) VALUES ('Polnisch (', 'Fachübersetzen Polnisch', 'Fachübersetzen (Polnisch)', 'DC', 'N', 'N', '97', '130', 9999, 0, 'Ph', '');
INSERT INTO `his_abstgv` (`ktxt`, `dtxt`, `ltxt`, `fb`, `kzfa`, `kzfaarray`, `abschl`, `stg`, `pversion`, `regelstz`, `login_part`, `studip_studiengang`) VALUES ('Englisch (', 'Fachübersetzen Englisch', 'Fachübersetzen (Englisch)', 'DC', 'N', 'N', '97', '647', 9999, 0, 'Ph', '');
INSERT INTO `his_abstgv` (`ktxt`, `dtxt`, `ltxt`, `fb`, `kzfa`, `kzfaarray`, `abschl`, `stg`, `pversion`, `regelstz`, `login_part`, `studip_studiengang`) VALUES ('Lebensm.-C', 'Lebensmittelchemie', 'Lebensmittelchemie', 'GA', 'H', 'H', '06', '096', 9999, 0, 'Ch', '');
INSERT INTO `his_abstgv` (`ktxt`, `dtxt`, `ltxt`, `fb`, `kzfa`, `kzfaarray`, `abschl`, `stg`, `pversion`, `regelstz`, `login_part`, `studip_studiengang`) VALUES ('Wirtsch.re', 'LLM in oeconomics', 'Legum magister in oeconomics', 'BA', 'H', 'H', '93', '042', 9999, 4, 'Ju', '');
INSERT INTO `his_abstgv` (`ktxt`, `dtxt`, `ltxt`, `fb`, `kzfa`, `kzfaarray`, `abschl`, `stg`, `pversion`, `regelstz`, `login_part`, `studip_studiengang`) VALUES ('Jüdisch.St', 'Jüdische Studien', 'Jüdische Studien', 'CD', 'H', 'H', '06', '073', 9999, 0, 'Ph', '');
INSERT INTO `his_abstgv` (`ktxt`, `dtxt`, `ltxt`, `fb`, `kzfa`, `kzfaarray`, `abschl`, `stg`, `pversion`, `regelstz`, `login_part`, `studip_studiengang`) VALUES ('Ingwiss.In', 'Ing.wiss./Vert.Ing.Inform', 'Ingenieurwiss.,Vertiefung Ingenieurinformatik', 'HE', 'H', 'H', '06', '123', 9999, 0, '', '');
INSERT INTO `his_abstgv` (`ktxt`, `dtxt`, `ltxt`, `fb`, `kzfa`, `kzfaarray`, `abschl`, `stg`, `pversion`, `regelstz`, `login_part`, `studip_studiengang`) VALUES ('Anglistik', 'Anglistik', 'Anglistik', 'DA', 'H', 'H', '06', '612', 9999, 0, 'Ph', '');
INSERT INTO `his_abstgv` (`ktxt`, `dtxt`, `ltxt`, `fb`, `kzfa`, `kzfaarray`, `abschl`, `stg`, `pversion`, `regelstz`, `login_part`, `studip_studiengang`) VALUES ('Ik.EAs./US', 'Interk.Eur.Am.st./USA', 'Interkult. Europa- und Amerikastudien / USA', 'DA', 'S', 'SSK', '82', '711', 9999, 6, 'Ph', '');
INSERT INTO `his_abstgv` (`ktxt`, `dtxt`, `ltxt`, `fb`, `kzfa`, `kzfaarray`, `abschl`, `stg`, `pversion`, `regelstz`, `login_part`, `studip_studiengang`) VALUES ('Ik.EAs./Gr', 'Interk.Eur.Am.st./Gr.Brit', 'Interkult. Europa- und Amerikastudien / Gr.Brit.', 'DA', 'S', 'SSK', '82', '712', 9999, 6, 'Ph', '');
INSERT INTO `his_abstgv` (`ktxt`, `dtxt`, `ltxt`, `fb`, `kzfa`, `kzfaarray`, `abschl`, `stg`, `pversion`, `regelstz`, `login_part`, `studip_studiengang`) VALUES ('Ik.EAs./Fr', 'Interk.Eur.Am.st./Frankr.', 'Interkult. Europa- und Amerikastudien / Frankr.', 'DE', 'S', 'SSK', '82', '713', 9999, 6, 'Ph', '');
INSERT INTO `his_abstgv` (`ktxt`, `dtxt`, `ltxt`, `fb`, `kzfa`, `kzfaarray`, `abschl`, `stg`, `pversion`, `regelstz`, `login_part`, `studip_studiengang`) VALUES ('Ik.EAs./Ru', 'Interk.Eur.Am.st./Russl.', 'Interkult. Europa- und Amerikastudien / Russland', 'DF', 'S', 'SSK', '82', '714', 9999, 6, 'Ph', '');
INSERT INTO `his_abstgv` (`ktxt`, `dtxt`, `ltxt`, `fb`, `kzfa`, `kzfaarray`, `abschl`, `stg`, `pversion`, `regelstz`, `login_part`, `studip_studiengang`) VALUES ('Ik.EAs./La', 'Interk.Eur.Am.st./Lat.Am.', 'Interkult. Europa- und Amerikastudien / Lat.Amer.', 'DE', 'K', 'K', '82', '715', 9999, 6, 'Ph', '');
INSERT INTO `his_abstgv` (`ktxt`, `dtxt`, `ltxt`, `fb`, `kzfa`, `kzfaarray`, `abschl`, `stg`, `pversion`, `regelstz`, `login_part`, `studip_studiengang`) VALUES ('Ik.EAs./It', 'Interk.Eur.Am.st./Italien', 'Interkult. Europa- und Amerikastudien / Italien', 'DE', 'K', 'K', '82', '716', 9999, 6, 'Ph', '');
INSERT INTO `his_abstgv` (`ktxt`, `dtxt`, `ltxt`, `fb`, `kzfa`, `kzfaarray`, `abschl`, `stg`, `pversion`, `regelstz`, `login_part`, `studip_studiengang`) VALUES ('Ik.EAs./Po', 'Interk.Eur.Am.st./Polen', 'Interkult. Europa- und Amerikastudien / Polen', 'DF', 'K', 'K', '82', '717', 9999, 6, 'Ph', '');
INSERT INTO `his_abstgv` (`ktxt`, `dtxt`, `ltxt`, `fb`, `kzfa`, `kzfaarray`, `abschl`, `stg`, `pversion`, `regelstz`, `login_part`, `studip_studiengang`) VALUES ('Ik.EAs./SO', 'Interk.Eur.Am.st./SO-Eur.', 'Interkult. Europa- und Amerikastudien / SO-Europa', 'DF', 'K', 'K', '82', '718', 9999, 6, 'Ph', '');
INSERT INTO `his_abstgv` (`ktxt`, `dtxt`, `ltxt`, `fb`, `kzfa`, `kzfaarray`, `abschl`, `stg`, `pversion`, `regelstz`, `login_part`, `studip_studiengang`) VALUES ('Ik.EAs./D-', 'Interk.Eur.Am.st./D-Land', 'Interkult. Europa- und Amerikastudien / Deutschl.', 'DB', 'K', 'K', '82', '719', 9999, 6, 'Ph', '');
INSERT INTO `his_abstgv` (`ktxt`, `dtxt`, `ltxt`, `fb`, `kzfa`, `kzfaarray`, `abschl`, `stg`, `pversion`, `regelstz`, `login_part`, `studip_studiengang`) VALUES ('Ik.EAs./US', 'Interk.Eur.Am.st./USA', 'Interkult. Europa- und Amerikastudien / USA', 'DA', 'S', 'SSK', '88', '711', 2001, 4, 'Ph', '');
INSERT INTO `his_abstgv` (`ktxt`, `dtxt`, `ltxt`, `fb`, `kzfa`, `kzfaarray`, `abschl`, `stg`, `pversion`, `regelstz`, `login_part`, `studip_studiengang`) VALUES ('Ik.EAs./Gr', 'Interk.Eur.Am.st./Gr.Brit', 'Interkult. Europa- und Amerikastudien / Gr.Brit.', 'DA', 'S', 'SSK', '88', '712', 2001, 4, 'Ph', '');
INSERT INTO `his_abstgv` (`ktxt`, `dtxt`, `ltxt`, `fb`, `kzfa`, `kzfaarray`, `abschl`, `stg`, `pversion`, `regelstz`, `login_part`, `studip_studiengang`) VALUES ('Ik.EAs./Fr', 'Interk.Eur.Am.st./Frankr.', 'Interkult. Europa- und Amerikastudien / Frankr.', 'DE', 'S', 'SSK', '88', '713', 2001, 4, 'Ph', '');
INSERT INTO `his_abstgv` (`ktxt`, `dtxt`, `ltxt`, `fb`, `kzfa`, `kzfaarray`, `abschl`, `stg`, `pversion`, `regelstz`, `login_part`, `studip_studiengang`) VALUES ('Ik.EAs./Ru', 'Interk.Eur.Am.st./Russl.', 'Interkult. Europa- und Amerikastudien / Russland', 'DF', 'S', 'SSK', '88', '714', 2001, 4, 'Ph', '');
INSERT INTO `his_abstgv` (`ktxt`, `dtxt`, `ltxt`, `fb`, `kzfa`, `kzfaarray`, `abschl`, `stg`, `pversion`, `regelstz`, `login_part`, `studip_studiengang`) VALUES ('Ik.EAs./La', 'Interk.Eur.Am.st./Lat.Am.', 'Interkult. Europa- und Amerikastudien / Lat.Amer.', 'DE', 'K', 'K', '88', '715', 2001, 4, 'Ph', '');
INSERT INTO `his_abstgv` (`ktxt`, `dtxt`, `ltxt`, `fb`, `kzfa`, `kzfaarray`, `abschl`, `stg`, `pversion`, `regelstz`, `login_part`, `studip_studiengang`) VALUES ('Ik.EAs./It', 'Interk.Eur.Am.st./Italien', 'Interkult. Europa- und Amerikastudien / Italien', 'DE', 'K', 'K', '88', '716', 2001, 4, 'Ph', '');
INSERT INTO `his_abstgv` (`ktxt`, `dtxt`, `ltxt`, `fb`, `kzfa`, `kzfaarray`, `abschl`, `stg`, `pversion`, `regelstz`, `login_part`, `studip_studiengang`) VALUES ('Ik.EAs./Po', 'Interk.Eur.Am.st./Polen', 'Interkult. Europa- und Amerikastudien / Polen', 'DF', 'K', 'K', '88', '717', 2001, 4, 'Ph', '');
INSERT INTO `his_abstgv` (`ktxt`, `dtxt`, `ltxt`, `fb`, `kzfa`, `kzfaarray`, `abschl`, `stg`, `pversion`, `regelstz`, `login_part`, `studip_studiengang`) VALUES ('Ik.EAs./SO', 'Interk.Eur.Am.st./SO-Eur.', 'Interkult. Europa- und Amerikastudien / SO-Europa', 'DF', 'K', 'K', '88', '718', 2001, 4, 'Ph', '');
INSERT INTO `his_abstgv` (`ktxt`, `dtxt`, `ltxt`, `fb`, `kzfa`, `kzfaarray`, `abschl`, `stg`, `pversion`, `regelstz`, `login_part`, `studip_studiengang`) VALUES ('Ik.EAs./D-', 'Interk.Eur.Am.st./D-Land', 'Interkult. Europa- und Amerikastudien / Deutschl.', 'DB', 'K', 'K', '88', '719', 2001, 4, 'Ph', '');
INSERT INTO `his_abstgv` (`ktxt`, `dtxt`, `ltxt`, `fb`, `kzfa`, `kzfaarray`, `abschl`, `stg`, `pversion`, `regelstz`, `login_part`, `studip_studiengang`) VALUES ('Staatsbürg', 'Staatsbürgerkunde', 'Staatsbürgerkunde', '62', 'H', 'H', '24', '154', 9999, 8, 'Ph', '');
INSERT INTO `his_abstgv` (`ktxt`, `dtxt`, `ltxt`, `fb`, `kzfa`, `kzfaarray`, `abschl`, `stg`, `pversion`, `regelstz`, `login_part`, `studip_studiengang`) VALUES ('Staatsbürg', 'Staatsbürgerkunde', 'Staatsbürgerkunde', '62', 'H', 'H', '25', '154', 9999, 10, 'Ph', '');
INSERT INTO `his_abstgv` (`ktxt`, `dtxt`, `ltxt`, `fb`, `kzfa`, `kzfaarray`, `abschl`, `stg`, `pversion`, `regelstz`, `login_part`, `studip_studiengang`) VALUES ('Empir.Ökon', 'Empir.Ökonom/Polit.berat.', 'Empirische Ökonomik und Politikberatung', 'BB', 'H', 'H', '88', '775', 2003, 4, 'Wi', '');
INSERT INTO `his_abstgv` (`ktxt`, `dtxt`, `ltxt`, `fb`, `kzfa`, `kzfaarray`, `abschl`, `stg`, `pversion`, `regelstz`, `login_part`, `studip_studiengang`) VALUES ('Lebensm.-C', 'Lebensmittelchemie', 'Lebensmittelchemie', 'GA', 'H', 'H', '08', '096', 9999, 9, 'Ch', '');
INSERT INTO `his_abstgv` (`ktxt`, `dtxt`, `ltxt`, `fb`, `kzfa`, `kzfaarray`, `abschl`, `stg`, `pversion`, `regelstz`, `login_part`, `studip_studiengang`) VALUES ('Chem.u.Umw', 'Chemie-u.Umweltingenieurw', 'Chemie- und Umweltingenieurwesen', 'HE', 'H', 'H', '06', '701', 9999, 0, '', '');
INSERT INTO `his_abstgv` (`ktxt`, `dtxt`, `ltxt`, `fb`, `kzfa`, `kzfaarray`, `abschl`, `stg`, `pversion`, `regelstz`, `login_part`, `studip_studiengang`) VALUES ('Ik.EAs./US', 'Interk.Eur.Am.st./USA', 'Interkult. Europa- und Amerikastudien / USA', 'DA', 'S', 'SSK', '97', '711', 9999, 0, 'Ph', '');
INSERT INTO `his_abstgv` (`ktxt`, `dtxt`, `ltxt`, `fb`, `kzfa`, `kzfaarray`, `abschl`, `stg`, `pversion`, `regelstz`, `login_part`, `studip_studiengang`) VALUES ('Ik.EAs./Gr', 'Interk.Eur.Am.st./Gr.Brit', 'Interkult. Europa- und Amerikastudien / Gr.Brit.', 'DA', 'S', 'SSK', '97', '712', 9999, 0, 'Ph', '');
INSERT INTO `his_abstgv` (`ktxt`, `dtxt`, `ltxt`, `fb`, `kzfa`, `kzfaarray`, `abschl`, `stg`, `pversion`, `regelstz`, `login_part`, `studip_studiengang`) VALUES ('Ik.EAs./Fr', 'Interk.Eur.Am.st./Frankr.', 'Interkult. Europa- und Amerikastudien / Frankr.', 'DE', 'S', 'SSK', '97', '713', 9999, 0, 'Ph', '');
INSERT INTO `his_abstgv` (`ktxt`, `dtxt`, `ltxt`, `fb`, `kzfa`, `kzfaarray`, `abschl`, `stg`, `pversion`, `regelstz`, `login_part`, `studip_studiengang`) VALUES ('Ik.EAs./Ru', 'Interk.Eur.Am.st./Russl.', 'Interkult. Europa- und Amerikastudien / Russland', 'DF', 'S', 'SSK', '97', '714', 9999, 0, 'Ph', '');
INSERT INTO `his_abstgv` (`ktxt`, `dtxt`, `ltxt`, `fb`, `kzfa`, `kzfaarray`, `abschl`, `stg`, `pversion`, `regelstz`, `login_part`, `studip_studiengang`) VALUES ('Ik.EAs./La', 'Interk.Eur.Am.st./Lat.Am.', 'Interkult. Europa- und Amerikastudien / Lat.Amer.', 'DE', 'K', 'K', '97', '715', 9999, 0, 'Ph', '');
INSERT INTO `his_abstgv` (`ktxt`, `dtxt`, `ltxt`, `fb`, `kzfa`, `kzfaarray`, `abschl`, `stg`, `pversion`, `regelstz`, `login_part`, `studip_studiengang`) VALUES ('Ik.EAs./It', 'Interk.Eur.Am.st./Italien', 'Interkult. Europa- und Amerikastudien / Italien', 'DE', 'K', 'K', '97', '716', 9999, 0, 'Ph', '');
INSERT INTO `his_abstgv` (`ktxt`, `dtxt`, `ltxt`, `fb`, `kzfa`, `kzfaarray`, `abschl`, `stg`, `pversion`, `regelstz`, `login_part`, `studip_studiengang`) VALUES ('Ik.EAs./Po', 'Interk.Eur.Am.st./Polen', 'Interkult. Europa- und Amerikastudien / Polen', 'DF', 'K', 'K', '97', '717', 9999, 0, 'Ph', '');
INSERT INTO `his_abstgv` (`ktxt`, `dtxt`, `ltxt`, `fb`, `kzfa`, `kzfaarray`, `abschl`, `stg`, `pversion`, `regelstz`, `login_part`, `studip_studiengang`) VALUES ('Ik.EAs./SO', 'Interk.Eur.Am.st./SO-Eur.', 'Interkult. Europa- und Amerikastudien / SO-Europa', 'DF', 'K', 'K', '97', '718', 9999, 0, 'Ph', '');
INSERT INTO `his_abstgv` (`ktxt`, `dtxt`, `ltxt`, `fb`, `kzfa`, `kzfaarray`, `abschl`, `stg`, `pversion`, `regelstz`, `login_part`, `studip_studiengang`) VALUES ('Ik.EAs./D-', 'Interk.Eur.Am.st./D-Land', 'Interkult. Europa- und Amerikastudien / Deutschl.', 'DB', 'K', 'K', '97', '719', 9999, 0, 'Ph', '');
INSERT INTO `his_abstgv` (`ktxt`, `dtxt`, `ltxt`, `fb`, `kzfa`, `kzfaarray`, `abschl`, `stg`, `pversion`, `regelstz`, `login_part`, `studip_studiengang`) VALUES ('Betriebsw.', 'Betriebswirtschaftslehre', 'Betriebswirtschaftslehre', 'BB', 'H', 'H', '11', '021', 2003, 9, 'Wi', '');
INSERT INTO `his_abstgv` (`ktxt`, `dtxt`, `ltxt`, `fb`, `kzfa`, `kzfaarray`, `abschl`, `stg`, `pversion`, `regelstz`, `login_part`, `studip_studiengang`) VALUES ('Wirtsch.In', 'Wirtschaftsinformatik', 'Wirtschaftsinformatik', 'BB', 'H', 'H', '11', '277', 2003, 10, 'Wi', '');
INSERT INTO `his_abstgv` (`ktxt`, `dtxt`, `ltxt`, `fb`, `kzfa`, `kzfaarray`, `abschl`, `stg`, `pversion`, `regelstz`, `login_part`, `studip_studiengang`) VALUES ('Geowiss', 'Angew. Geowissenschaften', 'Angewandte Geowissenschaften', 'HB', 'H', 'H', '82', '039', 9999, 6, 'Ge', '');
INSERT INTO `his_abstgv` (`ktxt`, `dtxt`, `ltxt`, `fb`, `kzfa`, `kzfaarray`, `abschl`, `stg`, `pversion`, `regelstz`, `login_part`, `studip_studiengang`) VALUES ('Geowiss', 'Angew. Geowissenschaften', 'Angewandte Geowissenschaften', 'HB', 'H', 'H', '88', '039', 2003, 3, 'Ge', '');
INSERT INTO `his_abstgv` (`ktxt`, `dtxt`, `ltxt`, `fb`, `kzfa`, `kzfaarray`, `abschl`, `stg`, `pversion`, `regelstz`, `login_part`, `studip_studiengang`) VALUES ('Integratio', 'Integrationspädagogik', 'Integrationspädagogik', '61', 'H', 'H', '26', '699', 9999, 4, 'Pä', '');
INSERT INTO `his_abstgv` (`ktxt`, `dtxt`, `ltxt`, `fb`, `kzfa`, `kzfaarray`, `abschl`, `stg`, `pversion`, `regelstz`, `login_part`, `studip_studiengang`) VALUES ('Hauswirtsc', 'Hauswirtschaft', 'Hauswirtschaft', 'EA', 'H', 'H', '97', '654', 9999, 8, 'Pä', '');
INSERT INTO `his_abstgv` (`ktxt`, `dtxt`, `ltxt`, `fb`, `kzfa`, `kzfaarray`, `abschl`, `stg`, `pversion`, `regelstz`, `login_part`, `studip_studiengang`) VALUES ('Ethik', 'Ethik', 'Ethik', 'CG', 'H', 'H', '94', '169', 9999, 0, 'Ph', '');
INSERT INTO `his_abstgv` (`ktxt`, `dtxt`, `ltxt`, `fb`, `kzfa`, `kzfaarray`, `abschl`, `stg`, `pversion`, `regelstz`, `login_part`, `studip_studiengang`) VALUES ('Astronomie', 'Astronomie', 'Astronomie', 'GB', 'H', 'H', '94', '014', 9999, 0, 'Ch', '');
INSERT INTO `his_abstgv` (`ktxt`, `dtxt`, `ltxt`, `fb`, `kzfa`, `kzfaarray`, `abschl`, `stg`, `pversion`, `regelstz`, `login_part`, `studip_studiengang`) VALUES ('Physik', 'Physik', 'Physik', 'GB', 'H', 'H', '94', '128', 9999, 0, 'Ch', '');
INSERT INTO `his_abstgv` (`ktxt`, `dtxt`, `ltxt`, `fb`, `kzfa`, `kzfaarray`, `abschl`, `stg`, `pversion`, `regelstz`, `login_part`, `studip_studiengang`) VALUES ('Englisch', 'Englisch', 'Englisch', 'DA', 'H', 'H', '21', '008', 9999, 0, 'Ph', '');
INSERT INTO `his_abstgv` (`ktxt`, `dtxt`, `ltxt`, `fb`, `kzfa`, `kzfaarray`, `abschl`, `stg`, `pversion`, `regelstz`, `login_part`, `studip_studiengang`) VALUES ('Multim/VRI', 'Multimedia/Virtual R.Inf.', 'Multimedia/Virtulal Reality-Informatik', 'HC', 'H', 'H', '11', '121', 9999, 9, 'Ma', '');
INSERT INTO `his_abstgv` (`ktxt`, `dtxt`, `ltxt`, `fb`, `kzfa`, `kzfaarray`, `abschl`, `stg`, `pversion`, `regelstz`, `login_part`, `studip_studiengang`) VALUES ('Stkoll W', 'W-Kurs', 'W-Kurs', 'QA', 'H', 'H', '95', '722', 9999, 2, '', '');
INSERT INTO `his_abstgv` (`ktxt`, `dtxt`, `ltxt`, `fb`, `kzfa`, `kzfaarray`, `abschl`, `stg`, `pversion`, `regelstz`, `login_part`, `studip_studiengang`) VALUES ('Stkoll T', 'T-Kurs', 'T-Kurs', 'QA', 'H', 'H', '95', '723', 9999, 2, '', '');
INSERT INTO `his_abstgv` (`ktxt`, `dtxt`, `ltxt`, `fb`, `kzfa`, `kzfaarray`, `abschl`, `stg`, `pversion`, `regelstz`, `login_part`, `studip_studiengang`) VALUES ('Stkoll S/G', 'S/G-Kurs', 'S/G-Kurs', 'QA', 'H', 'H', '95', '724', 9999, 2, '', '');
INSERT INTO `his_abstgv` (`ktxt`, `dtxt`, `ltxt`, `fb`, `kzfa`, `kzfaarray`, `abschl`, `stg`, `pversion`, `regelstz`, `login_part`, `studip_studiengang`) VALUES ('Stkoll M', 'M-Kurs', 'M-Kurs', 'QA', 'H', 'H', '95', '725', 9999, 2, '', '');
INSERT INTO `his_abstgv` (`ktxt`, `dtxt`, `ltxt`, `fb`, `kzfa`, `kzfaarray`, `abschl`, `stg`, `pversion`, `regelstz`, `login_part`, `studip_studiengang`) VALUES ('Stkoll DSH', 'DSH-Kurs', 'DSH-Kurs', 'QA', 'H', 'H', '95', '726', 9999, 2, '', '');
INSERT INTO `his_abstgv` (`ktxt`, `dtxt`, `ltxt`, `fb`, `kzfa`, `kzfaarray`, `abschl`, `stg`, `pversion`, `regelstz`, `login_part`, `studip_studiengang`) VALUES ('Polnisch (', 'Fachübersetzen Polnisch', 'Fachübersetzen (Polnisch)', 'DC', 'H', 'H', '97', '130', 9999, 0, 'Ph', '');
INSERT INTO `his_abstgv` (`ktxt`, `dtxt`, `ltxt`, `fb`, `kzfa`, `kzfaarray`, `abschl`, `stg`, `pversion`, `regelstz`, `login_part`, `studip_studiengang`) VALUES ('Klavier', 'Klavier', 'Klavier', 'DD', 'H', 'H', '11', '675', 9999, 9, 'Ph', '');
INSERT INTO `his_abstgv` (`ktxt`, `dtxt`, `ltxt`, `fb`, `kzfa`, `kzfaarray`, `abschl`, `stg`, `pversion`, `regelstz`, `login_part`, `studip_studiengang`) VALUES ('Klavier', 'Klavier', 'Klavier', 'DD', 'H', 'H', '97', '675', 9999, 9, 'Ph', '');
INSERT INTO `his_abstgv` (`ktxt`, `dtxt`, `ltxt`, `fb`, `kzfa`, `kzfaarray`, `abschl`, `stg`, `pversion`, `regelstz`, `login_part`, `studip_studiengang`) VALUES ('MM&A', 'MultiMedia & Autor', 'MultiMedia & Autorschaft', 'DC', 'H', 'H', '88', '727', 2005, 4, 'Ph', '');
INSERT INTO `his_abstgv` (`ktxt`, `dtxt`, `ltxt`, `fb`, `kzfa`, `kzfaarray`, `abschl`, `stg`, `pversion`, `regelstz`, `login_part`, `studip_studiengang`) VALUES ('Bio-Inform', 'Bioinformatik', 'Bioinformatik', 'HC', 'H', 'H', '06', '685', 9999, 9, 'Ma', '');
INSERT INTO `his_abstgv` (`ktxt`, `dtxt`, `ltxt`, `fb`, `kzfa`, `kzfaarray`, `abschl`, `stg`, `pversion`, `regelstz`, `login_part`, `studip_studiengang`) VALUES ('Sportwisse', 'Sportwissenschaft', 'Sportwissenschaft', 'DC', 'H', 'H', '26', '029', 9999, 9, 'Ph', '');
INSERT INTO `his_abstgv` (`ktxt`, `dtxt`, `ltxt`, `fb`, `kzfa`, `kzfaarray`, `abschl`, `stg`, `pversion`, `regelstz`, `login_part`, `studip_studiengang`) VALUES ('Geologie/P', 'Geologie/Paläontologie', 'Geologie/Paläontologie', 'HB', 'H', 'H', '11', '302', 9999, 9, 'Ge', '');
INSERT INTO `his_abstgv` (`ktxt`, `dtxt`, `ltxt`, `fb`, `kzfa`, `kzfaarray`, `abschl`, `stg`, `pversion`, `regelstz`, `login_part`, `studip_studiengang`) VALUES ('Qu/Bi/Sozi', 'Quali./Bildg./Sozialf.', 'Qualitative Bildungs- und Sozialforschung', '61', 'H', 'H', '94', '720', 9999, 4, 'Pä', '');
INSERT INTO `his_abstgv` (`ktxt`, `dtxt`, `ltxt`, `fb`, `kzfa`, `kzfaarray`, `abschl`, `stg`, `pversion`, `regelstz`, `login_part`, `studip_studiengang`) VALUES ('Pfl./Gesun', 'Pflege-u.Gesundheitswiss.', 'Pflege- und Gesundheitswissenschaft', 'IA', 'H', 'H', '06', '687', 9999, 0, 'Me', '');
INSERT INTO `his_abstgv` (`ktxt`, `dtxt`, `ltxt`, `fb`, `kzfa`, `kzfaarray`, `abschl`, `stg`, `pversion`, `regelstz`, `login_part`, `studip_studiengang`) VALUES ('Sportwisse', 'Sportwissenschaft', 'Sportwissenschaft', 'DC', 'H', 'H', '82', '029', 9999, 6, 'Ph', '');
INSERT INTO `his_abstgv` (`ktxt`, `dtxt`, `ltxt`, `fb`, `kzfa`, `kzfaarray`, `abschl`, `stg`, `pversion`, `regelstz`, `login_part`, `studip_studiengang`) VALUES ('M./Eth./R.', 'Medizin-Ethik-Recht', 'Medizin-Ethik-Recht', 'BA', 'H', 'H', '94', '721', 9999, 2, 'Ju', '');
INSERT INTO `his_abstgv` (`ktxt`, `dtxt`, `ltxt`, `fb`, `kzfa`, `kzfaarray`, `abschl`, `stg`, `pversion`, `regelstz`, `login_part`, `studip_studiengang`) VALUES ('Sport', 'Sport', 'Sport', 'DC', 'H', 'H', '06', '098', 9999, 0, 'Ph', '');
INSERT INTO `his_abstgv` (`ktxt`, `dtxt`, `ltxt`, `fb`, `kzfa`, `kzfaarray`, `abschl`, `stg`, `pversion`, `regelstz`, `login_part`, `studip_studiengang`) VALUES ('GehörlPäd', 'Gehörl/Schwerhö/Pädagogik', 'Gehörlosen-/Schwerhörigenpädagogik', 'EB', 'H', 'H', '26', '062', 9999, 9, 'Pä', '');
INSERT INTO `his_abstgv` (`ktxt`, `dtxt`, `ltxt`, `fb`, `kzfa`, `kzfaarray`, `abschl`, `stg`, `pversion`, `regelstz`, `login_part`, `studip_studiengang`) VALUES ('Sehbeh.Päd', 'Blind/Sehbehindertenpäd.', 'Blinden-/Sehbehindertenpädagogik', '61', 'H', 'H', '26', '027', 9999, 9, 'Pä', '');
INSERT INTO `his_abstgv` (`ktxt`, `dtxt`, `ltxt`, `fb`, `kzfa`, `kzfaarray`, `abschl`, `stg`, `pversion`, `regelstz`, `login_part`, `studip_studiengang`) VALUES ('ChrArch/By', 'Chr.Arch./Byz.Kunstgesch.', 'Christl. Archäologie u. Byzantin. Kunstgeschichte', 'CC', 'H', 'H', '06', '698', 9999, 0, 'Ph', '');
INSERT INTO `his_abstgv` (`ktxt`, `dtxt`, `ltxt`, `fb`, `kzfa`, `kzfaarray`, `abschl`, `stg`, `pversion`, `regelstz`, `login_part`, `studip_studiengang`) VALUES ('Geistigbeh', 'Geistigbehindertenpädagog', 'Geistigbehindertenpädagogik', 'EB', 'H', 'H', '26', '063', 9999, 9, 'Pä', '');
INSERT INTO `his_abstgv` (`ktxt`, `dtxt`, `ltxt`, `fb`, `kzfa`, `kzfaarray`, `abschl`, `stg`, `pversion`, `regelstz`, `login_part`, `studip_studiengang`) VALUES ('Volkswirt.', 'Volkswirtschaftslehre', 'Volkswirtschaftslehre', 'BB', 'H', 'H', '11', '175', 9999, 9, 'Wi', '');
INSERT INTO `his_abstgv` (`ktxt`, `dtxt`, `ltxt`, `fb`, `kzfa`, `kzfaarray`, `abschl`, `stg`, `pversion`, `regelstz`, `login_part`, `studip_studiengang`) VALUES ('Latein', 'Latein', 'Latein', 'CA', 'H', 'H', '25', '095', 9999, 9, 'Ph', '');
INSERT INTO `his_abstgv` (`ktxt`, `dtxt`, `ltxt`, `fb`, `kzfa`, `kzfaarray`, `abschl`, `stg`, `pversion`, `regelstz`, `login_part`, `studip_studiengang`) VALUES ('Mathematik', 'Mathematik', 'Mathematik', 'HD', 'H', 'H', '11', '105', 9999, 9, 'Ma', '');
INSERT INTO `his_abstgv` (`ktxt`, `dtxt`, `ltxt`, `fb`, `kzfa`, `kzfaarray`, `abschl`, `stg`, `pversion`, `regelstz`, `login_part`, `studip_studiengang`) VALUES ('Medien-u.K', 'Medien-u.Kommunikationsw.', 'Medien- und Kommunikationswissenschaft', 'DC', 'N', 'HHN', '02', '133', 9999, 9, 'Ph', '');
INSERT INTO `his_abstgv` (`ktxt`, `dtxt`, `ltxt`, `fb`, `kzfa`, `kzfaarray`, `abschl`, `stg`, `pversion`, `regelstz`, `login_part`, `studip_studiengang`) VALUES ('Chemie', 'Chemie', 'Chemie', 'GA', 'H', 'H', '11', '032', 9999, 10, 'Ch', '');
INSERT INTO `his_abstgv` (`ktxt`, `dtxt`, `ltxt`, `fb`, `kzfa`, `kzfaarray`, `abschl`, `stg`, `pversion`, `regelstz`, `login_part`, `studip_studiengang`) VALUES ('Chemie', 'Chemistry', 'Chemistry', 'GA', 'H', 'H', '82', '032', 9999, 6, 'Ch', '');
INSERT INTO `his_abstgv` (`ktxt`, `dtxt`, `ltxt`, `fb`, `kzfa`, `kzfaarray`, `abschl`, `stg`, `pversion`, `regelstz`, `login_part`, `studip_studiengang`) VALUES ('Psychologi', 'Psychologie', 'Psychologie', 'CF', 'H', 'H', '11', '132', 9999, 9, 'Ph', '');
INSERT INTO `his_abstgv` (`ktxt`, `dtxt`, `ltxt`, `fb`, `kzfa`, `kzfaarray`, `abschl`, `stg`, `pversion`, `regelstz`, `login_part`, `studip_studiengang`) VALUES ('Informatik', 'Informatik', 'Informatik', 'HC', 'H', 'H', '11', '079', 2003, 9, 'Ma', '');
INSERT INTO `his_abstgv` (`ktxt`, `dtxt`, `ltxt`, `fb`, `kzfa`, `kzfaarray`, `abschl`, `stg`, `pversion`, `regelstz`, `login_part`, `studip_studiengang`) VALUES ('Soziologie', 'Soziologie', 'Soziologie', 'CH', 'H', 'H', '11', '149', 9999, 9, 'Ph', '');
INSERT INTO `his_abstgv` (`ktxt`, `dtxt`, `ltxt`, `fb`, `kzfa`, `kzfaarray`, `abschl`, `stg`, `pversion`, `regelstz`, `login_part`, `studip_studiengang`) VALUES ('Volkswirt.', 'Volkswirtschaftslehre', 'Volkswirtschaftslehre', 'BB', 'N', 'N', '02', '175', 9999, 9, 'Wi', '');
INSERT INTO `his_abstgv` (`ktxt`, `dtxt`, `ltxt`, `fb`, `kzfa`, `kzfaarray`, `abschl`, `stg`, `pversion`, `regelstz`, `login_part`, `studip_studiengang`) VALUES ('Politikwis', 'Politikwissenschaft', 'Politikwisschenschaften', 'CE', 'H', 'H', '11', '300', 1996, 9, 'Ph', '');
INSERT INTO `his_abstgv` (`ktxt`, `dtxt`, `ltxt`, `fb`, `kzfa`, `kzfaarray`, `abschl`, `stg`, `pversion`, `regelstz`, `login_part`, `studip_studiengang`) VALUES ('Ev.Theolog', 'Ev. Theologie', 'Evangelische Theologie', 'A', 'N', 'HHN', '02', '053', 9999, 9, 'Th', '');
INSERT INTO `his_abstgv` (`ktxt`, `dtxt`, `ltxt`, `fb`, `kzfa`, `kzfaarray`, `abschl`, `stg`, `pversion`, `regelstz`, `login_part`, `studip_studiengang`) VALUES ('Geschichte', 'Geschichte', 'Geschichte', 'CB', 'N', 'HHN', '02', '068', 9999, 9, 'Ph', '');
INSERT INTO `his_abstgv` (`ktxt`, `dtxt`, `ltxt`, `fb`, `kzfa`, `kzfaarray`, `abschl`, `stg`, `pversion`, `regelstz`, `login_part`, `studip_studiengang`) VALUES ('Japanologi', 'Japanologie', 'Japanologie', 'CE', 'N', 'HHN', '02', '085', 9999, 9, 'Ph', '');
INSERT INTO `his_abstgv` (`ktxt`, `dtxt`, `ltxt`, `fb`, `kzfa`, `kzfaarray`, `abschl`, `stg`, `pversion`, `regelstz`, `login_part`, `studip_studiengang`) VALUES ('Jüdisch.St', 'Jüdische Studien', 'Jüdische Studien', 'CD', 'N', 'HHN', '02', '073', 9999, 9, 'Ph', '');
INSERT INTO `his_abstgv` (`ktxt`, `dtxt`, `ltxt`, `fb`, `kzfa`, `kzfaarray`, `abschl`, `stg`, `pversion`, `regelstz`, `login_part`, `studip_studiengang`) VALUES ('Betriebsw.', 'Betriebswirtschaftslehre', 'Betriebswirtschaftslehre', 'BB', 'H', 'H', '06', '021', 9999, 0, 'Wi', '');
INSERT INTO `his_abstgv` (`ktxt`, `dtxt`, `ltxt`, `fb`, `kzfa`, `kzfaarray`, `abschl`, `stg`, `pversion`, `regelstz`, `login_part`, `studip_studiengang`) VALUES ('Rechtswiss', 'Rechtswissenschaft', 'Rechtswissenschaft', 'BA', 'N', 'H', '02', '135', 9999, 9, 'Ju', '');
INSERT INTO `his_abstgv` (`ktxt`, `dtxt`, `ltxt`, `fb`, `kzfa`, `kzfaarray`, `abschl`, `stg`, `pversion`, `regelstz`, `login_part`, `studip_studiengang`) VALUES ('MNRessourc', 'Management nat Ressourcen', 'Management natürlicher Ressourcen', 'HA', 'H', 'H', '06', '093', 9999, 0, 'Ag', '');
INSERT INTO `his_abstgv` (`ktxt`, `dtxt`, `ltxt`, `fb`, `kzfa`, `kzfaarray`, `abschl`, `stg`, `pversion`, `regelstz`, `login_part`, `studip_studiengang`) VALUES ('Chemie', 'Master of chemistry', 'Master of chemistry', 'GA', 'H', 'H', '88', '032', 9999, 4, 'Ch', '');
INSERT INTO `his_abstgv` (`ktxt`, `dtxt`, `ltxt`, `fb`, `kzfa`, `kzfaarray`, `abschl`, `stg`, `pversion`, `regelstz`, `login_part`, `studip_studiengang`) VALUES ('KirMusik', 'Kirchenmusik', 'Kirchenmusik', '65', 'H', '', '25', '193', 9999, 10, 'Ph', '');
INSERT INTO `his_abstgv` (`ktxt`, `dtxt`, `ltxt`, `fb`, `kzfa`, `kzfaarray`, `abschl`, `stg`, `pversion`, `regelstz`, `login_part`, `studip_studiengang`) VALUES ('Erziehungs', 'Erziehungswissenschaft', 'Erziehungswissenschaft(Pädagogik)', 'EA', 'N', 'N', '02', '052', 9999, 9, 'Pä', '');
INSERT INTO `his_abstgv` (`ktxt`, `dtxt`, `ltxt`, `fb`, `kzfa`, `kzfaarray`, `abschl`, `stg`, `pversion`, `regelstz`, `login_part`, `studip_studiengang`) VALUES ('Empir.Ökon', 'Empir.Ökonom/Polit.berat.', 'Empirische Ökonomik und Politikberatung', 'BB', 'H', 'H', '88', '775', 9999, 4, 'Wi', '');
INSERT INTO `his_abstgv` (`ktxt`, `dtxt`, `ltxt`, `fb`, `kzfa`, `kzfaarray`, `abschl`, `stg`, `pversion`, `regelstz`, `login_part`, `studip_studiengang`) VALUES ('Betriebsw.', 'Betriebswirtschaftslehre', 'Betriebswirtschaftslehre', 'BB', 'H', 'H', '11', '021', 9999, 9, 'Wi', '');
INSERT INTO `his_abstgv` (`ktxt`, `dtxt`, `ltxt`, `fb`, `kzfa`, `kzfaarray`, `abschl`, `stg`, `pversion`, `regelstz`, `login_part`, `studip_studiengang`) VALUES ('Philosophi', 'Philosophie', 'Philosophie', 'CG', 'N', 'HHN', '02', '127', 9999, 9, 'Ph', '');
INSERT INTO `his_abstgv` (`ktxt`, `dtxt`, `ltxt`, `fb`, `kzfa`, `kzfaarray`, `abschl`, `stg`, `pversion`, `regelstz`, `login_part`, `studip_studiengang`) VALUES ('Musikwiss.', 'Musikwissenschaft', 'Musikwissenschaft', 'DD', 'N', 'HHN', '02', '114', 9999, 9, 'Ph', '');
INSERT INTO `his_abstgv` (`ktxt`, `dtxt`, `ltxt`, `fb`, `kzfa`, `kzfaarray`, `abschl`, `stg`, `pversion`, `regelstz`, `login_part`, `studip_studiengang`) VALUES ('Indologie', 'Indologie', 'Indologie', 'CA', 'N', 'HHN', '02', '078', 9999, 9, 'Ph', '');
INSERT INTO `his_abstgv` (`ktxt`, `dtxt`, `ltxt`, `fb`, `kzfa`, `kzfaarray`, `abschl`, `stg`, `pversion`, `regelstz`, `login_part`, `studip_studiengang`) VALUES ('Agrarw180', 'Agrarwissenschaft180', 'Agrarwissenschaft', 'HA', 'H', '', '82', '803', 106, 6, 'Ag', '');
INSERT INTO `his_abstgv` (`ktxt`, `dtxt`, `ltxt`, `fb`, `kzfa`, `kzfaarray`, `abschl`, `stg`, `pversion`, `regelstz`, `login_part`, `studip_studiengang`) VALUES ('Geowiss180', 'Angew. Geowissen180', 'Angewandte Geowissenschaften (Applied Geosciences)', 'HB', 'H', '', '82', '839', 106, 6, 'Ge', '');
INSERT INTO `his_abstgv` (`ktxt`, `dtxt`, `ltxt`, `fb`, `kzfa`, `kzfaarray`, `abschl`, `stg`, `pversion`, `regelstz`, `login_part`, `studip_studiengang`) VALUES ('Arabist60', 'Arabistik/Islamwiss.60', 'Arabistik/Islamwissenschaft', 'CD', 'N', '', '83', '510', 106, 6, 'Ph', '');
INSERT INTO `his_abstgv` (`ktxt`, `dtxt`, `ltxt`, `fb`, `kzfa`, `kzfaarray`, `abschl`, `stg`, `pversion`, `regelstz`, `login_part`, `studip_studiengang`) VALUES ('Arabist90', 'Arabistik/Islamwiss.90', 'Arabistik/Islamwissenschaft', 'CD', 'K', '', '83', '910', 106, 6, 'Ph', '');
INSERT INTO `his_abstgv` (`ktxt`, `dtxt`, `ltxt`, `fb`, `kzfa`, `kzfaarray`, `abschl`, `stg`, `pversion`, `regelstz`, `login_part`, `studip_studiengang`) VALUES ('Chemie180', 'Chemie180', 'Chemie', 'GA', 'H', '', '82', '832', 106, 6, 'Ch', '');
INSERT INTO `his_abstgv` (`ktxt`, `dtxt`, `ltxt`, `fb`, `kzfa`, `kzfaarray`, `abschl`, `stg`, `pversion`, `regelstz`, `login_part`, `studip_studiengang`) VALUES ('DSprLit90', 'Deut.SpracheLiteratur90', 'Deutsche Sprache und Literatur', 'DB', 'K', '', '83', '967', 106, 6, 'Ph', '');
INSERT INTO `his_abstgv` (`ktxt`, `dtxt`, `ltxt`, `fb`, `kzfa`, `kzfaarray`, `abschl`, `stg`, `pversion`, `regelstz`, `login_part`, `studip_studiengang`) VALUES ('Ethnolo60', 'Ethnologie60', 'Ethnologie', 'CG', 'N', '', '83', '573', 106, 6, 'Ph', '');
INSERT INTO `his_abstgv` (`ktxt`, `dtxt`, `ltxt`, `fb`, `kzfa`, `kzfaarray`, `abschl`, `stg`, `pversion`, `regelstz`, `login_part`, `studip_studiengang`) VALUES ('Ethnolo90', 'Ethnologie90', 'Ethnologie', 'CG', 'K', '', '83', '973', 106, 6, 'Ph', '');
INSERT INTO `his_abstgv` (`ktxt`, `dtxt`, `ltxt`, `fb`, `kzfa`, `kzfaarray`, `abschl`, `stg`, `pversion`, `regelstz`, `login_part`, `studip_studiengang`) VALUES ('Geogra60', 'Geographie60', 'Geographie', 'HB', 'N', '', '83', '550', 106, 6, 'Ge', '');
INSERT INTO `his_abstgv` (`ktxt`, `dtxt`, `ltxt`, `fb`, `kzfa`, `kzfaarray`, `abschl`, `stg`, `pversion`, `regelstz`, `login_part`, `studip_studiengang`) VALUES ('Geogra120', 'Geographie120', 'Geographie', 'HB', 'S', '', '83', '250', 106, 6, 'Ge', '');
INSERT INTO `his_abstgv` (`ktxt`, `dtxt`, `ltxt`, `fb`, `kzfa`, `kzfaarray`, `abschl`, `stg`, `pversion`, `regelstz`, `login_part`, `studip_studiengang`) VALUES ('Geogra180', 'Geographie180', 'Geographie', 'HB', 'H', '', '82', '850', 106, 6, 'Ge', '');
INSERT INTO `his_abstgv` (`ktxt`, `dtxt`, `ltxt`, `fb`, `kzfa`, `kzfaarray`, `abschl`, `stg`, `pversion`, `regelstz`, `login_part`, `studip_studiengang`) VALUES ('Gesch60', 'Geschichte60', 'Geschichte', 'CB', 'N', '', '83', '568', 106, 6, 'Ph', '');
INSERT INTO `his_abstgv` (`ktxt`, `dtxt`, `ltxt`, `fb`, `kzfa`, `kzfaarray`, `abschl`, `stg`, `pversion`, `regelstz`, `login_part`, `studip_studiengang`) VALUES ('Gesch90', 'Geschichte90', 'Geschichte', 'CB', 'K', '', '83', '968', 106, 6, 'Ph', '');
INSERT INTO `his_abstgv` (`ktxt`, `dtxt`, `ltxt`, `fb`, `kzfa`, `kzfaarray`, `abschl`, `stg`, `pversion`, `regelstz`, `login_part`, `studip_studiengang`) VALUES ('Slavistik', 'Slavistik', 'Slavistik', 'DF', 'N', 'HHN', '02', '146', 9999, 9, 'Ph', '');
INSERT INTO `his_abstgv` (`ktxt`, `dtxt`, `ltxt`, `fb`, `kzfa`, `kzfaarray`, `abschl`, `stg`, `pversion`, `regelstz`, `login_part`, `studip_studiengang`) VALUES ('Soziologie', 'Soziologie', 'Soziologie', 'CH', 'N', 'HHN', '02', '149', 9999, 9, 'Ph', '');
INSERT INTO `his_abstgv` (`ktxt`, `dtxt`, `ltxt`, `fb`, `kzfa`, `kzfaarray`, `abschl`, `stg`, `pversion`, `regelstz`, `login_part`, `studip_studiengang`) VALUES ('Sprachwiss', 'Sprachwissenschaft', 'Sprachwissenschaft', 'CD', 'N', 'HHN', '02', '152', 9999, 9, 'Ph', '');
INSERT INTO `his_abstgv` (`ktxt`, `dtxt`, `ltxt`, `fb`, `kzfa`, `kzfaarray`, `abschl`, `stg`, `pversion`, `regelstz`, `login_part`, `studip_studiengang`) VALUES ('Rehab.päda', 'Rehabilitationspädagogik', 'Rehabilitationspädagogik', 'EB', 'N', 'HHN', '02', '190', 9999, 9, 'Pä', '');
INSERT INTO `his_abstgv` (`ktxt`, `dtxt`, `ltxt`, `fb`, `kzfa`, `kzfaarray`, `abschl`, `stg`, `pversion`, `regelstz`, `login_part`, `studip_studiengang`) VALUES ('Politikwis', 'Politikwissenschaft', 'Politikwissenschaft', 'CE', 'N', 'HHN', '02', '300', 9999, 9, 'Ph', '');
INSERT INTO `his_abstgv` (`ktxt`, `dtxt`, `ltxt`, `fb`, `kzfa`, `kzfaarray`, `abschl`, `stg`, `pversion`, `regelstz`, `login_part`, `studip_studiengang`) VALUES ('Präh.Archä', 'Prähistor.Archäologie', 'Prähistorische Archäologie', 'CC', 'N', 'HHN', '02', '548', 9999, 9, 'Ph', '');
INSERT INTO `his_abstgv` (`ktxt`, `dtxt`, `ltxt`, `fb`, `kzfa`, `kzfaarray`, `abschl`, `stg`, `pversion`, `regelstz`, `login_part`, `studip_studiengang`) VALUES ('Germ.Sprac', 'Germanist.Sprachwissensch', 'Germanistische Sprachwissenschaft', 'DB', 'N', 'HHN', '02', '603', 9999, 9, 'Ph', '');
INSERT INTO `his_abstgv` (`ktxt`, `dtxt`, `ltxt`, `fb`, `kzfa`, `kzfaarray`, `abschl`, `stg`, `pversion`, `regelstz`, `login_part`, `studip_studiengang`) VALUES ('Germ.Liter', 'Germanist.Literaturwiss.', 'Germanistische Literaturwissenschaft', 'DB', 'N', 'HHN', '02', '604', 9999, 9, 'Ph', '');
INSERT INTO `his_abstgv` (`ktxt`, `dtxt`, `ltxt`, `fb`, `kzfa`, `kzfaarray`, `abschl`, `stg`, `pversion`, `regelstz`, `login_part`, `studip_studiengang`) VALUES ('Sprechwiss', 'Sprechwissenschaft', 'Sprechwissenschaft', 'DF', 'N', 'HHN', '02', '605', 9999, 9, 'Ph', '');
INSERT INTO `his_abstgv` (`ktxt`, `dtxt`, `ltxt`, `fb`, `kzfa`, `kzfaarray`, `abschl`, `stg`, `pversion`, `regelstz`, `login_part`, `studip_studiengang`) VALUES ('Semitistik', 'Semitistik', 'Semitistik', 'CD', 'N', 'HHN', '02', '609', 9999, 9, 'Ph', '');
INSERT INTO `his_abstgv` (`ktxt`, `dtxt`, `ltxt`, `fb`, `kzfa`, `kzfaarray`, `abschl`, `stg`, `pversion`, `regelstz`, `login_part`, `studip_studiengang`) VALUES ('Italianist', 'Italianistik', 'Italianistik', 'DE', 'N', 'HHN', '02', '610', 9999, 9, 'Ph', '');
INSERT INTO `his_abstgv` (`ktxt`, `dtxt`, `ltxt`, `fb`, `kzfa`, `kzfaarray`, `abschl`, `stg`, `pversion`, `regelstz`, `login_part`, `studip_studiengang`) VALUES ('Angl./Amer', 'Anglistik/Amerikanistik', 'Anglistik/Amerikanistik', 'DA', 'N', 'HHN', '02', '613', 9999, 9, 'Ph', '');
INSERT INTO `his_abstgv` (`ktxt`, `dtxt`, `ltxt`, `fb`, `kzfa`, `kzfaarray`, `abschl`, `stg`, `pversion`, `regelstz`, `login_part`, `studip_studiengang`) VALUES ('Galloroman', 'Galloromanistik', 'Galloromanistik', 'DE', 'N', 'HHN', '02', '614', 9999, 9, 'Ph', '');
INSERT INTO `his_abstgv` (`ktxt`, `dtxt`, `ltxt`, `fb`, `kzfa`, `kzfaarray`, `abschl`, `stg`, `pversion`, `regelstz`, `login_part`, `studip_studiengang`) VALUES ('Kunstgesch', 'Kunstgeschichte Byz.', 'Kunstgeschichte Byzantinistik', '63', 'N', 'HHN', '02', '624', 9999, 9, 'Ph', '');
INSERT INTO `his_abstgv` (`ktxt`, `dtxt`, `ltxt`, `fb`, `kzfa`, `kzfaarray`, `abschl`, `stg`, `pversion`, `regelstz`, `login_part`, `studip_studiengang`) VALUES ('Hispanisti', 'Hispanistik', 'Hispanistik', 'DE', 'N', 'HHN', '02', '615', 9999, 9, 'Ph', '');
INSERT INTO `his_abstgv` (`ktxt`, `dtxt`, `ltxt`, `fb`, `kzfa`, `kzfaarray`, `abschl`, `stg`, `pversion`, `regelstz`, `login_part`, `studip_studiengang`) VALUES ('Klass.Arch', 'Klassische Archäologie', 'Klassische Archäologie', 'CA', 'N', 'HHN', '02', '619', 9999, 9, 'Ph', '');
INSERT INTO `his_abstgv` (`ktxt`, `dtxt`, `ltxt`, `fb`, `kzfa`, `kzfaarray`, `abschl`, `stg`, `pversion`, `regelstz`, `login_part`, `studip_studiengang`) VALUES ('Mittellat.', 'Mittellatein.Philologie', 'Mittellateinische Philologie', 'CA', 'N', 'HHN', '02', '620', 9999, 9, 'Ph', '');
INSERT INTO `his_abstgv` (`ktxt`, `dtxt`, `ltxt`, `fb`, `kzfa`, `kzfaarray`, `abschl`, `stg`, `pversion`, `regelstz`, `login_part`, `studip_studiengang`) VALUES ('Or.Arch.u.', 'Oriental.Archäol.u.Kunst', 'Orientalische Archäologie und Kunst', 'CA', 'N', 'HHN', '02', '621', 9999, 9, 'Ph', '');
INSERT INTO `his_abstgv` (`ktxt`, `dtxt`, `ltxt`, `fb`, `kzfa`, `kzfaarray`, `abschl`, `stg`, `pversion`, `regelstz`, `login_part`, `studip_studiengang`) VALUES ('Sp/Lit Chr', 'Spr./Lit.d.Christl.Orient', 'Sprachen und Literaturen des Christlichen Orients', 'CD', 'N', 'HHN', '02', '623', 9999, 9, 'Ph', '');
INSERT INTO `his_abstgv` (`ktxt`, `dtxt`, `ltxt`, `fb`, `kzfa`, `kzfaarray`, `abschl`, `stg`, `pversion`, `regelstz`, `login_part`, `studip_studiengang`) VALUES ('Latein.Phi', 'Lateinische Philologie', 'Lateinische Philologie', 'CA', 'N', 'HHN', '02', '644', 9999, 9, 'Ph', '');
INSERT INTO `his_abstgv` (`ktxt`, `dtxt`, `ltxt`, `fb`, `kzfa`, `kzfaarray`, `abschl`, `stg`, `pversion`, `regelstz`, `login_part`, `studip_studiengang`) VALUES ('Griech.Phi', 'Griechische Philologie', 'Griechische Philologie', 'CA', 'N', 'HHN', '02', '645', 9999, 9, 'Ph', '');
INSERT INTO `his_abstgv` (`ktxt`, `dtxt`, `ltxt`, `fb`, `kzfa`, `kzfaarray`, `abschl`, `stg`, `pversion`, `regelstz`, `login_part`, `studip_studiengang`) VALUES ('Alte Gesch', 'Alte Geschichte', 'Alte Geschichte', 'CB', 'N', 'HHN', '02', '651', 9999, 9, 'Ph', '');
INSERT INTO `his_abstgv` (`ktxt`, `dtxt`, `ltxt`, `fb`, `kzfa`, `kzfaarray`, `abschl`, `stg`, `pversion`, `regelstz`, `login_part`, `studip_studiengang`) VALUES ('Sp/Kult.n.', 'Spr./Kult.d.neuz.Südasien', 'Sprachen und Kulturen des neuzeitlichen Südasien', 'CD', 'N', 'HHN', '02', '690', 9999, 9, 'Ph', '');
INSERT INTO `his_abstgv` (`ktxt`, `dtxt`, `ltxt`, `fb`, `kzfa`, `kzfaarray`, `abschl`, `stg`, `pversion`, `regelstz`, `login_part`, `studip_studiengang`) VALUES ('Int.Wissen', 'Interkult.Wissenskommunik', 'Interkulturelle Wissenskommunikation', 'DC', 'N', 'HHN', '02', '693', 9999, 9, 'Ph', '');
INSERT INTO `his_abstgv` (`ktxt`, `dtxt`, `ltxt`, `fb`, `kzfa`, `kzfaarray`, `abschl`, `stg`, `pversion`, `regelstz`, `login_part`, `studip_studiengang`) VALUES ('ChrArch/By', 'Chr.Arch./Byz.Kunstgesch.', 'Christl. Archäologie u. Byzantin. Kunstgeschichte', 'CC', 'N', 'HHN', '02', '698', 9999, 9, 'Ph', '');
INSERT INTO `his_abstgv` (`ktxt`, `dtxt`, `ltxt`, `fb`, `kzfa`, `kzfaarray`, `abschl`, `stg`, `pversion`, `regelstz`, `login_part`, `studip_studiengang`) VALUES ('Ethnologie', 'Ethnologie', 'Ethnologie', 'CG', 'N', 'HHN', '02', '173', 9999, 9, 'Ph', '');
INSERT INTO `his_abstgv` (`ktxt`, `dtxt`, `ltxt`, `fb`, `kzfa`, `kzfaarray`, `abschl`, `stg`, `pversion`, `regelstz`, `login_part`, `studip_studiengang`) VALUES ('Ik.EAs./US', 'Interk.Eur.Am.st./USA', 'Interkult. Europa- und Amerikastudien / USA', 'DA', 'K', 'SSK', '82', '711', 9999, 6, 'Ph', '');
INSERT INTO `his_abstgv` (`ktxt`, `dtxt`, `ltxt`, `fb`, `kzfa`, `kzfaarray`, `abschl`, `stg`, `pversion`, `regelstz`, `login_part`, `studip_studiengang`) VALUES ('Ik.EAs./Gr', 'Interk.Eur.Am.st./Gr.Brit', 'Interkult. Europa- und Amerikastudien / Gr.Brit.', 'DA', 'K', 'SSK', '82', '712', 9999, 6, 'Ph', '');
INSERT INTO `his_abstgv` (`ktxt`, `dtxt`, `ltxt`, `fb`, `kzfa`, `kzfaarray`, `abschl`, `stg`, `pversion`, `regelstz`, `login_part`, `studip_studiengang`) VALUES ('Ik.EAs./Fr', 'Interk.Eur.Am.st./Frankr.', 'Interkult. Europa- und Amerikastudien / Frankr.', 'DE', 'K', 'SSK', '82', '713', 9999, 6, 'Ph', '');
INSERT INTO `his_abstgv` (`ktxt`, `dtxt`, `ltxt`, `fb`, `kzfa`, `kzfaarray`, `abschl`, `stg`, `pversion`, `regelstz`, `login_part`, `studip_studiengang`) VALUES ('Ik.EAs./Ru', 'Interk.Eur.Am.st./Russl.', 'Interkult. Europa- und Amerikastudien / Russland', 'DF', 'K', 'SSK', '82', '714', 9999, 6, 'Ph', '');
INSERT INTO `his_abstgv` (`ktxt`, `dtxt`, `ltxt`, `fb`, `kzfa`, `kzfaarray`, `abschl`, `stg`, `pversion`, `regelstz`, `login_part`, `studip_studiengang`) VALUES ('Ik.EAs./US', 'Interk.Eur.Am.st./USA', 'Interkult. Europa- und Amerikastudien / USA', 'DA', 'K', 'SSK', '88', '711', 2001, 4, 'Ph', '');
INSERT INTO `his_abstgv` (`ktxt`, `dtxt`, `ltxt`, `fb`, `kzfa`, `kzfaarray`, `abschl`, `stg`, `pversion`, `regelstz`, `login_part`, `studip_studiengang`) VALUES ('Ik.EAs./Gr', 'Interk.Eur.Am.st./Gr.Brit', 'Interkult. Europa- und Amerikastudien / Gr.Brit.', 'DA', 'K', 'SSK', '88', '712', 2001, 4, 'Ph', '');
INSERT INTO `his_abstgv` (`ktxt`, `dtxt`, `ltxt`, `fb`, `kzfa`, `kzfaarray`, `abschl`, `stg`, `pversion`, `regelstz`, `login_part`, `studip_studiengang`) VALUES ('Ik.EAs./Fr', 'Interk.Eur.Am.st./Frankr.', 'Interkult. Europa- und Amerikastudien / Frankr.', 'DE', 'K', 'SSK', '88', '713', 2001, 4, 'Ph', '');
INSERT INTO `his_abstgv` (`ktxt`, `dtxt`, `ltxt`, `fb`, `kzfa`, `kzfaarray`, `abschl`, `stg`, `pversion`, `regelstz`, `login_part`, `studip_studiengang`) VALUES ('Ik.EAs./Ru', 'Interk.Eur.Am.st./Russl.', 'Interkult. Europa- und Amerikastudien / Russland', 'DF', 'K', 'SSK', '88', '714', 2001, 4, 'Ph', '');
INSERT INTO `his_abstgv` (`ktxt`, `dtxt`, `ltxt`, `fb`, `kzfa`, `kzfaarray`, `abschl`, `stg`, `pversion`, `regelstz`, `login_part`, `studip_studiengang`) VALUES ('Ik.EAs./US', 'Interk.Eur.Am.st./USA', 'Interkult. Europa- und Amerikastudien / USA', 'DA', 'K', 'SSK', '97', '711', 9999, 0, 'Ph', '');
INSERT INTO `his_abstgv` (`ktxt`, `dtxt`, `ltxt`, `fb`, `kzfa`, `kzfaarray`, `abschl`, `stg`, `pversion`, `regelstz`, `login_part`, `studip_studiengang`) VALUES ('Ik.EAs./Gr', 'Interk.Eur.Am.st./Gr.Brit', 'Interkult. Europa- und Amerikastudien / Gr.Brit.', 'DA', 'K', 'SSK', '97', '712', 9999, 0, 'Ph', '');
INSERT INTO `his_abstgv` (`ktxt`, `dtxt`, `ltxt`, `fb`, `kzfa`, `kzfaarray`, `abschl`, `stg`, `pversion`, `regelstz`, `login_part`, `studip_studiengang`) VALUES ('Ik.EAs./Fr', 'Interk.Eur.Am.st./Frankr.', 'Interkult. Europa- und Amerikastudien / Frankr.', 'DE', 'K', 'SSK', '97', '713', 9999, 0, 'Ph', '');
INSERT INTO `his_abstgv` (`ktxt`, `dtxt`, `ltxt`, `fb`, `kzfa`, `kzfaarray`, `abschl`, `stg`, `pversion`, `regelstz`, `login_part`, `studip_studiengang`) VALUES ('Ik.EAs./Ru', 'Interk.Eur.Am.st./Russl.', 'Interkult. Europa- und Amerikastudien / Russland', 'DF', 'K', 'SSK', '97', '714', 9999, 0, 'Ph', '');
INSERT INTO `his_abstgv` (`ktxt`, `dtxt`, `ltxt`, `fb`, `kzfa`, `kzfaarray`, `abschl`, `stg`, `pversion`, `regelstz`, `login_part`, `studip_studiengang`) VALUES ('Int.Fi.Man', 'Inter.Finanzmanagement', 'Internationales Finanzmanagement', 'BB', 'H', 'H', '88', '728', 2003, 4, 'Wi', '');
INSERT INTO `his_abstgv` (`ktxt`, `dtxt`, `ltxt`, `fb`, `kzfa`, `kzfaarray`, `abschl`, `stg`, `pversion`, `regelstz`, `login_part`, `studip_studiengang`) VALUES ('Gesch120', 'Geschichte120', 'Geschichte', 'CB', 'S', '', '83', '268', 106, 6, 'Ph', '');
INSERT INTO `his_abstgv` (`ktxt`, `dtxt`, `ltxt`, `fb`, `kzfa`, `kzfaarray`, `abschl`, `stg`, `pversion`, `regelstz`, `login_part`, `studip_studiengang`) VALUES ('AAAMA45', 'Angew.Amerik./Angli.MA45', 'Angewandte Amerikanistik und Anglistik (AAA)', 'DA', 'N', '', '89', '406', 107, 4, 'Ph', '');
INSERT INTO `his_abstgv` (`ktxt`, `dtxt`, `ltxt`, `fb`, `kzfa`, `kzfaarray`, `abschl`, `stg`, `pversion`, `regelstz`, `login_part`, `studip_studiengang`) VALUES ('Indolog90', 'Indologie90', 'Indologie (Kultur- und Geistesgeschichte des Vormodernen Indien)', 'CA', 'K', '', '83', '978', 106, 6, 'Ph', '');
INSERT INTO `his_abstgv` (`ktxt`, `dtxt`, `ltxt`, `fb`, `kzfa`, `kzfaarray`, `abschl`, `stg`, `pversion`, `regelstz`, `login_part`, `studip_studiengang`) VALUES ('Inform180', 'Informatik180', 'Informatik', 'HC', 'H', 'H', '82', '879', 106, 6, 'Ma', '');
INSERT INTO `his_abstgv` (`ktxt`, `dtxt`, `ltxt`, `fb`, `kzfa`, `kzfaarray`, `abschl`, `stg`, `pversion`, `regelstz`, `login_part`, `studip_studiengang`) VALUES ('Japano60', 'Japanologie60', 'Japanologie', 'CE', 'N', '', '83', '585', 106, 6, 'Ph', '');
INSERT INTO `his_abstgv` (`ktxt`, `dtxt`, `ltxt`, `fb`, `kzfa`, `kzfaarray`, `abschl`, `stg`, `pversion`, `regelstz`, `login_part`, `studip_studiengang`) VALUES ('Japano90', 'Japanologie90', 'Japanologie', 'CE', 'K', '', '83', '985', 106, 6, 'Ph', '');
INSERT INTO `his_abstgv` (`ktxt`, `dtxt`, `ltxt`, `fb`, `kzfa`, `kzfaarray`, `abschl`, `stg`, `pversion`, `regelstz`, `login_part`, `studip_studiengang`) VALUES ('Kunstge60', 'Kunstgeschichte60', 'Kunstgeschichte', 'CC', 'N', '', '83', '592', 106, 6, 'Ph', '');
INSERT INTO `his_abstgv` (`ktxt`, `dtxt`, `ltxt`, `fb`, `kzfa`, `kzfaarray`, `abschl`, `stg`, `pversion`, `regelstz`, `login_part`, `studip_studiengang`) VALUES ('Kunstge90', 'Kunstgeschichte90', 'Kunstgeschichte', 'CC', 'K', '', '83', '992', 106, 6, 'Ph', '');
INSERT INTO `his_abstgv` (`ktxt`, `dtxt`, `ltxt`, `fb`, `kzfa`, `kzfaarray`, `abschl`, `stg`, `pversion`, `regelstz`, `login_part`, `studip_studiengang`) VALUES ('Kunstge120', 'Kunstgeschichte120', 'Kunstgeschichte', 'CC', 'S', '', '83', '292', 106, 6, 'Ph', '');
INSERT INTO `his_abstgv` (`ktxt`, `dtxt`, `ltxt`, `fb`, `kzfa`, `kzfaarray`, `abschl`, `stg`, `pversion`, `regelstz`, `login_part`, `studip_studiengang`) VALUES ('LateinEU90', 'Latein Europas90', 'Latein Europas', 'CA', 'K', '', '83', '995', 107, 6, 'Ph', '');
INSERT INTO `his_abstgv` (`ktxt`, `dtxt`, `ltxt`, `fb`, `kzfa`, `kzfaarray`, `abschl`, `stg`, `pversion`, `regelstz`, `login_part`, `studip_studiengang`) VALUES ('Mathe180', 'Mathematik180', 'Mathematik mit Anwendungsfach', 'HD', 'H', '', '82', '805', 106, 6, 'Ma', '');
INSERT INTO `his_abstgv` (`ktxt`, `dtxt`, `ltxt`, `fb`, `kzfa`, `kzfaarray`, `abschl`, `stg`, `pversion`, `regelstz`, `login_part`, `studip_studiengang`) VALUES ('Med.Phy180', 'Medizinische Physik180', 'Medizinische Physik', 'GB', 'H', '', '82', '884', 106, 6, 'Ch', '');
INSERT INTO `his_abstgv` (`ktxt`, `dtxt`, `ltxt`, `fb`, `kzfa`, `kzfaarray`, `abschl`, `stg`, `pversion`, `regelstz`, `login_part`, `studip_studiengang`) VALUES ('Philo60', 'Philosophie60', 'Philosophie', 'CG', 'N', '', '83', '527', 106, 6, 'Ph', '');
INSERT INTO `his_abstgv` (`ktxt`, `dtxt`, `ltxt`, `fb`, `kzfa`, `kzfaarray`, `abschl`, `stg`, `pversion`, `regelstz`, `login_part`, `studip_studiengang`) VALUES ('Philo90', 'Philosophie90', 'Philosophie', 'CG', 'K', '', '83', '927', 106, 6, 'Ph', '');
INSERT INTO `his_abstgv` (`ktxt`, `dtxt`, `ltxt`, `fb`, `kzfa`, `kzfaarray`, `abschl`, `stg`, `pversion`, `regelstz`, `login_part`, `studip_studiengang`) VALUES ('Physik180', 'Physik180', 'Physik', 'GB', 'H', '', '82', '828', 106, 6, 'Ch', '');
INSERT INTO `his_abstgv` (`ktxt`, `dtxt`, `ltxt`, `fb`, `kzfa`, `kzfaarray`, `abschl`, `stg`, `pversion`, `regelstz`, `login_part`, `studip_studiengang`) VALUES ('Politikw60', 'Politikwissenschaft60', 'Politikwissenschaft', 'CE', 'N', '', '83', '500', 106, 6, 'Ph', '');
INSERT INTO `his_abstgv` (`ktxt`, `dtxt`, `ltxt`, `fb`, `kzfa`, `kzfaarray`, `abschl`, `stg`, `pversion`, `regelstz`, `login_part`, `studip_studiengang`) VALUES ('Politikw90', 'Politikwissenschaft90', 'Politikwissenschaft', 'CE', 'K', '', '83', '900', 106, 6, 'Ph', '');
INSERT INTO `his_abstgv` (`ktxt`, `dtxt`, `ltxt`, `fb`, `kzfa`, `kzfaarray`, `abschl`, `stg`, `pversion`, `regelstz`, `login_part`, `studip_studiengang`) VALUES ('Politik120', 'Politikwissenschaft120', 'Politikwissenschaft', 'CE', 'S', '', '83', '200', 106, 6, 'Ph', '');
INSERT INTO `his_abstgv` (`ktxt`, `dtxt`, `ltxt`, `fb`, `kzfa`, `kzfaarray`, `abschl`, `stg`, `pversion`, `regelstz`, `login_part`, `studip_studiengang`) VALUES ('Psycho60', 'Psychologie60', 'Psychologie', 'CF', 'N', '', '83', '531', 107, 6, 'Ph', '');
INSERT INTO `his_abstgv` (`ktxt`, `dtxt`, `ltxt`, `fb`, `kzfa`, `kzfaarray`, `abschl`, `stg`, `pversion`, `regelstz`, `login_part`, `studip_studiengang`) VALUES ('Psycho180', 'Psychologie180', 'Psychologie', 'CF', 'H', '', '82', '831', 106, 6, 'Ph', '');
INSERT INTO `his_abstgv` (`ktxt`, `dtxt`, `ltxt`, `fb`, `kzfa`, `kzfaarray`, `abschl`, `stg`, `pversion`, `regelstz`, `login_part`, `studip_studiengang`) VALUES ('Soziolo60', 'Soziologie60', 'Soziologie', 'CH', 'N', '', '83', '549', 106, 6, 'Ph', '');
INSERT INTO `his_abstgv` (`ktxt`, `dtxt`, `ltxt`, `fb`, `kzfa`, `kzfaarray`, `abschl`, `stg`, `pversion`, `regelstz`, `login_part`, `studip_studiengang`) VALUES ('Soziolo90', 'Soziologie90', 'Soziologie', 'CH', 'K', '', '83', '949', 106, 6, 'Ph', '');
INSERT INTO `his_abstgv` (`ktxt`, `dtxt`, `ltxt`, `fb`, `kzfa`, `kzfaarray`, `abschl`, `stg`, `pversion`, `regelstz`, `login_part`, `studip_studiengang`) VALUES ('Soziolo120', 'Soziologie120', 'Soziologie', 'CH', 'S', '', '83', '249', 106, 6, 'Ph', '');
INSERT INTO `his_abstgv` (`ktxt`, `dtxt`, `ltxt`, `fb`, `kzfa`, `kzfaarray`, `abschl`, `stg`, `pversion`, `regelstz`, `login_part`, `studip_studiengang`) VALUES ('Sportwi60', 'Sportwissenschaft60', 'Sportwissenschaft', 'DC', 'N', '', '83', '598', 106, 6, 'Ph', '');
INSERT INTO `his_abstgv` (`ktxt`, `dtxt`, `ltxt`, `fb`, `kzfa`, `kzfaarray`, `abschl`, `stg`, `pversion`, `regelstz`, `login_part`, `studip_studiengang`) VALUES ('Sportwi90', 'Sportwissenschaft90', 'Sportwissenschaft', 'DC', 'K', '', '83', '998', 106, 6, 'Ph', '');
INSERT INTO `his_abstgv` (`ktxt`, `dtxt`, `ltxt`, `fb`, `kzfa`, `kzfaarray`, `abschl`, `stg`, `pversion`, `regelstz`, `login_part`, `studip_studiengang`) VALUES ('Sportwi120', 'Sportwissenschaft120', 'Sportwissenschaft', 'DC', 'S', '', '83', '298', 106, 6, 'Ph', '');
INSERT INTO `his_abstgv` (`ktxt`, `dtxt`, `ltxt`, `fb`, `kzfa`, `kzfaarray`, `abschl`, `stg`, `pversion`, `regelstz`, `login_part`, `studip_studiengang`) VALUES ('MRessou180', 'Management nat.Ressour180', 'Management natürlicher Ressourcen', 'HA', 'H', '', '82', '893', 106, 6, 'Ag', '');
INSERT INTO `his_abstgv` (`ktxt`, `dtxt`, `ltxt`, `fb`, `kzfa`, `kzfaarray`, `abschl`, `stg`, `pversion`, `regelstz`, `login_part`, `studip_studiengang`) VALUES ('WirInfo60', 'Wirtschaftsinformatik60', 'Grundlagen Wirtschaftsinformatik (Fundamentals Business Information Systems)', 'BB', 'N', '', '83', '572', 106, 6, 'Wi', '');
INSERT INTO `his_abstgv` (`ktxt`, `dtxt`, `ltxt`, `fb`, `kzfa`, `kzfaarray`, `abschl`, `stg`, `pversion`, `regelstz`, `login_part`, `studip_studiengang`) VALUES ('WirInfo120', 'Wirtschaftsinformatik120', 'Kernfach Wirtschaftsinformatik  (Core Subject Business Information Systems)', 'BB', 'S', '', '83', '272', 106, 6, 'Wi', '');
INSERT INTO `his_abstgv` (`ktxt`, `dtxt`, `ltxt`, `fb`, `kzfa`, `kzfaarray`, `abschl`, `stg`, `pversion`, `regelstz`, `login_part`, `studip_studiengang`) VALUES ('WirInfo180', 'Wirtschaftsinformatik180', 'Wirtschaftsinformatik (Business Information Systems)', 'BB', 'H', '', '82', '872', 106, 6, 'Wi', '');
INSERT INTO `his_abstgv` (`ktxt`, `dtxt`, `ltxt`, `fb`, `kzfa`, `kzfaarray`, `abschl`, `stg`, `pversion`, `regelstz`, `login_part`, `studip_studiengang`) VALUES ('SAKunde90', 'Südasienkunde90', 'Südasienkunde (South Asian Studies)', 'CD', 'K', '', '83', '936', 106, 6, 'Ph', '');
INSERT INTO `his_abstgv` (`ktxt`, `dtxt`, `ltxt`, `fb`, `kzfa`, `kzfaarray`, `abschl`, `stg`, `pversion`, `regelstz`, `login_part`, `studip_studiengang`) VALUES ('WirtMat180', 'Wirtschaftsmathematik180', 'Wirtschaftsmathematik', 'HD', 'H', '', '82', '876', 106, 6, 'Ma', '');
INSERT INTO `his_abstgv` (`ktxt`, `dtxt`, `ltxt`, `fb`, `kzfa`, `kzfaarray`, `abschl`, `stg`, `pversion`, `regelstz`, `login_part`, `studip_studiengang`) VALUES ('WissChOr60', 'WissChristOrient60', 'Wissenschaft vom Christlichen Orient', 'CD', 'N', '', '83', '522', 106, 6, 'Ph', '');
INSERT INTO `his_abstgv` (`ktxt`, `dtxt`, `ltxt`, `fb`, `kzfa`, `kzfaarray`, `abschl`, `stg`, `pversion`, `regelstz`, `login_part`, `studip_studiengang`) VALUES ('WissChOr90', 'WissChristOrient90', 'Wissenschaft vom Christlichen Orient', 'CD', 'K', '', '83', '922', 106, 6, 'Ph', '');
INSERT INTO `his_abstgv` (`ktxt`, `dtxt`, `ltxt`, `fb`, `kzfa`, `kzfaarray`, `abschl`, `stg`, `pversion`, `regelstz`, `login_part`, `studip_studiengang`) VALUES ('ArchKu60', 'Archäol Kunst Orient60', 'Archäologie und Kunstgeschichte des vorislamischen Orients', 'CA', 'N', '', '83', '512', 106, 6, 'Ph', '');
INSERT INTO `his_abstgv` (`ktxt`, `dtxt`, `ltxt`, `fb`, `kzfa`, `kzfaarray`, `abschl`, `stg`, `pversion`, `regelstz`, `login_part`, `studip_studiengang`) VALUES ('ArchKu90', 'Archäol Kunst Orient90', 'Archäologie und Kunstgeschichte des vorislamischen Orients', 'CA', 'K', '', '83', '912', 106, 6, 'Ph', '');
INSERT INTO `his_abstgv` (`ktxt`, `dtxt`, `ltxt`, `fb`, `kzfa`, `kzfaarray`, `abschl`, `stg`, `pversion`, `regelstz`, `login_part`, `studip_studiengang`) VALUES ('ArchäoEU90', 'Archäologien EU90', 'Archäologien Europas', 'CC', 'K', '', '83', '913', 106, 6, 'Ph', '');
INSERT INTO `his_abstgv` (`ktxt`, `dtxt`, `ltxt`, `fb`, `kzfa`, `kzfaarray`, `abschl`, `stg`, `pversion`, `regelstz`, `login_part`, `studip_studiengang`) VALUES ('BLIK90', 'Beruforient.Linguistik90', 'Berufsorientierte Linguistik im interkulturellen Kontext (BLIK)', 'CD', 'K', '', '83', '952', 106, 6, 'Ph', '');
INSERT INTO `his_abstgv` (`ktxt`, `dtxt`, `ltxt`, `fb`, `kzfa`, `kzfaarray`, `abschl`, `stg`, `pversion`, `regelstz`, `login_part`, `studip_studiengang`) VALUES ('IntSüdas60', 'InterkulturelleSüdasien60', 'Interkulturelle Südasienkunde', 'CD', 'N', '', '83', '536', 106, 6, 'Ph', '');
INSERT INTO `his_abstgv` (`ktxt`, `dtxt`, `ltxt`, `fb`, `kzfa`, `kzfaarray`, `abschl`, `stg`, `pversion`, `regelstz`, `login_part`, `studip_studiengang`) VALUES ('JüdiSt60', 'Judaistik/Jüdische Stud60', 'Judaistik/Jüdische Studien', 'CD', 'N', '', '83', '574', 106, 6, 'Ph', '');
INSERT INTO `his_abstgv` (`ktxt`, `dtxt`, `ltxt`, `fb`, `kzfa`, `kzfaarray`, `abschl`, `stg`, `pversion`, `regelstz`, `login_part`, `studip_studiengang`) VALUES ('JüdiSt90', 'Judaistik/Jüdische Stud90', 'Judaistik/Jüdische Studien', 'CD', 'K', '', '83', '974', 106, 6, 'Ph', '');
INSERT INTO `his_abstgv` (`ktxt`, `dtxt`, `ltxt`, `fb`, `kzfa`, `kzfaarray`, `abschl`, `stg`, `pversion`, `regelstz`, `login_part`, `studip_studiengang`) VALUES ('KAArcGes90', 'K.Altertum/Archäologie90', 'Klassisches Altertum/Klassische Archäologie', 'CA', 'K', '', '83', '924', 106, 6, 'Ph', '');
INSERT INTO `his_abstgv` (`ktxt`, `dtxt`, `ltxt`, `fb`, `kzfa`, `kzfaarray`, `abschl`, `stg`, `pversion`, `regelstz`, `login_part`, `studip_studiengang`) VALUES ('KlasAlt120', 'Klassisches Altertum120', 'Klassisches Altertum', 'CA', 'S', '', '83', '224', 106, 6, 'Ph', '');
INSERT INTO `his_abstgv` (`ktxt`, `dtxt`, `ltxt`, `fb`, `kzfa`, `kzfaarray`, `abschl`, `stg`, `pversion`, `regelstz`, `login_part`, `studip_studiengang`) VALUES ('KlasAlt180', 'Klassisches Altertum180', 'Klassisches Altertum', 'CA', 'H', '', '82', '824', 106, 6, 'Ph', '');
INSERT INTO `his_abstgv` (`ktxt`, `dtxt`, `ltxt`, `fb`, `kzfa`, `kzfaarray`, `abschl`, `stg`, `pversion`, `regelstz`, `login_part`, `studip_studiengang`) VALUES ('KAAltGes90', 'K.Altertum/AlteGeschich90', 'Klassisches Altertum/Alte Geschichte', 'CA', 'K', '', '83', '923', 106, 6, 'Ph', '');
INSERT INTO `his_abstgv` (`ktxt`, `dtxt`, `ltxt`, `fb`, `kzfa`, `kzfaarray`, `abschl`, `stg`, `pversion`, `regelstz`, `login_part`, `studip_studiengang`) VALUES ('Sprechw180', 'Sprechwissenschaft180', 'Sprechwissenschaft', 'DF', 'H', '', '82', '806', 106, 6, 'Ph', '');
INSERT INTO `his_abstgv` (`ktxt`, `dtxt`, `ltxt`, `fb`, `kzfa`, `kzfaarray`, `abschl`, `stg`, `pversion`, `regelstz`, `login_part`, `studip_studiengang`) VALUES ('RelOrien90', 'Religionsges d.Orients90', 'Religionsgeschichte des Orients', 'CD', 'K', '', '83', '940', 106, 6, 'Ph', '');
INSERT INTO `his_abstgv` (`ktxt`, `dtxt`, `ltxt`, `fb`, `kzfa`, `kzfaarray`, `abschl`, `stg`, `pversion`, `regelstz`, `login_part`, `studip_studiengang`) VALUES ('Agrarwisse', 'Agrarwissenschaft', 'Agrarwissenschaft', 'HA', 'H', 'H', '11', '003', 2005, 9, 'Ag', '');
INSERT INTO `his_abstgv` (`ktxt`, `dtxt`, `ltxt`, `fb`, `kzfa`, `kzfaarray`, `abschl`, `stg`, `pversion`, `regelstz`, `login_part`, `studip_studiengang`) VALUES ('Bio-Inform', 'Bioinformatik', 'Bioinformatik', 'HC', 'H', 'H', '11', '685', 2003, 9, 'Ma', '');
INSERT INTO `his_abstgv` (`ktxt`, `dtxt`, `ltxt`, `fb`, `kzfa`, `kzfaarray`, `abschl`, `stg`, `pversion`, `regelstz`, `login_part`, `studip_studiengang`) VALUES ('WirtWiss60', 'Wirtschaftswiss60', 'Grundlagen Wirtschaftswissenschaften (Fundamental Economics and Management)', 'BB', 'N', '', '83', '584', 106, 6, 'Wi', '');
INSERT INTO `his_abstgv` (`ktxt`, `dtxt`, `ltxt`, `fb`, `kzfa`, `kzfaarray`, `abschl`, `stg`, `pversion`, `regelstz`, `login_part`, `studip_studiengang`) VALUES ('WirtWis120', 'Wirtschaftswiss120', 'Wirtschaftswissenschaften (Economics and Management)', 'BB', 'S', '', '83', '284', 106, 6, 'Wi', '');
INSERT INTO `his_abstgv` (`ktxt`, `dtxt`, `ltxt`, `fb`, `kzfa`, `kzfaarray`, `abschl`, `stg`, `pversion`, `regelstz`, `login_part`, `studip_studiengang`) VALUES ('KAGräzis90', 'K.Altertum/Gräzistik90', 'Klassisches Altertum/Gräzistik', 'CA', 'K', '', '83', '925', 106, 6, 'Ph', '');
INSERT INTO `his_abstgv` (`ktxt`, `dtxt`, `ltxt`, `fb`, `kzfa`, `kzfaarray`, `abschl`, `stg`, `pversion`, `regelstz`, `login_part`, `studip_studiengang`) VALUES ('KALatini90', 'K.Altertum/Latinistik90', 'Klassisches Altertum/Latinistik', 'CA', 'K', '', '83', '926', 106, 6, 'Ph', '');
INSERT INTO `his_abstgv` (`ktxt`, `dtxt`, `ltxt`, `fb`, `kzfa`, `kzfaarray`, `abschl`, `stg`, `pversion`, `regelstz`, `login_part`, `studip_studiengang`) VALUES ('PoliSoz180', 'Politikwiss.Soziologie180', 'Politikwissenschaft - Soziologie', 'CE', 'H', '', '82', '800', 106, 6, 'Ph', '');
INSERT INTO `his_abstgv` (`ktxt`, `dtxt`, `ltxt`, `fb`, `kzfa`, `kzfaarray`, `abschl`, `stg`, `pversion`, `regelstz`, `login_part`, `studip_studiengang`) VALUES ('Rechtswiss', 'Rechtswissenschaft', 'Rechtswissenschaft', 'BA', 'H', 'H', '08', '135', 1111, 9, 'Ju', '');
INSERT INTO `his_abstgv` (`ktxt`, `dtxt`, `ltxt`, `fb`, `kzfa`, `kzfaarray`, `abschl`, `stg`, `pversion`, `regelstz`, `login_part`, `studip_studiengang`) VALUES ('BWL180', 'BWL (Business Studies)180', 'Betriebswirtschaftslehre (Business Studies)', 'BB', 'H', '', '82', '820', 106, 6, 'Wi', '');
INSERT INTO `his_abstgv` (`ktxt`, `dtxt`, `ltxt`, `fb`, `kzfa`, `kzfaarray`, `abschl`, `stg`, `pversion`, `regelstz`, `login_part`, `studip_studiengang`) VALUES ('VWL180', 'VWL (Economics)180', 'Volkswirtschaftslehre (Economics)', 'BB', 'H', '', '82', '874', 106, 6, 'Wi', '');
INSERT INTO `his_abstgv` (`ktxt`, `dtxt`, `ltxt`, `fb`, `kzfa`, `kzfaarray`, `abschl`, `stg`, `pversion`, `regelstz`, `login_part`, `studip_studiengang`) VALUES ('Busines180', 'Business Studies(Int.)180', 'Business Studies (International)', 'BB', 'H', '', '82', '821', 2003, 6, 'Wi', '');
INSERT INTO `his_abstgv` (`ktxt`, `dtxt`, `ltxt`, `fb`, `kzfa`, `kzfaarray`, `abschl`, `stg`, `pversion`, `regelstz`, `login_part`, `studip_studiengang`) VALUES ('Economi180', 'Economics(Int.)180', 'Economics (International)', 'BB', 'H', '', '82', '875', 2003, 6, 'Wi', '');
INSERT INTO `his_abstgv` (`ktxt`, `dtxt`, `ltxt`, `fb`, `kzfa`, `kzfaarray`, `abschl`, `stg`, `pversion`, `regelstz`, `login_part`, `studip_studiengang`) VALUES ('AlteWelt90', 'Alte Welt90', 'Alte Welt', 'CD', 'K', '', '83', '953', 106, 6, 'Ph', '');
INSERT INTO `his_abstgv` (`ktxt`, `dtxt`, `ltxt`, `fb`, `kzfa`, `kzfaarray`, `abschl`, `stg`, `pversion`, `regelstz`, `login_part`, `studip_studiengang`) VALUES ('BWLMA120', 'BWL (Business Stud.)MA120', 'Betriebswirtschaftslehre (Business Studies)', 'BB', 'H', '', '88', '731', 106, 4, 'Wi', '');
INSERT INTO `his_abstgv` (`ktxt`, `dtxt`, `ltxt`, `fb`, `kzfa`, `kzfaarray`, `abschl`, `stg`, `pversion`, `regelstz`, `login_part`, `studip_studiengang`) VALUES ('AcTaxMA120', 'Accounting&TaxationMA120', 'Accounting and Taxation', 'BB', 'H', '', '88', '730', 106, 4, 'Wi', '');
INSERT INTO `his_abstgv` (`ktxt`, `dtxt`, `ltxt`, `fb`, `kzfa`, `kzfaarray`, `abschl`, `stg`, `pversion`, `regelstz`, `login_part`, `studip_studiengang`) VALUES ('HRManMA120', 'HumanRes.ManagementMA120', 'Human Resource Management', 'BB', 'H', '', '88', '729', 106, 4, 'Wi', '');
INSERT INTO `his_abstgv` (`ktxt`, `dtxt`, `ltxt`, `fb`, `kzfa`, `kzfaarray`, `abschl`, `stg`, `pversion`, `regelstz`, `login_part`, `studip_studiengang`) VALUES ('WiInfMA120', 'WirtschaftsinformatMA120', 'Wirtschaftsinformatik (Business Information Systems)', 'BB', 'H', '', '88', '777', 106, 4, 'Wi', '');
INSERT INTO `his_abstgv` (`ktxt`, `dtxt`, `ltxt`, `fb`, `kzfa`, `kzfaarray`, `abschl`, `stg`, `pversion`, `regelstz`, `login_part`, `studip_studiengang`) VALUES ('VWLMA120', 'VWL (Economics)MA120', 'Volkswirtschaftslehre (Economics)', 'BB', 'H', '', '88', '776', 106, 4, 'Wi', '');
INSERT INTO `his_abstgv` (`ktxt`, `dtxt`, `ltxt`, `fb`, `kzfa`, `kzfaarray`, `abschl`, `stg`, `pversion`, `regelstz`, `login_part`, `studip_studiengang`) VALUES ('Gesang', 'Gesang', 'Gesang', 'DD', 'H', 'H', '11', '679', 9999, 8, 'Ph', '');
INSERT INTO `his_abstgv` (`ktxt`, `dtxt`, `ltxt`, `fb`, `kzfa`, `kzfaarray`, `abschl`, `stg`, `pversion`, `regelstz`, `login_part`, `studip_studiengang`) VALUES ('DSLitMA120', 'DeutSpracheLiteraturMA120', 'Deutsche Sprache und Literatur', 'DB', 'H', '', '88', '767', 106, 4, 'Ph', '');
INSERT INTO `his_abstgv` (`ktxt`, `dtxt`, `ltxt`, `fb`, `kzfa`, `kzfaarray`, `abschl`, `stg`, `pversion`, `regelstz`, `login_part`, `studip_studiengang`) VALUES ('Astronomie', 'Astronomie', 'Astronomie', 'GB', 'H', 'HHN', '26', '014', 9999, 2, 'Ch', '');
INSERT INTO `his_abstgv` (`ktxt`, `dtxt`, `ltxt`, `fb`, `kzfa`, `kzfaarray`, `abschl`, `stg`, `pversion`, `regelstz`, `login_part`, `studip_studiengang`) VALUES ('Kathol.Rel', 'Kathol. Theol, -Religio', 'Katholische Thoelogie, -Religionslehre', 'ED', 'H', 'H', '26', '086', 9999, 8, 'Ph', '');
INSERT INTO `his_abstgv` (`ktxt`, `dtxt`, `ltxt`, `fb`, `kzfa`, `kzfaarray`, `abschl`, `stg`, `pversion`, `regelstz`, `login_part`, `studip_studiengang`) VALUES ('Russistik', 'Russistik', 'Russistik', 'DF', 'N', 'N', '02', '642', 9999, 9, 'Ph', '');
INSERT INTO `his_abstgv` (`ktxt`, `dtxt`, `ltxt`, `fb`, `kzfa`, `kzfaarray`, `abschl`, `stg`, `pversion`, `regelstz`, `login_part`, `studip_studiengang`) VALUES ('Islamwisse', 'Islamwissenschaft', 'Islamwissenschaft', 'CD', 'N', 'HHN', '02', '083', 9999, 9, 'Ph', '');
INSERT INTO `his_abstgv` (`ktxt`, `dtxt`, `ltxt`, `fb`, `kzfa`, `kzfaarray`, `abschl`, `stg`, `pversion`, `regelstz`, `login_part`, `studip_studiengang`) VALUES ('Ernährungs', 'Ernährungswissenschaft', 'Ernährungswissenschaft', 'HA', 'H', 'H', '11', '320', 2000, 9, 'Ag', '');
INSERT INTO `his_abstgv` (`ktxt`, `dtxt`, `ltxt`, `fb`, `kzfa`, `kzfaarray`, `abschl`, `stg`, `pversion`, `regelstz`, `login_part`, `studip_studiengang`) VALUES ('Biochemie', 'Biochemie', 'Biochemie', 'FA', 'H', 'H', '11', '025', 2005, 10, 'BC', '');
INSERT INTO `his_abstgv` (`ktxt`, `dtxt`, `ltxt`, `fb`, `kzfa`, `kzfaarray`, `abschl`, `stg`, `pversion`, `regelstz`, `login_part`, `studip_studiengang`) VALUES ('Geographie', 'Geographie', 'Geographie', 'HB', 'H', 'H', '11', '050', 1996, 9, 'Ge', '');
INSERT INTO `his_abstgv` (`ktxt`, `dtxt`, `ltxt`, `fb`, `kzfa`, `kzfaarray`, `abschl`, `stg`, `pversion`, `regelstz`, `login_part`, `studip_studiengang`) VALUES ('Geologie/P', 'Geologie/Paläontologie', 'Geologie/Paläontologie', 'HB', 'H', 'H', '11', '302', 1997, 9, 'Ge', '');
INSERT INTO `his_abstgv` (`ktxt`, `dtxt`, `ltxt`, `fb`, `kzfa`, `kzfaarray`, `abschl`, `stg`, `pversion`, `regelstz`, `login_part`, `studip_studiengang`) VALUES ('Business S', 'Business Studies', 'Betriebswirtschaftslehre Business Studies', 'BB', 'H', 'H', '82', '821', 9999, 6, 'Wi', '');
INSERT INTO `his_abstgv` (`ktxt`, `dtxt`, `ltxt`, `fb`, `kzfa`, `kzfaarray`, `abschl`, `stg`, `pversion`, `regelstz`, `login_part`, `studip_studiengang`) VALUES ('Economics', 'Economics', 'Economics (International)', 'BB', 'H', 'H', '82', '875', 9999, 6, 'Wi', '');
INSERT INTO `his_abstgv` (`ktxt`, `dtxt`, `ltxt`, `fb`, `kzfa`, `kzfaarray`, `abschl`, `stg`, `pversion`, `regelstz`, `login_part`, `studip_studiengang`) VALUES ('Physik', 'Physik', 'Physik', 'GB', 'H', 'H', '11', '128', 9999, 10, 'Ch', '');
INSERT INTO `his_abstgv` (`ktxt`, `dtxt`, `ltxt`, `fb`, `kzfa`, `kzfaarray`, `abschl`, `stg`, `pversion`, `regelstz`, `login_part`, `studip_studiengang`) VALUES ('Med. Phys', 'Medizinische Physik', 'Medizinische Physik', 'GB', 'H', 'H', '11', '684', 9999, 10, 'Ch', '');
INSERT INTO `his_abstgv` (`ktxt`, `dtxt`, `ltxt`, `fb`, `kzfa`, `kzfaarray`, `abschl`, `stg`, `pversion`, `regelstz`, `login_part`, `studip_studiengang`) VALUES ('Arabistik', 'Arabistik', 'Arabistik', 'CD', 'N', 'HHN', '02', '010', 9999, 9, 'Ph', '');
INSERT INTO `his_abstgv` (`ktxt`, `dtxt`, `ltxt`, `fb`, `kzfa`, `kzfaarray`, `abschl`, `stg`, `pversion`, `regelstz`, `login_part`, `studip_studiengang`) VALUES ('MatheMA120', 'MathematikMA120', 'Mathematik', 'HD', 'H', '', '88', '705', 106, 4, 'Ma', '');
INSERT INTO `his_abstgv` (`ktxt`, `dtxt`, `ltxt`, `fb`, `kzfa`, `kzfaarray`, `abschl`, `stg`, `pversion`, `regelstz`, `login_part`, `studip_studiengang`) VALUES ('WirMaMA120', 'WirtschaftsmatheMA120', 'Wirtschaftsmathematik', 'HD', 'H', '', '88', '778', 106, 4, 'Ma', '');
INSERT INTO `his_abstgv` (`ktxt`, `dtxt`, `ltxt`, `fb`, `kzfa`, `kzfaarray`, `abschl`, `stg`, `pversion`, `regelstz`, `login_part`, `studip_studiengang`) VALUES ('InforMA120', 'InformatikMA120', 'Informatik', 'HC', 'H', '', '88', '779', 106, 4, 'Ma', '');
INSERT INTO `his_abstgv` (`ktxt`, `dtxt`, `ltxt`, `fb`, `kzfa`, `kzfaarray`, `abschl`, `stg`, `pversion`, `regelstz`, `login_part`, `studip_studiengang`) VALUES ('ChemMA120', 'ChemieMA120', 'Chemie', 'GA', 'H', 'H', '88', '732', 106, 4, 'Ch', '');
INSERT INTO `his_abstgv` (`ktxt`, `dtxt`, `ltxt`, `fb`, `kzfa`, `kzfaarray`, `abschl`, `stg`, `pversion`, `regelstz`, `login_part`, `studip_studiengang`) VALUES ('GeowiMA120', 'Angew. Geowissensch.MA120', 'Angewandte Geowissenschaften (Applied Geosciences)', 'HB', 'H', 'H', '88', '739', 106, 3, 'Ge', '');
INSERT INTO `his_abstgv` (`ktxt`, `dtxt`, `ltxt`, `fb`, `kzfa`, `kzfaarray`, `abschl`, `stg`, `pversion`, `regelstz`, `login_part`, `studip_studiengang`) VALUES ('WirreMA120', 'WirtschaftsrechtMA60', 'Wirtschaftsrecht', 'BA', 'H', 'H', '88', '742', 106, 2, 'Ju', '');
INSERT INTO `his_abstgv` (`ktxt`, `dtxt`, `ltxt`, `fb`, `kzfa`, `kzfaarray`, `abschl`, `stg`, `pversion`, `regelstz`, `login_part`, `studip_studiengang`) VALUES ('DenkmMA120', 'DenkmalpflegeMA120', 'Denkmalpflege', 'CC', 'H', 'H', '88', '703', 106, 4, 'Ph', '');
INSERT INTO `his_abstgv` (`ktxt`, `dtxt`, `ltxt`, `fb`, `kzfa`, `kzfaarray`, `abschl`, `stg`, `pversion`, `regelstz`, `login_part`, `studip_studiengang`) VALUES ('AAAMA75', 'Angew.Amerik./Angli.MA75', 'Angewandte Amerikanistik und Anglistik (AAA)', 'DA', 'S', '', '89', '306', 107, 4, 'Ph', '');
INSERT INTO `his_abstgv` (`ktxt`, `dtxt`, `ltxt`, `fb`, `kzfa`, `kzfaarray`, `abschl`, `stg`, `pversion`, `regelstz`, `login_part`, `studip_studiengang`) VALUES ('ASQ-Ber.', 'ASQ90/120/180', 'Alle Bachelor (90/120/180)', 'QD', '', '', '82', '000', 0, 0, '', '');
INSERT INTO `his_abstgv` (`ktxt`, `dtxt`, `ltxt`, `fb`, `kzfa`, `kzfaarray`, `abschl`, `stg`, `pversion`, `regelstz`, `login_part`, `studip_studiengang`) VALUES ('IKFD120', 'IKEASFraDeu120', 'Interkulturelle Europa- und Amerikastudien Frankreich / Deutschland', 'DE', 'S', '', '83', '2F1', 107, 6, 'Ph', '');
INSERT INTO `his_abstgv` (`ktxt`, `dtxt`, `ltxt`, `fb`, `kzfa`, `kzfaarray`, `abschl`, `stg`, `pversion`, `regelstz`, `login_part`, `studip_studiengang`) VALUES ('IKFG120', 'IKEASFraGro120', 'Interkulturelle Europa- und Amerikastudien Frankreich / Großbritannien', 'DE', 'S', '', '83', '2F2', 107, 6, 'Ph', '');
INSERT INTO `his_abstgv` (`ktxt`, `dtxt`, `ltxt`, `fb`, `kzfa`, `kzfaarray`, `abschl`, `stg`, `pversion`, `regelstz`, `login_part`, `studip_studiengang`) VALUES ('IKFI120', 'IKEASFraIta120', 'Interkulturelle Europa- und Amerikastudien Frankreich / Italien', 'DE', 'S', '', '83', '2F3', 107, 6, 'Ph', '');
INSERT INTO `his_abstgv` (`ktxt`, `dtxt`, `ltxt`, `fb`, `kzfa`, `kzfaarray`, `abschl`, `stg`, `pversion`, `regelstz`, `login_part`, `studip_studiengang`) VALUES ('MM&AMA120', 'MultiMedia & AutorMA120', 'MultiMedia & Autorschaft', 'DC', 'H', 'H', '88', '727', 107, 4, 'Ph', '');
INSERT INTO `his_abstgv` (`ktxt`, `dtxt`, `ltxt`, `fb`, `kzfa`, `kzfaarray`, `abschl`, `stg`, `pversion`, `regelstz`, `login_part`, `studip_studiengang`) VALUES ('Angl/Am60', 'Anglistik/Amerikan.60', 'Anglistik und Amerikanistik', 'DA', 'N', '', '83', '506', 107, 6, 'Ph', '');
INSERT INTO `his_abstgv` (`ktxt`, `dtxt`, `ltxt`, `fb`, `kzfa`, `kzfaarray`, `abschl`, `stg`, `pversion`, `regelstz`, `login_part`, `studip_studiengang`) VALUES ('Angl/Am90', 'Anglistik/Amerikan.90', 'Anglistik und Amerikanistik', 'DA', 'K', '', '83', '906', 107, 6, 'Ph', '');
INSERT INTO `his_abstgv` (`ktxt`, `dtxt`, `ltxt`, `fb`, `kzfa`, `kzfaarray`, `abschl`, `stg`, `pversion`, `regelstz`, `login_part`, `studip_studiengang`) VALUES ('Angl/Am120', 'Anglistik/Amerikan.120', 'Anglistik und Amerikanistik', 'DA', 'S', '', '83', '206', 107, 6, 'Ph', '');
INSERT INTO `his_abstgv` (`ktxt`, `dtxt`, `ltxt`, `fb`, `kzfa`, `kzfaarray`, `abschl`, `stg`, `pversion`, `regelstz`, `login_part`, `studip_studiengang`) VALUES ('ArchäoEU60', 'Archäologien EU60', 'Archäologien Europas', 'CC', 'N', '', '83', '513', 107, 6, 'Ph', '');
INSERT INTO `his_abstgv` (`ktxt`, `dtxt`, `ltxt`, `fb`, `kzfa`, `kzfaarray`, `abschl`, `stg`, `pversion`, `regelstz`, `login_part`, `studip_studiengang`) VALUES ('Biolog180', 'Biologie180', 'Biologie', 'FB', 'H', '', '82', '826', 107, 6, 'Bi', '');
INSERT INTO `his_abstgv` (`ktxt`, `dtxt`, `ltxt`, `fb`, `kzfa`, `kzfaarray`, `abschl`, `stg`, `pversion`, `regelstz`, `login_part`, `studip_studiengang`) VALUES ('Bioch180', 'Biochemie180', 'Biochemie', 'FA', 'H', '', '82', '825', 107, 6, 'BC', '');
INSERT INTO `his_abstgv` (`ktxt`, `dtxt`, `ltxt`, `fb`, `kzfa`, `kzfaarray`, `abschl`, `stg`, `pversion`, `regelstz`, `login_part`, `studip_studiengang`) VALUES ('Bio-Inf180', 'Bioinformatik180', 'Bioinformatik', 'HC', 'H', '', '82', '885', 107, 6, 'Ma', '');
INSERT INTO `his_abstgv` (`ktxt`, `dtxt`, `ltxt`, `fb`, `kzfa`, `kzfaarray`, `abschl`, `stg`, `pversion`, `regelstz`, `login_part`, `studip_studiengang`) VALUES ('BioInMA120', 'BioinformatikMA120', 'Bioinformatik', 'HC', 'H', '', '88', '785', 107, 4, 'Ma', '');
INSERT INTO `his_abstgv` (`ktxt`, `dtxt`, `ltxt`, `fb`, `kzfa`, `kzfaarray`, `abschl`, `stg`, `pversion`, `regelstz`, `login_part`, `studip_studiengang`) VALUES ('BusEcon180', 'BusinessEconomics180', 'Business Econimics', 'BB', 'H', '', '82', '822', 107, 6, 'Wi', '');
INSERT INTO `his_abstgv` (`ktxt`, `dtxt`, `ltxt`, `fb`, `kzfa`, `kzfaarray`, `abschl`, `stg`, `pversion`, `regelstz`, `login_part`, `studip_studiengang`) VALUES ('DSprLit60', 'Deut.SpracheLiteratur60', 'Deutsche Sprache und Literatur', 'DB', 'N', '', '83', '567', 107, 6, 'Ph', '');
INSERT INTO `his_abstgv` (`ktxt`, `dtxt`, `ltxt`, `fb`, `kzfa`, `kzfaarray`, `abschl`, `stg`, `pversion`, `regelstz`, `login_part`, `studip_studiengang`) VALUES ('DLiKuMA45', 'Deut.LiteraturKulturMA45', 'Deutsche Literatur und Kultur', 'DB', 'N', '', '89', '467', 107, 4, 'Ph', '');
INSERT INTO `his_abstgv` (`ktxt`, `dtxt`, `ltxt`, `fb`, `kzfa`, `kzfaarray`, `abschl`, `stg`, `pversion`, `regelstz`, `login_part`, `studip_studiengang`) VALUES ('DLiKuMA75', 'Deut.LiteraturKulturMA75', 'Deutsche Literatur und Kultur', 'DB', 'S', '', '89', '367', 107, 4, 'Ph', '');
INSERT INTO `his_abstgv` (`ktxt`, `dtxt`, `ltxt`, `fb`, `kzfa`, `kzfaarray`, `abschl`, `stg`, `pversion`, `regelstz`, `login_part`, `studip_studiengang`) VALUES ('Ernähr180', 'Ernährungswissenschaft180', 'Ernährungswissenschaften', 'HA', 'H', '', '82', '819', 107, 6, 'Ag', '');
INSERT INTO `his_abstgv` (`ktxt`, `dtxt`, `ltxt`, `fb`, `kzfa`, `kzfaarray`, `abschl`, `stg`, `pversion`, `regelstz`, `login_part`, `studip_studiengang`) VALUES ('Erziehu180', 'Erziehungswissenschaft180', 'Erziehungswissenschaft', 'EA', 'H', '', '82', '854', 107, 6, 'Pä', '');
INSERT INTO `his_abstgv` (`ktxt`, `dtxt`, `ltxt`, `fb`, `kzfa`, `kzfaarray`, `abschl`, `stg`, `pversion`, `regelstz`, `login_part`, `studip_studiengang`) VALUES ('Erziehu90', 'Erziehungswissenschaft90', 'Erziehungswissenschaft', 'EA', 'K', '', '83', '954', 107, 6, 'Pä', '');
INSERT INTO `his_abstgv` (`ktxt`, `dtxt`, `ltxt`, `fb`, `kzfa`, `kzfaarray`, `abschl`, `stg`, `pversion`, `regelstz`, `login_part`, `studip_studiengang`) VALUES ('EvTheol60', 'EvangelischeTheologie60', 'Evangelische Theologie', 'A', 'N', '', '83', '555', 107, 6, 'Th', '');
INSERT INTO `his_abstgv` (`ktxt`, `dtxt`, `ltxt`, `fb`, `kzfa`, `kzfaarray`, `abschl`, `stg`, `pversion`, `regelstz`, `login_part`, `studip_studiengang`) VALUES ('EvTheol90', 'EvangelischeTheologie90', 'Evangelische Theologie', 'A', 'K', '', '83', '955', 107, 6, 'Th', '');
INSERT INTO `his_abstgv` (`ktxt`, `dtxt`, `ltxt`, `fb`, `kzfa`, `kzfaarray`, `abschl`, `stg`, `pversion`, `regelstz`, `login_part`, `studip_studiengang`) VALUES ('EvTheol120', 'EvangelischeTheologie120', 'Evangelische Theologie', 'A', 'S', '', '83', '255', 107, 6, 'Th', '');
INSERT INTO `his_abstgv` (`ktxt`, `dtxt`, `ltxt`, `fb`, `kzfa`, `kzfaarray`, `abschl`, `stg`, `pversion`, `regelstz`, `login_part`, `studip_studiengang`) VALUES ('DaFMA45', 'Deut.alsFremdspr.MA45', 'Deutsch als Fremdsprache (DaF)', 'DB', 'N', '', '89', '469', 107, 4, 'Ph', '');
INSERT INTO `his_abstgv` (`ktxt`, `dtxt`, `ltxt`, `fb`, `kzfa`, `kzfaarray`, `abschl`, `stg`, `pversion`, `regelstz`, `login_part`, `studip_studiengang`) VALUES ('DaFMA75', 'Deut.alsFremdspr.MA75', 'Deutsch als Fremdsprache (DaF)', 'DB', 'S', '', '89', '369', 107, 4, 'Ph', '');
INSERT INTO `his_abstgv` (`ktxt`, `dtxt`, `ltxt`, `fb`, `kzfa`, `kzfaarray`, `abschl`, `stg`, `pversion`, `regelstz`, `login_part`, `studip_studiengang`) VALUES ('Romanis120', 'Romanistik120', 'Romanistik (zwei Sprachdomänen)', 'DE', 'S', '', '83', '237', 107, 6, 'Ph', '');
INSERT INTO `his_abstgv` (`ktxt`, `dtxt`, `ltxt`, `fb`, `kzfa`, `kzfaarray`, `abschl`, `stg`, `pversion`, `regelstz`, `login_part`, `studip_studiengang`) VALUES ('Romanis180', 'Romanistik180', 'Romanistik (drei Sprachdomänen)', 'DE', 'H', '', '82', '837', 107, 6, 'Ph', '');
INSERT INTO `his_abstgv` (`ktxt`, `dtxt`, `ltxt`, `fb`, `kzfa`, `kzfaarray`, `abschl`, `stg`, `pversion`, `regelstz`, `login_part`, `studip_studiengang`) VALUES ('Frankoro90', 'Frankoromanistik90', 'Frankoromanistik', 'DE', 'K', '', '83', '937', 107, 6, 'Ph', '');
INSERT INTO `his_abstgv` (`ktxt`, `dtxt`, `ltxt`, `fb`, `kzfa`, `kzfaarray`, `abschl`, `stg`, `pversion`, `regelstz`, `login_part`, `studip_studiengang`) VALUES ('Hispani90', 'Hispanistik90', 'Hispanistik', 'DE', 'K', '', '83', '915', 107, 6, 'Ph', '');
INSERT INTO `his_abstgv` (`ktxt`, `dtxt`, `ltxt`, `fb`, `kzfa`, `kzfaarray`, `abschl`, `stg`, `pversion`, `regelstz`, `login_part`, `studip_studiengang`) VALUES ('Italiani60', 'Italianistik60', 'Italianistik', 'DE', 'N', '', '83', '511', 107, 6, 'Ph', '');
INSERT INTO `his_abstgv` (`ktxt`, `dtxt`, `ltxt`, `fb`, `kzfa`, `kzfaarray`, `abschl`, `stg`, `pversion`, `regelstz`, `login_part`, `studip_studiengang`) VALUES ('Italiani90', 'Italianistik90', 'Italianistik', 'DE', 'K', '', '83', '911', 107, 6, 'Ph', '');
INSERT INTO `his_abstgv` (`ktxt`, `dtxt`, `ltxt`, `fb`, `kzfa`, `kzfaarray`, `abschl`, `stg`, `pversion`, `regelstz`, `login_part`, `studip_studiengang`) VALUES ('Gesang180', 'Gesang u.Gesangsspäd180', 'Gesang und Gesangspädagogik', 'DD', 'H', '', '82', '880', 107, 6, 'Ph', '');
INSERT INTO `his_abstgv` (`ktxt`, `dtxt`, `ltxt`, `fb`, `kzfa`, `kzfaarray`, `abschl`, `stg`, `pversion`, `regelstz`, `login_part`, `studip_studiengang`) VALUES ('GesanMA120', 'Gesang u.GesangsspädMA180', 'Gesang und Gesangspädagogik', 'DD', 'H', '', '88', '780', 107, 4, 'Ph', '');
INSERT INTO `his_abstgv` (`ktxt`, `dtxt`, `ltxt`, `fb`, `kzfa`, `kzfaarray`, `abschl`, `stg`, `pversion`, `regelstz`, `login_part`, `studip_studiengang`) VALUES ('GeschMA120', 'GeschichteMA120', 'Geschichte', 'CB', 'H', '', '88', '768', 107, 6, 'Ph', '');
INSERT INTO `his_abstgv` (`ktxt`, `dtxt`, `ltxt`, `fb`, `kzfa`, `kzfaarray`, `abschl`, `stg`, `pversion`, `regelstz`, `login_part`, `studip_studiengang`) VALUES ('JapanoMA45', 'JapanologieMA45', 'Japanologie', 'CE', 'N', '', '89', '485', 107, 4, 'Ph', '');
INSERT INTO `his_abstgv` (`ktxt`, `dtxt`, `ltxt`, `fb`, `kzfa`, `kzfaarray`, `abschl`, `stg`, `pversion`, `regelstz`, `login_part`, `studip_studiengang`) VALUES ('JapanoMA75', 'JapanologieMA75', 'Japanologie', 'CE', 'S', '', '89', '385', 107, 4, 'Ph', '');
INSERT INTO `his_abstgv` (`ktxt`, `dtxt`, `ltxt`, `fb`, `kzfa`, `kzfaarray`, `abschl`, `stg`, `pversion`, `regelstz`, `login_part`, `studip_studiengang`) VALUES ('Klavier180', 'Klavier u.Klavierpäd180', 'Klavier und Klavierpädagogik', 'DD', 'H', '', '82', '881', 107, 6, 'Ph', '');
INSERT INTO `his_abstgv` (`ktxt`, `dtxt`, `ltxt`, `fb`, `kzfa`, `kzfaarray`, `abschl`, `stg`, `pversion`, `regelstz`, `login_part`, `studip_studiengang`) VALUES ('KlaviMA120', 'Klavier u.KlavierpädMA120', 'Klavier und Klavierpädagogik', 'DD', 'H', '', '88', '781', 107, 4, 'Ph', '');
INSERT INTO `his_abstgv` (`ktxt`, `dtxt`, `ltxt`, `fb`, `kzfa`, `kzfaarray`, `abschl`, `stg`, `pversion`, `regelstz`, `login_part`, `studip_studiengang`) VALUES ('LifeSMA120', 'LifeScienceMA120', 'Life Science', 'FB', 'H', '', '88', '736', 107, 6, 'Bi', '');
INSERT INTO `his_abstgv` (`ktxt`, `dtxt`, `ltxt`, `fb`, `kzfa`, `kzfaarray`, `abschl`, `stg`, `pversion`, `regelstz`, `login_part`, `studip_studiengang`) VALUES ('Nahost120', 'Nahoststudien120', 'Nahoststudien', 'CD', 'S', '', '83', '210', 107, 6, 'Ph', '');
INSERT INTO `his_abstgv` (`ktxt`, `dtxt`, `ltxt`, `fb`, `kzfa`, `kzfaarray`, `abschl`, `stg`, `pversion`, `regelstz`, `login_part`, `studip_studiengang`) VALUES ('PflGe180', 'Pflege-u.Gesundheits180', 'Pflege- und Gesundheitswissenschaften', 'IA', 'H', '', '82', '887', 107, 8, 'Me', '');
INSERT INTO `his_abstgv` (`ktxt`, `dtxt`, `ltxt`, `fb`, `kzfa`, `kzfaarray`, `abschl`, `stg`, `pversion`, `regelstz`, `login_part`, `studip_studiengang`) VALUES ('PflGeMA120', 'Pflege-u.GesundheitsMA120', 'Pflege- und Gesundheitswissenschaften', 'IA', 'H', '', '88', '787', 107, 4, 'Me', '');
INSERT INTO `his_abstgv` (`ktxt`, `dtxt`, `ltxt`, `fb`, `kzfa`, `kzfaarray`, `abschl`, `stg`, `pversion`, `regelstz`, `login_part`, `studip_studiengang`) VALUES ('PolitMA120', 'PolitikwissenschaftMA120', 'Politikwissenschaft: Parlamentsfragen und Zivilgesellschaft', 'CE', 'H', '', '88', '733', 107, 6, 'Ph', '');
INSERT INTO `his_abstgv` (`ktxt`, `dtxt`, `ltxt`, `fb`, `kzfa`, `kzfaarray`, `abschl`, `stg`, `pversion`, `regelstz`, `login_part`, `studip_studiengang`) VALUES ('Polonis60', 'Polonistik60', 'Polonistik', 'DF', 'N', '', '83', '518', 107, 0, 'Ph', '');
INSERT INTO `his_abstgv` (`ktxt`, `dtxt`, `ltxt`, `fb`, `kzfa`, `kzfaarray`, `abschl`, `stg`, `pversion`, `regelstz`, `login_part`, `studip_studiengang`) VALUES ('Russist60', 'Russistik60', 'Russistik', 'DF', 'N', '', '83', '542', 107, 6, 'Ph', '');
INSERT INTO `his_abstgv` (`ktxt`, `dtxt`, `ltxt`, `fb`, `kzfa`, `kzfaarray`, `abschl`, `stg`, `pversion`, `regelstz`, `login_part`, `studip_studiengang`) VALUES ('Russist90', 'Russistik90', 'Russistik', 'DF', 'K', '', '83', '942', 107, 6, 'Ph', '');
INSERT INTO `his_abstgv` (`ktxt`, `dtxt`, `ltxt`, `fb`, `kzfa`, `kzfaarray`, `abschl`, `stg`, `pversion`, `regelstz`, `login_part`, `studip_studiengang`) VALUES ('SlavSpr120', 'SlavischeSprLitKult120', 'Slavische Sprachen, Literaturen und Kulturen (zwei Slavinen)', 'DF', 'S', '', '83', '247', 107, 6, 'Ph', '');
INSERT INTO `his_abstgv` (`ktxt`, `dtxt`, `ltxt`, `fb`, `kzfa`, `kzfaarray`, `abschl`, `stg`, `pversion`, `regelstz`, `login_part`, `studip_studiengang`) VALUES ('Südslav60', 'Südslavistik60', 'Südslavistik', 'DF', 'N', '', '83', '547', 107, 6, 'Ph', '');
INSERT INTO `his_abstgv` (`ktxt`, `dtxt`, `ltxt`, `fb`, `kzfa`, `kzfaarray`, `abschl`, `stg`, `pversion`, `regelstz`, `login_part`, `studip_studiengang`) VALUES ('IKFL120', 'IKEASFraLat120', 'Interkulturelle Europa- und Amerikastudien Frankreich / Lateinamerika', 'DE', 'S', '', '83', '2F4', 107, 6, 'Ph', '');
INSERT INTO `his_abstgv` (`ktxt`, `dtxt`, `ltxt`, `fb`, `kzfa`, `kzfaarray`, `abschl`, `stg`, `pversion`, `regelstz`, `login_part`, `studip_studiengang`) VALUES ('IKFP120', 'IKEASFraPol120', 'Interkulturelle Europa- und Amerikastudien Frankreich / Polen', 'DE', 'S', '', '83', '2F5', 107, 6, 'Ph', '');
INSERT INTO `his_abstgv` (`ktxt`, `dtxt`, `ltxt`, `fb`, `kzfa`, `kzfaarray`, `abschl`, `stg`, `pversion`, `regelstz`, `login_part`, `studip_studiengang`) VALUES ('IKFR120', 'IKEASFraRus120', 'Interkulturelle Europa- und Amerikastudien Frankreich / Russland', 'DE', 'S', '', '83', '2F6', 107, 6, 'Ph', '');
INSERT INTO `his_abstgv` (`ktxt`, `dtxt`, `ltxt`, `fb`, `kzfa`, `kzfaarray`, `abschl`, `stg`, `pversion`, `regelstz`, `login_part`, `studip_studiengang`) VALUES ('IKFS120', 'IKEASFraSüd120', 'Interkulturelle Europa- und Amerikastudien Frankreich / Südostasien', 'DE', 'S', '', '83', '2F7', 107, 6, 'Ph', '');
INSERT INTO `his_abstgv` (`ktxt`, `dtxt`, `ltxt`, `fb`, `kzfa`, `kzfaarray`, `abschl`, `stg`, `pversion`, `regelstz`, `login_part`, `studip_studiengang`) VALUES ('IKFU120', 'IKEASFraUSA120', 'Interkulturelle Europa- und Amerikastudien Frankreich / USA', 'DE', 'S', '', '83', '2F8', 107, 6, 'Ph', '');
INSERT INTO `his_abstgv` (`ktxt`, `dtxt`, `ltxt`, `fb`, `kzfa`, `kzfaarray`, `abschl`, `stg`, `pversion`, `regelstz`, `login_part`, `studip_studiengang`) VALUES ('IKGD120', 'IKEASGroDeu120', 'Interkulturelle Europa- und Amerikastudien Großbritannien / Deutschland', 'DA', 'S', '', '83', '2G1', 107, 6, 'Ph', '');
INSERT INTO `his_abstgv` (`ktxt`, `dtxt`, `ltxt`, `fb`, `kzfa`, `kzfaarray`, `abschl`, `stg`, `pversion`, `regelstz`, `login_part`, `studip_studiengang`) VALUES ('IKGF120', 'IKEASGroFra120', 'Interkulturelle Europa- und Amerikastudien Großbritannien / Frankreich', 'DA', 'S', '', '83', '2G2', 107, 6, 'Ph', '');
INSERT INTO `his_abstgv` (`ktxt`, `dtxt`, `ltxt`, `fb`, `kzfa`, `kzfaarray`, `abschl`, `stg`, `pversion`, `regelstz`, `login_part`, `studip_studiengang`) VALUES ('IKGI120', 'IKEASGroIta120', 'Interkulturelle Europa- und Amerikastudien Großbritannien / Italien', 'DA', 'S', '', '83', '2G3', 107, 6, 'Ph', '');
INSERT INTO `his_abstgv` (`ktxt`, `dtxt`, `ltxt`, `fb`, `kzfa`, `kzfaarray`, `abschl`, `stg`, `pversion`, `regelstz`, `login_part`, `studip_studiengang`) VALUES ('IKGL120', 'IKEASGroLat120', 'Interkulturelle Europa- und Amerikastudien Großbritannien / Lateinamerika', 'DA', 'S', '', '83', '2G4', 107, 6, 'Ph', '');
INSERT INTO `his_abstgv` (`ktxt`, `dtxt`, `ltxt`, `fb`, `kzfa`, `kzfaarray`, `abschl`, `stg`, `pversion`, `regelstz`, `login_part`, `studip_studiengang`) VALUES ('IKGP120', 'IKEASGroPol120', 'Interkulturelle Europa- und Amerikastudien Großbritannien / Polen', 'DA', 'S', '', '83', '2G5', 107, 6, 'Ph', '');
INSERT INTO `his_abstgv` (`ktxt`, `dtxt`, `ltxt`, `fb`, `kzfa`, `kzfaarray`, `abschl`, `stg`, `pversion`, `regelstz`, `login_part`, `studip_studiengang`) VALUES ('IKGR120', 'IKEASGroRus120', 'Interkulturelle Europa- und Amerikastudien Großbritannien / Russland', 'DA', 'S', '', '83', '2G6', 107, 6, 'Ph', '');
INSERT INTO `his_abstgv` (`ktxt`, `dtxt`, `ltxt`, `fb`, `kzfa`, `kzfaarray`, `abschl`, `stg`, `pversion`, `regelstz`, `login_part`, `studip_studiengang`) VALUES ('IKGS120', 'IKEASGroSüd120', 'Interkulturelle Europa- und Amerikastudien Großbritannien / Südostasien', 'DA', 'S', '', '83', '2G7', 107, 6, 'Ph', '');
INSERT INTO `his_abstgv` (`ktxt`, `dtxt`, `ltxt`, `fb`, `kzfa`, `kzfaarray`, `abschl`, `stg`, `pversion`, `regelstz`, `login_part`, `studip_studiengang`) VALUES ('IKRD120', 'IKEASRusDeu120', 'Interkulturelle Europa- und Amerikastudien Russland / Deutschland', 'DF', 'S', '', '83', '2R1', 107, 6, 'Ph', '');
INSERT INTO `his_abstgv` (`ktxt`, `dtxt`, `ltxt`, `fb`, `kzfa`, `kzfaarray`, `abschl`, `stg`, `pversion`, `regelstz`, `login_part`, `studip_studiengang`) VALUES ('IKRF120', 'IKEASRusFra120', 'Interkulturelle Europa- und Amerikastudien Russland / Frankreich', 'DF', 'S', '', '83', '2R2', 107, 6, 'Ph', '');
INSERT INTO `his_abstgv` (`ktxt`, `dtxt`, `ltxt`, `fb`, `kzfa`, `kzfaarray`, `abschl`, `stg`, `pversion`, `regelstz`, `login_part`, `studip_studiengang`) VALUES ('IKRG120', 'IKEASRusGro120', 'Interkulturelle Europa- und Amerikastudien Russland / Großbritannien', 'DF', 'S', '', '83', '2R3', 107, 6, 'Ph', '');
INSERT INTO `his_abstgv` (`ktxt`, `dtxt`, `ltxt`, `fb`, `kzfa`, `kzfaarray`, `abschl`, `stg`, `pversion`, `regelstz`, `login_part`, `studip_studiengang`) VALUES ('IKRI120', 'IKEASRusIta120', 'Interkulturelle Europa- und Amerikastudien Russland / Italien', 'DF', 'S', '', '83', '2R4', 107, 6, 'Ph', '');
INSERT INTO `his_abstgv` (`ktxt`, `dtxt`, `ltxt`, `fb`, `kzfa`, `kzfaarray`, `abschl`, `stg`, `pversion`, `regelstz`, `login_part`, `studip_studiengang`) VALUES ('IKRL120', 'IKEASRusLat120', 'Interkulturelle Europa- und Amerikastudien Russland / Lateinamerika', 'DF', 'S', '', '83', '2R5', 107, 6, 'Ph', '');
INSERT INTO `his_abstgv` (`ktxt`, `dtxt`, `ltxt`, `fb`, `kzfa`, `kzfaarray`, `abschl`, `stg`, `pversion`, `regelstz`, `login_part`, `studip_studiengang`) VALUES ('IKRP120', 'IKEASRusPol120', 'Interkulturelle Europa- und Amerikastudien Russland / Polen', 'DF', 'S', '', '83', '2R6', 107, 6, 'Ph', '');
INSERT INTO `his_abstgv` (`ktxt`, `dtxt`, `ltxt`, `fb`, `kzfa`, `kzfaarray`, `abschl`, `stg`, `pversion`, `regelstz`, `login_part`, `studip_studiengang`) VALUES ('IKRS120', 'IKEASRusSüd120', 'Interkulturelle Europa- und Amerikastudien Russland / Südostasien', 'DF', 'S', '', '83', '2R7', 107, 6, 'Ph', '');
INSERT INTO `his_abstgv` (`ktxt`, `dtxt`, `ltxt`, `fb`, `kzfa`, `kzfaarray`, `abschl`, `stg`, `pversion`, `regelstz`, `login_part`, `studip_studiengang`) VALUES ('IKRU120', 'IKEASRusUSA120', 'Interkulturelle Europa- und Amerikastudien Russland / USA', 'DF', 'S', '', '83', '2R8', 107, 6, 'Ph', '');
INSERT INTO `his_abstgv` (`ktxt`, `dtxt`, `ltxt`, `fb`, `kzfa`, `kzfaarray`, `abschl`, `stg`, `pversion`, `regelstz`, `login_part`, `studip_studiengang`) VALUES ('IKUD120', 'IKEASUSADeu120', 'Interkulturelle Europa- und Amerikastudien USA / Deutschland', 'DA', 'S', '', '83', '2U1', 107, 6, 'Ph', '');
INSERT INTO `his_abstgv` (`ktxt`, `dtxt`, `ltxt`, `fb`, `kzfa`, `kzfaarray`, `abschl`, `stg`, `pversion`, `regelstz`, `login_part`, `studip_studiengang`) VALUES ('IKUF120', 'IKEASUSAFra120', 'Interkulturelle Europa- und Amerikastudien USA / Frankreich', 'DA', 'S', '', '83', '2U2', 107, 6, 'Ph', '');
INSERT INTO `his_abstgv` (`ktxt`, `dtxt`, `ltxt`, `fb`, `kzfa`, `kzfaarray`, `abschl`, `stg`, `pversion`, `regelstz`, `login_part`, `studip_studiengang`) VALUES ('IKUI120', 'IKEASUSAIta120', 'Interkulturelle Europa- und Amerikastudien USA / Italien', 'DA', 'S', '', '83', '2U3', 107, 6, 'Ph', '');
INSERT INTO `his_abstgv` (`ktxt`, `dtxt`, `ltxt`, `fb`, `kzfa`, `kzfaarray`, `abschl`, `stg`, `pversion`, `regelstz`, `login_part`, `studip_studiengang`) VALUES ('IKUL120', 'IKEASUSALat120', 'Interkulturelle Europa- und Amerikastudien USA / Lateinamerika', 'DA', 'S', '', '83', '2U4', 107, 6, 'Ph', '');
INSERT INTO `his_abstgv` (`ktxt`, `dtxt`, `ltxt`, `fb`, `kzfa`, `kzfaarray`, `abschl`, `stg`, `pversion`, `regelstz`, `login_part`, `studip_studiengang`) VALUES ('IKUP120', 'IKEASUSAPol120', 'Interkulturelle Europa- und Amerikastudien USA / Polen', 'DA', 'S', '', '83', '2U5', 107, 6, 'Ph', '');
INSERT INTO `his_abstgv` (`ktxt`, `dtxt`, `ltxt`, `fb`, `kzfa`, `kzfaarray`, `abschl`, `stg`, `pversion`, `regelstz`, `login_part`, `studip_studiengang`) VALUES ('IKUR120', 'IKEASUSARus120', 'Interkulturelle Europa- und Amerikastudien USA / Russland', 'DA', 'S', '', '83', '2U6', 107, 6, 'Ph', '');
INSERT INTO `his_abstgv` (`ktxt`, `dtxt`, `ltxt`, `fb`, `kzfa`, `kzfaarray`, `abschl`, `stg`, `pversion`, `regelstz`, `login_part`, `studip_studiengang`) VALUES ('IKUS120', 'IKEASUSASüd120', 'Interkulturelle Europa- und Amerikastudien USA / Südostasien', 'DA', 'S', '', '83', '2U7', 107, 6, 'Ph', '');
INSERT INTO `his_abstgv` (`ktxt`, `dtxt`, `ltxt`, `fb`, `kzfa`, `kzfaarray`, `abschl`, `stg`, `pversion`, `regelstz`, `login_part`, `studip_studiengang`) VALUES ('IKFDMA120', 'IKEASFraDeuMA120', 'Interkulturelle Europa- und Amerikastudien Frankreich / Deutschland', 'DE', 'H', '', '88', '7F1', 107, 4, 'Ph', '');
INSERT INTO `his_abstgv` (`ktxt`, `dtxt`, `ltxt`, `fb`, `kzfa`, `kzfaarray`, `abschl`, `stg`, `pversion`, `regelstz`, `login_part`, `studip_studiengang`) VALUES ('IKFGMA120', 'IKEASFraGroMA120', 'Interkulturelle Europa- und Amerikastudien Frankreich / Großbritannien', 'DE', 'H', '', '88', '7F2', 107, 4, 'Ph', '');
INSERT INTO `his_abstgv` (`ktxt`, `dtxt`, `ltxt`, `fb`, `kzfa`, `kzfaarray`, `abschl`, `stg`, `pversion`, `regelstz`, `login_part`, `studip_studiengang`) VALUES ('IKFIMA120', 'IKEASFraItaMA120', 'Interkulturelle Europa- und Amerikastudien Frankreich / Italien', 'DE', 'H', '', '88', '7F3', 107, 4, 'Ph', '');
INSERT INTO `his_abstgv` (`ktxt`, `dtxt`, `ltxt`, `fb`, `kzfa`, `kzfaarray`, `abschl`, `stg`, `pversion`, `regelstz`, `login_part`, `studip_studiengang`) VALUES ('IKFLMA120', 'IKEASFraLatMA120', 'Interkulturelle Europa- und Amerikastudien Frankreich / Lateinamerika', 'DE', 'H', '', '88', '7F4', 107, 4, 'Ph', '');
INSERT INTO `his_abstgv` (`ktxt`, `dtxt`, `ltxt`, `fb`, `kzfa`, `kzfaarray`, `abschl`, `stg`, `pversion`, `regelstz`, `login_part`, `studip_studiengang`) VALUES ('IKFPMA120', 'IKEASFraPolMA120', 'Interkulturelle Europa- und Amerikastudien Frankreich / Polen', 'DE', 'H', '', '88', '7F5', 107, 4, 'Ph', '');
INSERT INTO `his_abstgv` (`ktxt`, `dtxt`, `ltxt`, `fb`, `kzfa`, `kzfaarray`, `abschl`, `stg`, `pversion`, `regelstz`, `login_part`, `studip_studiengang`) VALUES ('IKFRMA120', 'IKEASFraRusMA120', 'Interkulturelle Europa- und Amerikastudien Frankreich / Russland', 'DE', 'H', '', '88', '7F6', 107, 4, 'Ph', '');
INSERT INTO `his_abstgv` (`ktxt`, `dtxt`, `ltxt`, `fb`, `kzfa`, `kzfaarray`, `abschl`, `stg`, `pversion`, `regelstz`, `login_part`, `studip_studiengang`) VALUES ('IKFSMA120', 'IKEASFraSüdMA120', 'Interkulturelle Europa- und Amerikastudien Frankreich / Südostasien', 'DE', 'H', '', '88', '7F7', 107, 4, 'Ph', '');
INSERT INTO `his_abstgv` (`ktxt`, `dtxt`, `ltxt`, `fb`, `kzfa`, `kzfaarray`, `abschl`, `stg`, `pversion`, `regelstz`, `login_part`, `studip_studiengang`) VALUES ('IKFUMA120', 'IKEASFraUSAMA120', 'Interkulturelle Europa- und Amerikastudien Frankreich / USA', 'DE', 'H', '', '88', '7F8', 107, 4, 'Ph', '');
INSERT INTO `his_abstgv` (`ktxt`, `dtxt`, `ltxt`, `fb`, `kzfa`, `kzfaarray`, `abschl`, `stg`, `pversion`, `regelstz`, `login_part`, `studip_studiengang`) VALUES ('IKGDMA120', 'IKEASGroDeuMA120', 'Interkulturelle Europa- und Amerikastudien Großbritannien / Deutschland', 'DA', 'H', '', '88', '7G1', 107, 4, 'Ph', '');
INSERT INTO `his_abstgv` (`ktxt`, `dtxt`, `ltxt`, `fb`, `kzfa`, `kzfaarray`, `abschl`, `stg`, `pversion`, `regelstz`, `login_part`, `studip_studiengang`) VALUES ('IKGFMA120', 'IKEASGroFraMA120', 'Interkulturelle Europa- und Amerikastudien Großbritannien / Frankreich', 'DA', 'H', '', '88', '7G2', 107, 4, 'Ph', '');
INSERT INTO `his_abstgv` (`ktxt`, `dtxt`, `ltxt`, `fb`, `kzfa`, `kzfaarray`, `abschl`, `stg`, `pversion`, `regelstz`, `login_part`, `studip_studiengang`) VALUES ('IKGIMA120', 'IKEASGroItaMA120', 'Interkulturelle Europa- und Amerikastudien Großbritannien / Italien', 'DA', 'H', '', '88', '7G3', 107, 4, 'Ph', '');
INSERT INTO `his_abstgv` (`ktxt`, `dtxt`, `ltxt`, `fb`, `kzfa`, `kzfaarray`, `abschl`, `stg`, `pversion`, `regelstz`, `login_part`, `studip_studiengang`) VALUES ('IKGLMA120', 'IKEASGroLatMA120', 'Interkulturelle Europa- und Amerikastudien Großbritannien / Lateinamerika', 'DA', 'H', '', '88', '7G4', 107, 4, 'Ph', '');
INSERT INTO `his_abstgv` (`ktxt`, `dtxt`, `ltxt`, `fb`, `kzfa`, `kzfaarray`, `abschl`, `stg`, `pversion`, `regelstz`, `login_part`, `studip_studiengang`) VALUES ('IKGPMA120', 'IKEASGroPolMA120', 'Interkulturelle Europa- und Amerikastudien Großbritannien / Polen', 'DA', 'H', '', '88', '7G5', 107, 4, 'Ph', '');
INSERT INTO `his_abstgv` (`ktxt`, `dtxt`, `ltxt`, `fb`, `kzfa`, `kzfaarray`, `abschl`, `stg`, `pversion`, `regelstz`, `login_part`, `studip_studiengang`) VALUES ('IKGRMA120', 'IKEASGroRusMA120', 'Interkulturelle Europa- und Amerikastudien Großbritannien / Russland', 'DA', 'H', '', '88', '7G6', 107, 4, 'Ph', '');
INSERT INTO `his_abstgv` (`ktxt`, `dtxt`, `ltxt`, `fb`, `kzfa`, `kzfaarray`, `abschl`, `stg`, `pversion`, `regelstz`, `login_part`, `studip_studiengang`) VALUES ('IKGSMA120', 'IKEASGroSüdMA120', 'Interkulturelle Europa- und Amerikastudien Großbritannien / Südostasien', 'DA', 'H', '', '88', '7G7', 107, 4, 'Ph', '');
INSERT INTO `his_abstgv` (`ktxt`, `dtxt`, `ltxt`, `fb`, `kzfa`, `kzfaarray`, `abschl`, `stg`, `pversion`, `regelstz`, `login_part`, `studip_studiengang`) VALUES ('IKRDMA120', 'IKEASRusDeuMA120', 'Interkulturelle Europa- und Amerikastudien Russland / Deutschland', 'DF', 'H', '', '88', '7R1', 107, 4, 'Ph', '');
INSERT INTO `his_abstgv` (`ktxt`, `dtxt`, `ltxt`, `fb`, `kzfa`, `kzfaarray`, `abschl`, `stg`, `pversion`, `regelstz`, `login_part`, `studip_studiengang`) VALUES ('IKRFMA120', 'IKEASRusFraMA120', 'Interkulturelle Europa- und Amerikastudien Russland / Frankreich', 'DF', 'H', '', '88', '7R2', 107, 4, 'Ph', '');
INSERT INTO `his_abstgv` (`ktxt`, `dtxt`, `ltxt`, `fb`, `kzfa`, `kzfaarray`, `abschl`, `stg`, `pversion`, `regelstz`, `login_part`, `studip_studiengang`) VALUES ('IKRGMA120', 'IKEASRusGroMA120', 'Interkulturelle Europa- und Amerikastudien Russland / Großbritannien', 'DF', 'H', '', '88', '7R3', 107, 4, 'Ph', '');
INSERT INTO `his_abstgv` (`ktxt`, `dtxt`, `ltxt`, `fb`, `kzfa`, `kzfaarray`, `abschl`, `stg`, `pversion`, `regelstz`, `login_part`, `studip_studiengang`) VALUES ('IKRIMA120', 'IKEASRusItaMA120', 'Interkulturelle Europa- und Amerikastudien Russland / Italien', 'DF', 'H', '', '88', '7R4', 107, 4, 'Ph', '');
INSERT INTO `his_abstgv` (`ktxt`, `dtxt`, `ltxt`, `fb`, `kzfa`, `kzfaarray`, `abschl`, `stg`, `pversion`, `regelstz`, `login_part`, `studip_studiengang`) VALUES ('IKRLMA120', 'IKEASRusLatMA120', 'Interkulturelle Europa- und Amerikastudien Russland / Lateinamerika', 'DF', 'H', '', '88', '7R5', 107, 4, 'Ph', '');
INSERT INTO `his_abstgv` (`ktxt`, `dtxt`, `ltxt`, `fb`, `kzfa`, `kzfaarray`, `abschl`, `stg`, `pversion`, `regelstz`, `login_part`, `studip_studiengang`) VALUES ('IKRPMA120', 'IKEASRusPolMA120', 'Interkulturelle Europa- und Amerikastudien Russland / Polen', 'DF', 'H', '', '88', '7R6', 107, 4, 'Ph', '');
INSERT INTO `his_abstgv` (`ktxt`, `dtxt`, `ltxt`, `fb`, `kzfa`, `kzfaarray`, `abschl`, `stg`, `pversion`, `regelstz`, `login_part`, `studip_studiengang`) VALUES ('IKRSMA120', 'IKEASRusSüdMA120', 'Interkulturelle Europa- und Amerikastudien Russland / Südostasien', 'DF', 'H', '', '88', '7R7', 107, 4, 'Ph', '');
INSERT INTO `his_abstgv` (`ktxt`, `dtxt`, `ltxt`, `fb`, `kzfa`, `kzfaarray`, `abschl`, `stg`, `pversion`, `regelstz`, `login_part`, `studip_studiengang`) VALUES ('IKRUMA120', 'IKEASRusUSAMA120', 'Interkulturelle Europa- und Amerikastudien Russland / USA', 'DF', 'H', '', '88', '7R8', 107, 4, 'Ph', '');
INSERT INTO `his_abstgv` (`ktxt`, `dtxt`, `ltxt`, `fb`, `kzfa`, `kzfaarray`, `abschl`, `stg`, `pversion`, `regelstz`, `login_part`, `studip_studiengang`) VALUES ('IKUDMA120', 'IKEASUSADeuMA120', 'Interkulturelle Europa- und Amerikastudien USA / Deutschland', 'DA', 'H', '', '88', '7U1', 107, 4, 'Ph', '');
INSERT INTO `his_abstgv` (`ktxt`, `dtxt`, `ltxt`, `fb`, `kzfa`, `kzfaarray`, `abschl`, `stg`, `pversion`, `regelstz`, `login_part`, `studip_studiengang`) VALUES ('IKUFMA120', 'IKEASUSAFraMA120', 'Interkulturelle Europa- und Amerikastudien USA / Frankreich', 'DA', 'H', '', '88', '7U2', 107, 4, 'Ph', '');
INSERT INTO `his_abstgv` (`ktxt`, `dtxt`, `ltxt`, `fb`, `kzfa`, `kzfaarray`, `abschl`, `stg`, `pversion`, `regelstz`, `login_part`, `studip_studiengang`) VALUES ('IKUIMA120', 'IKEASUSAItaMA120', 'Interkulturelle Europa- und Amerikastudien USA / Italien', 'DA', 'H', '', '88', '7U3', 107, 4, 'Ph', '');
INSERT INTO `his_abstgv` (`ktxt`, `dtxt`, `ltxt`, `fb`, `kzfa`, `kzfaarray`, `abschl`, `stg`, `pversion`, `regelstz`, `login_part`, `studip_studiengang`) VALUES ('IKULMA120', 'IKEASUSALatMA120', 'Interkulturelle Europa- und Amerikastudien USA / Lateinamerika', 'DA', 'H', '', '88', '7U4', 107, 4, 'Ph', '');
INSERT INTO `his_abstgv` (`ktxt`, `dtxt`, `ltxt`, `fb`, `kzfa`, `kzfaarray`, `abschl`, `stg`, `pversion`, `regelstz`, `login_part`, `studip_studiengang`) VALUES ('IKUPMA120', 'IKEASUSAPolMA120', 'Interkulturelle Europa- und Amerikastudien USA / Polen', 'DA', 'H', '', '88', '7U5', 107, 4, 'Ph', '');
INSERT INTO `his_abstgv` (`ktxt`, `dtxt`, `ltxt`, `fb`, `kzfa`, `kzfaarray`, `abschl`, `stg`, `pversion`, `regelstz`, `login_part`, `studip_studiengang`) VALUES ('IKURMA120', 'IKEASUSARusMA120', 'Interkulturelle Europa- und Amerikastudien USA / Russland', 'DA', 'H', '', '88', '7U6', 107, 4, 'Ph', '');
INSERT INTO `his_abstgv` (`ktxt`, `dtxt`, `ltxt`, `fb`, `kzfa`, `kzfaarray`, `abschl`, `stg`, `pversion`, `regelstz`, `login_part`, `studip_studiengang`) VALUES ('IKUSMA120', 'IKEASUSASüdMA120', 'Interkulturelle Europa- und Amerikastudien USA / Südostasien', 'DA', 'H', '', '88', '7U7', 107, 4, 'Ph', '');
INSERT INTO `his_abstgv` (`ktxt`, `dtxt`, `ltxt`, `fb`, `kzfa`, `kzfaarray`, `abschl`, `stg`, `pversion`, `regelstz`, `login_part`, `studip_studiengang`) VALUES ('IntFMMA120', 'Int.FinanzmanagementMA120', 'Internationales Finanzmanagement (International Financial Management)', 'BB', 'H', '', '88', '728', 107, 4, 'Wi', '');
INSERT INTO `his_abstgv` (`ktxt`, `dtxt`, `ltxt`, `fb`, `kzfa`, `kzfaarray`, `abschl`, `stg`, `pversion`, `regelstz`, `login_part`, `studip_studiengang`) VALUES ('EmpÖkMA120', 'Empir.Ökonom/PoliberMA120', 'Empirische Ökonomik und Politikberatung', 'BB', 'H', '', '88', '775', 107, 4, 'Wi', '');
INSERT INTO `his_abstgv` (`ktxt`, `dtxt`, `ltxt`, `fb`, `kzfa`, `kzfaarray`, `abschl`, `stg`, `pversion`, `regelstz`, `login_part`, `studip_studiengang`) VALUES ('Agrarwisse', 'Agrarwissenschaft', 'Agrarwissenschaft', 'HA', 'H', 'H', '11', '003', 9999, 9, 'Ag', '');
INSERT INTO `his_abstgv` (`ktxt`, `dtxt`, `ltxt`, `fb`, `kzfa`, `kzfaarray`, `abschl`, `stg`, `pversion`, `regelstz`, `login_part`, `studip_studiengang`) VALUES ('Agrarwisse', 'Agrarwissenschaft', 'Agrarwissenschaft', 'HA', 'H', 'H', '88', '003', 9999, 4, 'Ag', '');
INSERT INTO `his_abstgv` (`ktxt`, `dtxt`, `ltxt`, `fb`, `kzfa`, `kzfaarray`, `abschl`, `stg`, `pversion`, `regelstz`, `login_part`, `studip_studiengang`) VALUES ('Englisch', 'Englisch', 'Englisch', 'DA', 'H', 'H', '26', '008', 9999, 9, 'Ph', '');
INSERT INTO `his_abstgv` (`ktxt`, `dtxt`, `ltxt`, `fb`, `kzfa`, `kzfaarray`, `abschl`, `stg`, `pversion`, `regelstz`, `login_part`, `studip_studiengang`) VALUES ('Englisch', 'Englisch', 'Englisch', 'DA', 'H', 'H', '24', '008', 9999, 8, 'Ph', '');
INSERT INTO `his_abstgv` (`ktxt`, `dtxt`, `ltxt`, `fb`, `kzfa`, `kzfaarray`, `abschl`, `stg`, `pversion`, `regelstz`, `login_part`, `studip_studiengang`) VALUES ('Englisch', 'Englisch', 'Englisch', 'DA', 'H', 'H', '25', '008', 9999, 9, 'Ph', '');
INSERT INTO `his_abstgv` (`ktxt`, `dtxt`, `ltxt`, `fb`, `kzfa`, `kzfaarray`, `abschl`, `stg`, `pversion`, `regelstz`, `login_part`, `studip_studiengang`) VALUES ('Arabistik', 'Arabistik', 'Arabistik', 'CD', 'H', 'HHN', '02', '010', 9999, 9, 'Ph', '');
INSERT INTO `his_abstgv` (`ktxt`, `dtxt`, `ltxt`, `fb`, `kzfa`, `kzfaarray`, `abschl`, `stg`, `pversion`, `regelstz`, `login_part`, `studip_studiengang`) VALUES ('Astronomie', 'Astronomie', 'Astronomie', 'GB', 'H', 'H', '25', '014', 9999, 2, 'Ch', '');
INSERT INTO `his_abstgv` (`ktxt`, `dtxt`, `ltxt`, `fb`, `kzfa`, `kzfaarray`, `abschl`, `stg`, `pversion`, `regelstz`, `login_part`, `studip_studiengang`) VALUES ('Astronomie', 'Astronomie', 'Astronomie', 'GB', 'H', 'HHN', '24', '014', 9999, 2, 'Ch', '');
INSERT INTO `his_abstgv` (`ktxt`, `dtxt`, `ltxt`, `fb`, `kzfa`, `kzfaarray`, `abschl`, `stg`, `pversion`, `regelstz`, `login_part`, `studip_studiengang`) VALUES ('MuK60', 'Medien-u.Kommunikation60', 'Medien- und Kommunikationswissenschaft', 'DC', 'N', '', '83', '533', 106, 6, 'Ph', '');
INSERT INTO `his_abstgv` (`ktxt`, `dtxt`, `ltxt`, `fb`, `kzfa`, `kzfaarray`, `abschl`, `stg`, `pversion`, `regelstz`, `login_part`, `studip_studiengang`) VALUES ('Biochemie', 'Biochemie', 'Biochemie', 'FA', 'H', 'H', '11', '025', 9999, 10, 'BC', '');
INSERT INTO `his_abstgv` (`ktxt`, `dtxt`, `ltxt`, `fb`, `kzfa`, `kzfaarray`, `abschl`, `stg`, `pversion`, `regelstz`, `login_part`, `studip_studiengang`) VALUES ('Biologie', 'Biologie', 'Biologie', 'FB', 'H', 'H', '02', '026', 9999, 9, 'Bi', '');
INSERT INTO `his_abstgv` (`ktxt`, `dtxt`, `ltxt`, `fb`, `kzfa`, `kzfaarray`, `abschl`, `stg`, `pversion`, `regelstz`, `login_part`, `studip_studiengang`) VALUES ('Biologie', 'Biologie', 'Biologie', 'FB', 'H', 'H', '11', '026', 9999, 10, 'Bi', '');
INSERT INTO `his_abstgv` (`ktxt`, `dtxt`, `ltxt`, `fb`, `kzfa`, `kzfaarray`, `abschl`, `stg`, `pversion`, `regelstz`, `login_part`, `studip_studiengang`) VALUES ('Biologie', 'Biologie', 'Biologie', 'FB', 'H', 'H', '24', '026', 9999, 8, 'Bi', '');
INSERT INTO `his_abstgv` (`ktxt`, `dtxt`, `ltxt`, `fb`, `kzfa`, `kzfaarray`, `abschl`, `stg`, `pversion`, `regelstz`, `login_part`, `studip_studiengang`) VALUES ('Biologie', 'Biologie', 'Biologie', 'FB', 'H', 'H', '25', '026', 9999, 9, 'Bi', '');
INSERT INTO `his_abstgv` (`ktxt`, `dtxt`, `ltxt`, `fb`, `kzfa`, `kzfaarray`, `abschl`, `stg`, `pversion`, `regelstz`, `login_part`, `studip_studiengang`) VALUES ('Biologie', 'Biologie', 'Biologie', 'FB', 'H', 'H', '26', '026', 9999, 9, 'Bi', '');
INSERT INTO `his_abstgv` (`ktxt`, `dtxt`, `ltxt`, `fb`, `kzfa`, `kzfaarray`, `abschl`, `stg`, `pversion`, `regelstz`, `login_part`, `studip_studiengang`) VALUES ('Sportwisse', 'Sportwissenschaft', 'Sportwissenschaft', 'DC', 'H', 'HHN', '02', '029', 9999, 9, 'Ph', '');
INSERT INTO `his_abstgv` (`ktxt`, `dtxt`, `ltxt`, `fb`, `kzfa`, `kzfaarray`, `abschl`, `stg`, `pversion`, `regelstz`, `login_part`, `studip_studiengang`) VALUES ('Sportwisse', 'Sportwissenschaft', 'Sportwissenschaft', 'DC', 'H', 'H', '11', '029', 9999, 8, 'Ph', '');
INSERT INTO `his_abstgv` (`ktxt`, `dtxt`, `ltxt`, `fb`, `kzfa`, `kzfaarray`, `abschl`, `stg`, `pversion`, `regelstz`, `login_part`, `studip_studiengang`) VALUES ('Chemie', 'Chemie', 'Chemie', 'GA', 'H', 'H', '11', '032', 2000, 10, 'Ch', '');
INSERT INTO `his_abstgv` (`ktxt`, `dtxt`, `ltxt`, `fb`, `kzfa`, `kzfaarray`, `abschl`, `stg`, `pversion`, `regelstz`, `login_part`, `studip_studiengang`) VALUES ('Chemie', 'Chemie', 'Chemie', 'GA', 'H', 'H', '24', '032', 9999, 8, 'Ch', '');
INSERT INTO `his_abstgv` (`ktxt`, `dtxt`, `ltxt`, `fb`, `kzfa`, `kzfaarray`, `abschl`, `stg`, `pversion`, `regelstz`, `login_part`, `studip_studiengang`) VALUES ('Chemie', 'Chemie', 'Chemie', 'GA', 'H', 'H', '25', '032', 9999, 9, 'Ch', '');
INSERT INTO `his_abstgv` (`ktxt`, `dtxt`, `ltxt`, `fb`, `kzfa`, `kzfaarray`, `abschl`, `stg`, `pversion`, `regelstz`, `login_part`, `studip_studiengang`) VALUES ('Chemie', 'Chemie', 'Chemie', 'GA', 'H', 'H', '26', '032', 9999, 9, 'Ch', '');
INSERT INTO `his_abstgv` (`ktxt`, `dtxt`, `ltxt`, `fb`, `kzfa`, `kzfaarray`, `abschl`, `stg`, `pversion`, `regelstz`, `login_part`, `studip_studiengang`) VALUES ('Chemie', 'Chemistry', 'Chemistry', 'GA', 'H', 'H', '82', '032', 2000, 6, 'Ch', '');
INSERT INTO `his_abstgv` (`ktxt`, `dtxt`, `ltxt`, `fb`, `kzfa`, `kzfaarray`, `abschl`, `stg`, `pversion`, `regelstz`, `login_part`, `studip_studiengang`) VALUES ('Elektrotec', 'Elektrotechnik/Elektronik', 'Elektrotechnik/ Elektronik', '78', 'H', 'H', '11', '048', 9999, 10, '', '');
INSERT INTO `his_abstgv` (`ktxt`, `dtxt`, `ltxt`, `fb`, `kzfa`, `kzfaarray`, `abschl`, `stg`, `pversion`, `regelstz`, `login_part`, `studip_studiengang`) VALUES ('Geographie', 'Geographie', 'Geographie', 'HB', 'H', 'H', '24', '050', 9999, 8, 'Ge', '');
INSERT INTO `his_abstgv` (`ktxt`, `dtxt`, `ltxt`, `fb`, `kzfa`, `kzfaarray`, `abschl`, `stg`, `pversion`, `regelstz`, `login_part`, `studip_studiengang`) VALUES ('Geographie', 'Geographie', 'Geographie', 'HB', 'H', 'H', '25', '050', 9999, 9, 'Ge', '');
INSERT INTO `his_abstgv` (`ktxt`, `dtxt`, `ltxt`, `fb`, `kzfa`, `kzfaarray`, `abschl`, `stg`, `pversion`, `regelstz`, `login_part`, `studip_studiengang`) VALUES ('Geographie', 'Geographie', 'Geographie', 'HB', 'H', 'H', '26', '050', 9999, 9, 'Ge', '');
INSERT INTO `his_abstgv` (`ktxt`, `dtxt`, `ltxt`, `fb`, `kzfa`, `kzfaarray`, `abschl`, `stg`, `pversion`, `regelstz`, `login_part`, `studip_studiengang`) VALUES ('Geographie', 'Geographie', 'Geographie', 'HB', 'H', 'H', '11', '050', 9999, 9, 'Ge', '');
INSERT INTO `his_abstgv` (`ktxt`, `dtxt`, `ltxt`, `fb`, `kzfa`, `kzfaarray`, `abschl`, `stg`, `pversion`, `regelstz`, `login_part`, `studip_studiengang`) VALUES ('Geographie', 'Geographie', 'Geographie', 'HB', 'H', 'H', '02', '050', 9999, 9, 'Ge', '');
INSERT INTO `his_abstgv` (`ktxt`, `dtxt`, `ltxt`, `fb`, `kzfa`, `kzfaarray`, `abschl`, `stg`, `pversion`, `regelstz`, `login_part`, `studip_studiengang`) VALUES ('Erziehungs', 'Erziehungswissenschaft', 'Erziehungswissenschaft(Pädagogik)', 'EA', 'H', 'HHN', '02', '052', 9999, 9, 'Pä', '');
INSERT INTO `his_abstgv` (`ktxt`, `dtxt`, `ltxt`, `fb`, `kzfa`, `kzfaarray`, `abschl`, `stg`, `pversion`, `regelstz`, `login_part`, `studip_studiengang`) VALUES ('Erziehungs', 'Erziehungswissenschaft', 'Erziehungswissenschaft(Pädagogik)', 'EA', 'H', 'H', '11', '052', 9999, 10, 'Pä', '');
INSERT INTO `his_abstgv` (`ktxt`, `dtxt`, `ltxt`, `fb`, `kzfa`, `kzfaarray`, `abschl`, `stg`, `pversion`, `regelstz`, `login_part`, `studip_studiengang`) VALUES ('Ev.Theolog', 'Ev. Theologie', 'Evangelische Theologie', 'A', 'H', 'HHN', '02', '053', 9999, 9, 'Th', '');
INSERT INTO `his_abstgv` (`ktxt`, `dtxt`, `ltxt`, `fb`, `kzfa`, `kzfaarray`, `abschl`, `stg`, `pversion`, `regelstz`, `login_part`, `studip_studiengang`) VALUES ('Ev.Theolog', 'Ev. Theologie', 'Evangelische Theologie', 'A', 'H', 'H', '04', '053', 9999, 11, 'Th', '');
INSERT INTO `his_abstgv` (`ktxt`, `dtxt`, `ltxt`, `fb`, `kzfa`, `kzfaarray`, `abschl`, `stg`, `pversion`, `regelstz`, `login_part`, `studip_studiengang`) VALUES ('Ev.Theolog', 'Ev. Theologie', 'Evangelische Theologie', 'A', 'H', 'H', '11', '053', 9999, 11, 'Th', '');
INSERT INTO `his_abstgv` (`ktxt`, `dtxt`, `ltxt`, `fb`, `kzfa`, `kzfaarray`, `abschl`, `stg`, `pversion`, `regelstz`, `login_part`, `studip_studiengang`) VALUES ('Französisc', 'Französisch', 'Französisch', 'DE', 'H', 'H', '24', '059', 9999, 8, 'Ph', '');
INSERT INTO `his_abstgv` (`ktxt`, `dtxt`, `ltxt`, `fb`, `kzfa`, `kzfaarray`, `abschl`, `stg`, `pversion`, `regelstz`, `login_part`, `studip_studiengang`) VALUES ('Französisc', 'Französisch', 'Französisch', 'DE', 'H', 'H', '25', '059', 9999, 9, 'Ph', '');
INSERT INTO `his_abstgv` (`ktxt`, `dtxt`, `ltxt`, `fb`, `kzfa`, `kzfaarray`, `abschl`, `stg`, `pversion`, `regelstz`, `login_part`, `studip_studiengang`) VALUES ('Französisc', 'Französisch', 'Französisch', 'DE', 'H', 'H', '26', '059', 9999, 9, 'Ph', '');
INSERT INTO `his_abstgv` (`ktxt`, `dtxt`, `ltxt`, `fb`, `kzfa`, `kzfaarray`, `abschl`, `stg`, `pversion`, `regelstz`, `login_part`, `studip_studiengang`) VALUES ('Volkswirt.', 'Volkswirtschaftslehre', 'Volkswirtschaftslehre', 'BB', 'H', 'H', '11', '175', 2003, 9, 'Wi', '');
INSERT INTO `his_abstgv` (`ktxt`, `dtxt`, `ltxt`, `fb`, `kzfa`, `kzfaarray`, `abschl`, `stg`, `pversion`, `regelstz`, `login_part`, `studip_studiengang`) VALUES ('Deutsch', 'Deutsch', 'Deutsch', 'DB', 'H', 'H', '24', '067', 9999, 8, 'Ph', '');
INSERT INTO `his_abstgv` (`ktxt`, `dtxt`, `ltxt`, `fb`, `kzfa`, `kzfaarray`, `abschl`, `stg`, `pversion`, `regelstz`, `login_part`, `studip_studiengang`) VALUES ('Deutsch', 'Deutsch', 'Deutsch', 'DB', 'H', 'H', '25', '067', 9999, 9, 'Ph', '');
INSERT INTO `his_abstgv` (`ktxt`, `dtxt`, `ltxt`, `fb`, `kzfa`, `kzfaarray`, `abschl`, `stg`, `pversion`, `regelstz`, `login_part`, `studip_studiengang`) VALUES ('Deutsch (F', 'Deutsch', 'Deutsch', 'DB', 'H', 'H', '40', '067', 9999, 2, 'Ph', '');
INSERT INTO `his_abstgv` (`ktxt`, `dtxt`, `ltxt`, `fb`, `kzfa`, `kzfaarray`, `abschl`, `stg`, `pversion`, `regelstz`, `login_part`, `studip_studiengang`) VALUES ('Deutsch (H', 'Deutsch (Hpt.+Realsch.)', 'Deutsch', 'DB', 'H', 'H', '26', '067', 9999, 9, 'Ph', '');
INSERT INTO `his_abstgv` (`ktxt`, `dtxt`, `ltxt`, `fb`, `kzfa`, `kzfaarray`, `abschl`, `stg`, `pversion`, `regelstz`, `login_part`, `studip_studiengang`) VALUES ('Geschichte', 'Geschichte', 'Geschichte', 'CB', 'H', 'HHN', '02', '068', 9999, 9, 'Ph', '');
INSERT INTO `his_abstgv` (`ktxt`, `dtxt`, `ltxt`, `fb`, `kzfa`, `kzfaarray`, `abschl`, `stg`, `pversion`, `regelstz`, `login_part`, `studip_studiengang`) VALUES ('Geschichte', 'Geschichte', 'Geschichte', 'CB', 'H', 'H', '24', '068', 9999, 8, 'Ph', '');
INSERT INTO `his_abstgv` (`ktxt`, `dtxt`, `ltxt`, `fb`, `kzfa`, `kzfaarray`, `abschl`, `stg`, `pversion`, `regelstz`, `login_part`, `studip_studiengang`) VALUES ('Geschichte', 'Geschichte', 'Geschichte', 'CB', 'H', 'H', '25', '068', 9999, 9, 'Ph', '');
INSERT INTO `his_abstgv` (`ktxt`, `dtxt`, `ltxt`, `fb`, `kzfa`, `kzfaarray`, `abschl`, `stg`, `pversion`, `regelstz`, `login_part`, `studip_studiengang`) VALUES ('Geschichte', 'Geschichte', 'Geschichte', 'CB', 'H', 'H', '26', '068', 9999, 9, 'Ph', '');
INSERT INTO `his_abstgv` (`ktxt`, `dtxt`, `ltxt`, `fb`, `kzfa`, `kzfaarray`, `abschl`, `stg`, `pversion`, `regelstz`, `login_part`, `studip_studiengang`) VALUES ('Griechisch', 'Griechisch', 'Griechisch', 'CA', 'H', 'H', '25', '070', 9999, 9, 'Ph', '');
INSERT INTO `his_abstgv` (`ktxt`, `dtxt`, `ltxt`, `fb`, `kzfa`, `kzfaarray`, `abschl`, `stg`, `pversion`, `regelstz`, `login_part`, `studip_studiengang`) VALUES ('Griechisch', 'Griechisch', 'Griechisch', 'CA', 'H', 'H', '02', '070', 9999, 9, 'Ph', '');
INSERT INTO `his_abstgv` (`ktxt`, `dtxt`, `ltxt`, `fb`, `kzfa`, `kzfaarray`, `abschl`, `stg`, `pversion`, `regelstz`, `login_part`, `studip_studiengang`) VALUES ('Jüdisch.St', 'Jüdische Studien', 'Jüdische Studien', 'CD', 'H', 'HHN', '02', '073', 9999, 9, 'Ph', '');
INSERT INTO `his_abstgv` (`ktxt`, `dtxt`, `ltxt`, `fb`, `kzfa`, `kzfaarray`, `abschl`, `stg`, `pversion`, `regelstz`, `login_part`, `studip_studiengang`) VALUES ('Indologie', 'Indologie', 'Indologie', 'CA', 'H', 'HHN', '02', '078', 9999, 9, 'Ph', '');
INSERT INTO `his_abstgv` (`ktxt`, `dtxt`, `ltxt`, `fb`, `kzfa`, `kzfaarray`, `abschl`, `stg`, `pversion`, `regelstz`, `login_part`, `studip_studiengang`) VALUES ('Informatik', 'Informatik', 'Informatik', 'HC', 'H', 'H', '11', '079', 9999, 9, 'Ma', '');
INSERT INTO `his_abstgv` (`ktxt`, `dtxt`, `ltxt`, `fb`, `kzfa`, `kzfaarray`, `abschl`, `stg`, `pversion`, `regelstz`, `login_part`, `studip_studiengang`) VALUES ('Informatik', 'Informatik', 'Informatik', 'HC', 'H', 'H', '26', '079', 9999, 4, 'Ma', '');
INSERT INTO `his_abstgv` (`ktxt`, `dtxt`, `ltxt`, `fb`, `kzfa`, `kzfaarray`, `abschl`, `stg`, `pversion`, `regelstz`, `login_part`, `studip_studiengang`) VALUES ('Informatik', 'Informatik', 'Informatik', 'HC', 'H', 'H', '24', '079', 9999, 4, 'Ma', '');
INSERT INTO `his_abstgv` (`ktxt`, `dtxt`, `ltxt`, `fb`, `kzfa`, `kzfaarray`, `abschl`, `stg`, `pversion`, `regelstz`, `login_part`, `studip_studiengang`) VALUES ('Informatik', 'Informatik', 'Informatik', 'HC', 'H', 'H', '25', '079', 9999, 4, 'Ma', '');
INSERT INTO `his_abstgv` (`ktxt`, `dtxt`, `ltxt`, `fb`, `kzfa`, `kzfaarray`, `abschl`, `stg`, `pversion`, `regelstz`, `login_part`, `studip_studiengang`) VALUES ('Islamwisse', 'Islamwissenschaft', 'Islamwissenschaft', 'CD', 'H', 'HHN', '02', '083', 9999, 9, 'Ph', '');
INSERT INTO `his_abstgv` (`ktxt`, `dtxt`, `ltxt`, `fb`, `kzfa`, `kzfaarray`, `abschl`, `stg`, `pversion`, `regelstz`, `login_part`, `studip_studiengang`) VALUES ('Italienisc', 'Italienisch', 'Italienisch', 'DE', 'H', 'H', '25', '084', 9999, 9, 'Ph', '');
INSERT INTO `his_abstgv` (`ktxt`, `dtxt`, `ltxt`, `fb`, `kzfa`, `kzfaarray`, `abschl`, `stg`, `pversion`, `regelstz`, `login_part`, `studip_studiengang`) VALUES ('Japanologi', 'Japanologie', 'Japanologie', 'CE', 'H', 'HHN', '02', '085', 9999, 9, 'Ph', '');
INSERT INTO `his_abstgv` (`ktxt`, `dtxt`, `ltxt`, `fb`, `kzfa`, `kzfaarray`, `abschl`, `stg`, `pversion`, `regelstz`, `login_part`, `studip_studiengang`) VALUES ('Körperbeh.', 'Körperbehindertenpädagog.', 'Körperbehindertenpädagogik', '61', 'H', 'H', '26', '087', 9999, 9, 'Pä', '');
INSERT INTO `his_abstgv` (`ktxt`, `dtxt`, `ltxt`, `fb`, `kzfa`, `kzfaarray`, `abschl`, `stg`, `pversion`, `regelstz`, `login_part`, `studip_studiengang`) VALUES ('Kunstgesch', 'Kunstgeschichte', 'Kunstgeschichte', 'CC', 'H', 'HHN', '02', '092', 9999, 9, 'Ph', '');
INSERT INTO `his_abstgv` (`ktxt`, `dtxt`, `ltxt`, `fb`, `kzfa`, `kzfaarray`, `abschl`, `stg`, `pversion`, `regelstz`, `login_part`, `studip_studiengang`) VALUES ('Kunstgesch', 'Kunstgeschichte', 'Kunstgeschichte', 'CC', 'H', 'H', '11', '092', 9999, 10, 'Ph', '');
INSERT INTO `his_abstgv` (`ktxt`, `dtxt`, `ltxt`, `fb`, `kzfa`, `kzfaarray`, `abschl`, `stg`, `pversion`, `regelstz`, `login_part`, `studip_studiengang`) VALUES ('Latein', 'Latein', 'Latein', 'CA', 'H', 'H', '02', '095', 9999, 9, 'Ph', '');
INSERT INTO `his_abstgv` (`ktxt`, `dtxt`, `ltxt`, `fb`, `kzfa`, `kzfaarray`, `abschl`, `stg`, `pversion`, `regelstz`, `login_part`, `studip_studiengang`) VALUES ('Lebensm.-C', 'Lebensmittelchemie', 'Lebensmittelchemie', 'GA', 'H', 'H', '11', '096', 9999, 9, 'Ch', '');
INSERT INTO `his_abstgv` (`ktxt`, `dtxt`, `ltxt`, `fb`, `kzfa`, `kzfaarray`, `abschl`, `stg`, `pversion`, `regelstz`, `login_part`, `studip_studiengang`) VALUES ('Sport', 'Sport', 'Sport', 'DC', 'H', 'H', '02', '098', 9999, 9, 'Ph', '');

-- 
-- Daten für Tabelle `his_pvers`
-- 

INSERT INTO `his_pvers` (`pvers`, `aikz`, `ktxt`, `dtxt`, `ltxt`, `sprache`, `refpvers`) VALUES (107, 'A', '107', '1. Version 2007', '1. Version 2007', 'D', 107);
INSERT INTO `his_pvers` (`pvers`, `aikz`, `ktxt`, `dtxt`, `ltxt`, `sprache`, `refpvers`) VALUES (9999, 'A', 'k.Pversion', 'keine Pversion', 'keine PO-Version', 'D', 9999);
INSERT INTO `his_pvers` (`pvers`, `aikz`, `ktxt`, `dtxt`, `ltxt`, `sprache`, `refpvers`) VALUES (0, 'A', 'PP', 'PP Version 0', 'PP Version 0', 'D', 0);
INSERT INTO `his_pvers` (`pvers`, `aikz`, `ktxt`, `dtxt`, `ltxt`, `sprache`, `refpvers`) VALUES (2000, 'A', '2000', 'Version 2000', 'Version 2000', 'D', 2000);
INSERT INTO `his_pvers` (`pvers`, `aikz`, `ktxt`, `dtxt`, `ltxt`, `sprache`, `refpvers`) VALUES (2001, 'A', '2001', 'Version 2001', 'Version 2001', 'D', 2001);
INSERT INTO `his_pvers` (`pvers`, `aikz`, `ktxt`, `dtxt`, `ltxt`, `sprache`, `refpvers`) VALUES (2002, 'A', '2002', 'Version 2002', 'Version 2002', 'D', 2002);
INSERT INTO `his_pvers` (`pvers`, `aikz`, `ktxt`, `dtxt`, `ltxt`, `sprache`, `refpvers`) VALUES (2003, 'A', '2003', 'Version 2003', 'Version 2003', 'D', 2003);
INSERT INTO `his_pvers` (`pvers`, `aikz`, `ktxt`, `dtxt`, `ltxt`, `sprache`, `refpvers`) VALUES (1998, 'A', '1998', 'Version 1998', 'Version 1998', 'D', 1998);
INSERT INTO `his_pvers` (`pvers`, `aikz`, `ktxt`, `dtxt`, `ltxt`, `sprache`, `refpvers`) VALUES (1997, 'A', '1997', 'Version 1997', 'Version 1997', 'D', 1997);
INSERT INTO `his_pvers` (`pvers`, `aikz`, `ktxt`, `dtxt`, `ltxt`, `sprache`, `refpvers`) VALUES (1995, 'A', '1995', 'Version 1995', 'Version 1995', 'D', 1995);
INSERT INTO `his_pvers` (`pvers`, `aikz`, `ktxt`, `dtxt`, `ltxt`, `sprache`, `refpvers`) VALUES (2004, 'A', '2004', 'Version 2004', 'Version 2004', 'D', 2004);
INSERT INTO `his_pvers` (`pvers`, `aikz`, `ktxt`, `dtxt`, `ltxt`, `sprache`, `refpvers`) VALUES (1996, 'A', '1996', 'Version 1996', 'Version 1996', 'D', 1996);
INSERT INTO `his_pvers` (`pvers`, `aikz`, `ktxt`, `dtxt`, `ltxt`, `sprache`, `refpvers`) VALUES (2005, 'A', '2005', 'Version 2005', 'Version 2005', 'D', 2005);
INSERT INTO `his_pvers` (`pvers`, `aikz`, `ktxt`, `dtxt`, `ltxt`, `sprache`, `refpvers`) VALUES (1111, 'A', '1111', 'Jura-alt', 'Jura-alt', 'D', 1111);
INSERT INTO `his_pvers` (`pvers`, `aikz`, `ktxt`, `dtxt`, `ltxt`, `sprache`, `refpvers`) VALUES (106, 'A', '106', '1. Version 2006', '1. Version 2006', 'D', 106);
INSERT INTO `his_pvers` (`pvers`, `aikz`, `ktxt`, `dtxt`, `ltxt`, `sprache`, `refpvers`) VALUES (-1, 'A', 'Pool', 'Pool', 'Pool', 'D', -1);

-- 
-- Daten für Tabelle `his_stg`
-- 

INSERT INTO `his_stg` (`stg`, `ktxt`, `dtxt`, `ltxt`, `fb`) VALUES ('003', 'Agrarwisse', 'Agrarwissenschaft', 'Agrarwissenschaft', 'HA');
INSERT INTO `his_stg` (`stg`, `ktxt`, `dtxt`, `ltxt`, `fb`) VALUES ('008', 'Englisch', 'Englisch', 'Englisch', 'DA');
INSERT INTO `his_stg` (`stg`, `ktxt`, `dtxt`, `ltxt`, `fb`) VALUES ('010', 'Arabistik', 'Arabistik', 'Arabistik', 'CD');
INSERT INTO `his_stg` (`stg`, `ktxt`, `dtxt`, `ltxt`, `fb`) VALUES ('014', 'Astronomie', 'Astronomie', 'Astronomie', 'GB');
INSERT INTO `his_stg` (`stg`, `ktxt`, `dtxt`, `ltxt`, `fb`) VALUES ('021', 'BWL', 'Betriebswirtschaftslehre', 'Betriebswirtschaftslehre', 'BB');
INSERT INTO `his_stg` (`stg`, `ktxt`, `dtxt`, `ltxt`, `fb`) VALUES ('025', 'Biochemie', 'Biochemie', 'Biochemie', 'FA');
INSERT INTO `his_stg` (`stg`, `ktxt`, `dtxt`, `ltxt`, `fb`) VALUES ('026', 'Biologie', 'Biologie', 'Biologie', 'FB');
INSERT INTO `his_stg` (`stg`, `ktxt`, `dtxt`, `ltxt`, `fb`) VALUES ('029', 'Sportwisse', 'Sportwissenschaft', 'Sportwissenschaft', 'DC');
INSERT INTO `his_stg` (`stg`, `ktxt`, `dtxt`, `ltxt`, `fb`) VALUES ('032', 'Chemie', 'Chemie', 'Chemie', 'GA');
INSERT INTO `his_stg` (`stg`, `ktxt`, `dtxt`, `ltxt`, `fb`) VALUES ('048', 'Elektrotec', 'Elektrotechnik/Elektronik', 'Elektrotechnik/ Elektronik', '78');
INSERT INTO `his_stg` (`stg`, `ktxt`, `dtxt`, `ltxt`, `fb`) VALUES ('050', 'Geographie', 'Geographie', 'Geographie', 'HB');
INSERT INTO `his_stg` (`stg`, `ktxt`, `dtxt`, `ltxt`, `fb`) VALUES ('052', 'Erziehungs', 'Erziehungswissenschaft', 'Erziehungswissenschaft(Pädagogik)', 'EA');
INSERT INTO `his_stg` (`stg`, `ktxt`, `dtxt`, `ltxt`, `fb`) VALUES ('053', 'Ev.Theolog', 'Theologie', 'Evangelische Theologie', 'A');
INSERT INTO `his_stg` (`stg`, `ktxt`, `dtxt`, `ltxt`, `fb`) VALUES ('059', 'Französisc', 'Französisch', 'Französisch', 'DE');
INSERT INTO `his_stg` (`stg`, `ktxt`, `dtxt`, `ltxt`, `fb`) VALUES ('063', 'Geistigbeh', 'Geistigbehindertenpädagog', 'Geistigbehindertenpädagogik', 'EB');
INSERT INTO `his_stg` (`stg`, `ktxt`, `dtxt`, `ltxt`, `fb`) VALUES ('067', 'Deutsch', 'Deutsch', 'Deutsch', 'DB');
INSERT INTO `his_stg` (`stg`, `ktxt`, `dtxt`, `ltxt`, `fb`) VALUES ('068', 'Geschichte', 'Geschichte', 'Geschichte', 'CB');
INSERT INTO `his_stg` (`stg`, `ktxt`, `dtxt`, `ltxt`, `fb`) VALUES ('070', 'Griechisch', 'Griechisch', 'Griechisch', 'CA');
INSERT INTO `his_stg` (`stg`, `ktxt`, `dtxt`, `ltxt`, `fb`) VALUES ('073', 'Jüdisch.St', 'Jüdische Studien', 'Jüdische Studien', 'CD');
INSERT INTO `his_stg` (`stg`, `ktxt`, `dtxt`, `ltxt`, `fb`) VALUES ('078', 'Indologie', 'Indologie', 'Indologie', 'CA');
INSERT INTO `his_stg` (`stg`, `ktxt`, `dtxt`, `ltxt`, `fb`) VALUES ('079', 'Informatik', 'Informatik', 'Informatik', 'HC');
INSERT INTO `his_stg` (`stg`, `ktxt`, `dtxt`, `ltxt`, `fb`) VALUES ('083', 'Islamwisse', 'Islamwissenschaft', 'Islamwissenschaft', 'CD');
INSERT INTO `his_stg` (`stg`, `ktxt`, `dtxt`, `ltxt`, `fb`) VALUES ('084', 'Italienisc', 'Italienisch', 'Italienisch', 'DE');
INSERT INTO `his_stg` (`stg`, `ktxt`, `dtxt`, `ltxt`, `fb`) VALUES ('085', 'Japanologi', 'Japanologie', 'Japanologie', 'CE');
INSERT INTO `his_stg` (`stg`, `ktxt`, `dtxt`, `ltxt`, `fb`) VALUES ('087', 'Körperbeh.', 'Körperbehindertenpädagog.', 'Körperbehindertenpädagogik', '61');
INSERT INTO `his_stg` (`stg`, `ktxt`, `dtxt`, `ltxt`, `fb`) VALUES ('092', 'Kunstgesch', 'Kunstgeschichte', 'Kunstgeschichte', 'CC');
INSERT INTO `his_stg` (`stg`, `ktxt`, `dtxt`, `ltxt`, `fb`) VALUES ('095', 'Latein', 'Latein', 'Latein', 'CA');
INSERT INTO `his_stg` (`stg`, `ktxt`, `dtxt`, `ltxt`, `fb`) VALUES ('096', 'Lebensm.-C', 'Lebensmittelchemie', 'Lebensmittelchemie', 'GA');
INSERT INTO `his_stg` (`stg`, `ktxt`, `dtxt`, `ltxt`, `fb`) VALUES ('098', 'Sport (HRS', 'Sport (Hpt.+Realsch.)', 'Sport', 'DC');
INSERT INTO `his_stg` (`stg`, `ktxt`, `dtxt`, `ltxt`, `fb`) VALUES ('099', 'Lernbeh.pä', 'Lernbehindertenpädagogik', 'Lernbehindertenpädagogik', 'EB');
INSERT INTO `his_stg` (`stg`, `ktxt`, `dtxt`, `ltxt`, `fb`) VALUES ('104', 'Maschinenb', 'Maschinenbau/ -wesen', 'Maschinenbau / -wesen', '78');
INSERT INTO `his_stg` (`stg`, `ktxt`, `dtxt`, `ltxt`, `fb`) VALUES ('105', 'Mathematik', 'Mathematik', 'Mathematik', 'HD');
INSERT INTO `his_stg` (`stg`, `ktxt`, `dtxt`, `ltxt`, `fb`) VALUES ('107', 'Medizin', 'Medizin', 'Medizin', 'IA');
INSERT INTO `his_stg` (`stg`, `ktxt`, `dtxt`, `ltxt`, `fb`) VALUES ('111', 'Mineralogi', 'Mineralogie', 'Mineralogie', 'HB');
INSERT INTO `his_stg` (`stg`, `ktxt`, `dtxt`, `ltxt`, `fb`) VALUES ('113', 'Musik', 'Musik', 'Musik', 'DD');
INSERT INTO `his_stg` (`stg`, `ktxt`, `dtxt`, `ltxt`, `fb`) VALUES ('114', 'Musikwiss.', 'Musikwissenschaft', 'Musikwissenschaft', 'DD');
INSERT INTO `his_stg` (`stg`, `ktxt`, `dtxt`, `ltxt`, `fb`) VALUES ('115', 'Grundsch.l', 'Grundschullehrer', 'Grundschullehrer', 'EC');
INSERT INTO `his_stg` (`stg`, `ktxt`, `dtxt`, `ltxt`, `fb`) VALUES ('118', 'Technomath', 'Technomathematik', 'Technomathematik', 'HD');
INSERT INTO `his_stg` (`stg`, `ktxt`, `dtxt`, `ltxt`, `fb`) VALUES ('123', 'Ingwiss.In', 'Ing.wiss./Vert.Ing.Inform', 'Ingenieurwiss.,Vertiefung Ingenieurinformatik', 'HE');
INSERT INTO `his_stg` (`stg`, `ktxt`, `dtxt`, `ltxt`, `fb`) VALUES ('126', 'Pharmazie', 'Pharmazie', 'Pharmazie', 'FC');
INSERT INTO `his_stg` (`stg`, `ktxt`, `dtxt`, `ltxt`, `fb`) VALUES ('127', 'Philosophi', 'Philosophie', 'Philosophie', 'CG');
INSERT INTO `his_stg` (`stg`, `ktxt`, `dtxt`, `ltxt`, `fb`) VALUES ('128', 'Physik', 'Physik', 'Physik', 'GB');
INSERT INTO `his_stg` (`stg`, `ktxt`, `dtxt`, `ltxt`, `fb`) VALUES ('130', 'Polnisch (', 'Fachübersetzen Polnisch', 'Fachübersetzen (Polnisch)', 'DC');
INSERT INTO `his_stg` (`stg`, `ktxt`, `dtxt`, `ltxt`, `fb`) VALUES ('132', 'Psychologi', 'Psychologie', 'Psychologie', 'CF');
INSERT INTO `his_stg` (`stg`, `ktxt`, `dtxt`, `ltxt`, `fb`) VALUES ('133', 'Medien-u.K', 'Medien-u.Kommunikationsw.', 'Medien- und Kommunikationswissenschaft', 'DC');
INSERT INTO `his_stg` (`stg`, `ktxt`, `dtxt`, `ltxt`, `fb`) VALUES ('135', 'Rechtswiss', 'Rechtswissenschaft', 'Rechtswissenschaft', 'BA');
INSERT INTO `his_stg` (`stg`, `ktxt`, `dtxt`, `ltxt`, `fb`) VALUES ('139', 'Russisch', 'Russisch', 'Russisch', 'DF');
INSERT INTO `his_stg` (`stg`, `ktxt`, `dtxt`, `ltxt`, `fb`) VALUES ('146', 'Slavistik', 'Slavistik', 'Slavistik', 'DF');
INSERT INTO `his_stg` (`stg`, `ktxt`, `dtxt`, `ltxt`, `fb`) VALUES ('147', 'Sozialkund', 'Sozialkunde', 'Sozialkunde', 'CE');
INSERT INTO `his_stg` (`stg`, `ktxt`, `dtxt`, `ltxt`, `fb`) VALUES ('149', 'Soziologie', 'Soziologie', 'Soziologie', 'CH');
INSERT INTO `his_stg` (`stg`, `ktxt`, `dtxt`, `ltxt`, `fb`) VALUES ('150', 'Spanisch', 'Spanisch', 'Spanisch', 'DE');
INSERT INTO `his_stg` (`stg`, `ktxt`, `dtxt`, `ltxt`, `fb`) VALUES ('151', 'Sprachbeh.', 'Sprachbehindertenpädagog.', 'Sprachbehindertenpädagogik', 'EB');
INSERT INTO `his_stg` (`stg`, `ktxt`, `dtxt`, `ltxt`, `fb`) VALUES ('152', 'Sprachwiss', 'Sprachwissenschaft', 'Sprachwissenschaft', 'CD');
INSERT INTO `his_stg` (`stg`, `ktxt`, `dtxt`, `ltxt`, `fb`) VALUES ('153', 'Mazedonist', 'Mazedonistik', 'Mazedonistik', '64');
INSERT INTO `his_stg` (`stg`, `ktxt`, `dtxt`, `ltxt`, `fb`) VALUES ('169', 'Ethik', 'Ethik', 'Ethik', 'CG');
INSERT INTO `his_stg` (`stg`, `ktxt`, `dtxt`, `ltxt`, `fb`) VALUES ('170', 'Verh.gest.', 'Verhaltensgest.pädagogik', 'Verhaltensgestörtenpädagogik', 'EB');
INSERT INTO `his_stg` (`stg`, `ktxt`, `dtxt`, `ltxt`, `fb`) VALUES ('175', 'Volkswirt.', 'Volkswirtschaftslehre', 'Volkswirtschaftslehre', 'BB');
INSERT INTO `his_stg` (`stg`, `ktxt`, `dtxt`, `ltxt`, `fb`) VALUES ('177', 'Werkstoffw', 'Werkstoffwissenschaft', 'Werkstoffwissenschaft', 'HE');
INSERT INTO `his_stg` (`stg`, `ktxt`, `dtxt`, `ltxt`, `fb`) VALUES ('179', 'Wirt.ing.w', 'Wirtschaftsingenieurwesen', 'Wirtschaftsingenieurwesen', 'BB');
INSERT INTO `his_stg` (`stg`, `ktxt`, `dtxt`, `ltxt`, `fb`) VALUES ('185', 'Zahnmedizi', 'Zahnmedizin', 'Zahnmedizin', 'IA');
INSERT INTO `his_stg` (`stg`, `ktxt`, `dtxt`, `ltxt`, `fb`) VALUES ('190', 'Rehab.päda', 'Rehabilitationspädagogik', 'Rehabilitationspädagogik', 'EB');
INSERT INTO `his_stg` (`stg`, `ktxt`, `dtxt`, `ltxt`, `fb`) VALUES ('196', 'Studienkol', 'Studienkolleg', 'Studienkolleg', 'QA');
INSERT INTO `his_stg` (`stg`, `ktxt`, `dtxt`, `ltxt`, `fb`) VALUES ('202', 'Verarb.tec', 'Verarbeitungstechnik', 'Verarbeitungstechnik', '78');
INSERT INTO `his_stg` (`stg`, `ktxt`, `dtxt`, `ltxt`, `fb`) VALUES ('226', 'Verfahrens', 'Verfahrenstechnik', 'Verfahrenstechnik', 'HE');
INSERT INTO `his_stg` (`stg`, `ktxt`, `dtxt`, `ltxt`, `fb`) VALUES ('276', 'Wirtsch.Ma', 'Wirtschaftsmathematik', 'Wirtschaftsmathematik', 'HD');
INSERT INTO `his_stg` (`stg`, `ktxt`, `dtxt`, `ltxt`, `fb`) VALUES ('277', 'Wirtsch.In', 'Wirtschaftsinformatik', 'Wirtschaftsinformatik', 'BB');
INSERT INTO `his_stg` (`stg`, `ktxt`, `dtxt`, `ltxt`, `fb`) VALUES ('282', 'Bioingenie', 'Bio-Ingenieurwesen', 'Bio-Ingenieurwesen', 'HE');
INSERT INTO `his_stg` (`stg`, `ktxt`, `dtxt`, `ltxt`, `fb`) VALUES ('300', 'Politikwis', 'Politikwissenschaft', 'Politikwissenschaft', 'CE');
INSERT INTO `his_stg` (`stg`, `ktxt`, `dtxt`, `ltxt`, `fb`) VALUES ('302', 'Geologie/P', 'Geologie/Paläontologie', 'Geologie/Paläontologie', 'HB');
INSERT INTO `his_stg` (`stg`, `ktxt`, `dtxt`, `ltxt`, `fb`) VALUES ('320', 'Ernährungs', 'Ernährungswissenschaft', 'Ernährungswissenschaft', 'HA');
INSERT INTO `his_stg` (`stg`, `ktxt`, `dtxt`, `ltxt`, `fb`) VALUES ('457', 'Umwelttech', 'Umwelttechnik', 'Umwelttechnik', 'HE');
INSERT INTO `his_stg` (`stg`, `ktxt`, `dtxt`, `ltxt`, `fb`) VALUES ('548', 'Präh.Archä', 'Prähistor.Archäologie', 'Prähistorische Archäologie', 'CC');
INSERT INTO `his_stg` (`stg`, `ktxt`, `dtxt`, `ltxt`, `fb`) VALUES ('603', 'Germ.Sprac', 'Germanist.Sprachwissensch', 'Germanistische Sprachwissenschaft', 'DB');
INSERT INTO `his_stg` (`stg`, `ktxt`, `dtxt`, `ltxt`, `fb`) VALUES ('604', 'Germ.Liter', 'Germanist.Literaturwiss.', 'Germanistische Literaturwissenschaft', 'DB');
INSERT INTO `his_stg` (`stg`, `ktxt`, `dtxt`, `ltxt`, `fb`) VALUES ('605', 'Sprechwiss', 'Sprechwissenschaft', 'Sprechwissenschaft', 'DF');
INSERT INTO `his_stg` (`stg`, `ktxt`, `dtxt`, `ltxt`, `fb`) VALUES ('606', 'Wirtsch/Te', 'Wirtschaft/Technik', 'Wirtschaft und Technik', 'HE');
INSERT INTO `his_stg` (`stg`, `ktxt`, `dtxt`, `ltxt`, `fb`) VALUES ('609', 'Semitistik', 'Semitistik', 'Semitistik', 'CD');
INSERT INTO `his_stg` (`stg`, `ktxt`, `dtxt`, `ltxt`, `fb`) VALUES ('610', 'Italianist', 'Italianistik', 'Italianistik', 'DE');
INSERT INTO `his_stg` (`stg`, `ktxt`, `dtxt`, `ltxt`, `fb`) VALUES ('612', 'Anglistik', 'Anglistik', 'Anglistik', 'DA');
INSERT INTO `his_stg` (`stg`, `ktxt`, `dtxt`, `ltxt`, `fb`) VALUES ('613', 'Angl./Amer', 'Anglistik/Amerikanistik', 'Anglistik/Amerikanistik', 'DA');
INSERT INTO `his_stg` (`stg`, `ktxt`, `dtxt`, `ltxt`, `fb`) VALUES ('614', 'Galloroman', 'Galloromanistik', 'Galloromanistik', 'DE');
INSERT INTO `his_stg` (`stg`, `ktxt`, `dtxt`, `ltxt`, `fb`) VALUES ('615', 'Hispanisti', 'Hispanistik', 'Hispanistik', 'DE');
INSERT INTO `his_stg` (`stg`, `ktxt`, `dtxt`, `ltxt`, `fb`) VALUES ('618', 'Polonistik', 'Polonistik', 'Polonistik', '64');
INSERT INTO `his_stg` (`stg`, `ktxt`, `dtxt`, `ltxt`, `fb`) VALUES ('619', 'Klass.Arch', 'Klassische Archäologie', 'Klassische Archäologie', 'CA');
INSERT INTO `his_stg` (`stg`, `ktxt`, `dtxt`, `ltxt`, `fb`) VALUES ('620', 'Mittellat.', 'Mittellatein.Philologie', 'Mittellateinische Philologie', 'CA');
INSERT INTO `his_stg` (`stg`, `ktxt`, `dtxt`, `ltxt`, `fb`) VALUES ('621', 'Or.Arch.u.', 'Oriental.Archäol.u.Kunst', 'Orientalische Archäologie und Kunst', 'CA');
INSERT INTO `his_stg` (`stg`, `ktxt`, `dtxt`, `ltxt`, `fb`) VALUES ('623', 'Sp/Lit Chr', 'Spr./Lit.d.Christl.Orient', 'Sprachen und Literaturen des Christlichen Orients', 'CD');
INSERT INTO `his_stg` (`stg`, `ktxt`, `dtxt`, `ltxt`, `fb`) VALUES ('624', 'Kunstgesch', 'Kunstgeschichte Byz.', 'Kunstgeschichte Byzantinistik', '63');
INSERT INTO `his_stg` (`stg`, `ktxt`, `dtxt`, `ltxt`, `fb`) VALUES ('629', 'Osteurop.G', 'Osteuropäische Geschichte', 'Osteuropäische Geschichte', 'CB');
INSERT INTO `his_stg` (`stg`, `ktxt`, `dtxt`, `ltxt`, `fb`) VALUES ('630', 'Mitt.u.Neu', 'Mittl.u.Neue Geschichte', 'Geschichte, Mittlere und Neuere', '62');
INSERT INTO `his_stg` (`stg`, `ktxt`, `dtxt`, `ltxt`, `fb`) VALUES ('631', 'Neueste Ge', 'Neueste Geschichte', 'Neueste Geschichte', '62');
INSERT INTO `his_stg` (`stg`, `ktxt`, `dtxt`, `ltxt`, `fb`) VALUES ('632', 'Sozialgesc', 'Sozialgeschichte', 'Sozialgeschichte', '62');
INSERT INTO `his_stg` (`stg`, `ktxt`, `dtxt`, `ltxt`, `fb`) VALUES ('633', 'Landesgesc', 'Landesgeschichte', 'Landesgeschichte', 'CB');
INSERT INTO `his_stg` (`stg`, `ktxt`, `dtxt`, `ltxt`, `fb`) VALUES ('634', 'Hist.Hilfs', 'Hist. Hilfswissensch.', 'Historische Hilfswissenschaften', 'CB');
INSERT INTO `his_stg` (`stg`, `ktxt`, `dtxt`, `ltxt`, `fb`) VALUES ('636', 'Mediz.Päda', 'Medizinpädagogik', 'Medizinpädagogik', 'IA');
INSERT INTO `his_stg` (`stg`, `ktxt`, `dtxt`, `ltxt`, `fb`) VALUES ('638', 'Phonetik', 'Phonetik', 'Phonetik', '65');
INSERT INTO `his_stg` (`stg`, `ktxt`, `dtxt`, `ltxt`, `fb`) VALUES ('641', 'Therapiesp', 'Therapiesport', 'Therapiesport', '65');
INSERT INTO `his_stg` (`stg`, `ktxt`, `dtxt`, `ltxt`, `fb`) VALUES ('642', 'Russistik', 'Russistik', 'Russistik', 'DF');
INSERT INTO `his_stg` (`stg`, `ktxt`, `dtxt`, `ltxt`, `fb`) VALUES ('643', 'Ev.Religio', 'Evangelische Religion', 'Evangelische Religionslehre', 'A');
INSERT INTO `his_stg` (`stg`, `ktxt`, `dtxt`, `ltxt`, `fb`) VALUES ('644', 'Latein.Phi', 'Lateinische Philologie', 'Lateinische Philologie', 'CA');
INSERT INTO `his_stg` (`stg`, `ktxt`, `dtxt`, `ltxt`, `fb`) VALUES ('645', 'Griech.Phi', 'Griechische Philologie', 'Griechische Philologie', 'CA');
INSERT INTO `his_stg` (`stg`, `ktxt`, `dtxt`, `ltxt`, `fb`) VALUES ('646', 'Russisch (', 'Fachübersetzen Russisch', 'Fachübersetzen (Russisch)', '64');
INSERT INTO `his_stg` (`stg`, `ktxt`, `dtxt`, `ltxt`, `fb`) VALUES ('647', 'Englisch (', 'Fachübersetzen Englisch', 'Fachübersetzen (Englisch)', 'DC');
INSERT INTO `his_stg` (`stg`, `ktxt`, `dtxt`, `ltxt`, `fb`) VALUES ('648', 'Französisc', 'Fachübersetzen Französ.', 'Fachübersetzen (Französisch)', '64');
INSERT INTO `his_stg` (`stg`, `ktxt`, `dtxt`, `ltxt`, `fb`) VALUES ('649', 'Deutsch/Fr', 'Deutsch als Fremdsprache', 'Deutsch als Fremdsprache', '64');
INSERT INTO `his_stg` (`stg`, `ktxt`, `dtxt`, `ltxt`, `fb`) VALUES ('651', 'Alte Gesch', 'Alte Geschichte', 'Alte Geschichte', 'CB');
INSERT INTO `his_stg` (`stg`, `ktxt`, `dtxt`, `ltxt`, `fb`) VALUES ('652', 'Angl/Amer.', 'Anglistik/Amerikan.(Lit.)', 'Angl./Amerik. - Englische u. Amerikan. Literatur', '64');
INSERT INTO `his_stg` (`stg`, `ktxt`, `dtxt`, `ltxt`, `fb`) VALUES ('653', 'Angl/Amer.', 'Anglistik/Amerikan.(Spr.)', 'Angl./Amerikanistik-Englische Sprachwissenschaft', '64');
INSERT INTO `his_stg` (`stg`, `ktxt`, `dtxt`, `ltxt`, `fb`) VALUES ('654', 'Hauswirtsc', 'Hauswirtschaft', 'Hauswirtschaft', 'EA');
INSERT INTO `his_stg` (`stg`, `ktxt`, `dtxt`, `ltxt`, `fb`) VALUES ('655', 'Musik-Th.u', 'Theorie u.Prax.der Musik', 'Theorie und Praxis der Musik', '65');
INSERT INTO `his_stg` (`stg`, `ktxt`, `dtxt`, `ltxt`, `fb`) VALUES ('656', 'Polnisch', 'Polnisch', 'Polnisch', '64');
INSERT INTO `his_stg` (`stg`, `ktxt`, `dtxt`, `ltxt`, `fb`) VALUES ('657', 'Sozialkund', 'Sozialkunde/DIF', 'Sozialkunde', '62');
INSERT INTO `his_stg` (`stg`, `ktxt`, `dtxt`, `ltxt`, `fb`) VALUES ('660', 'Schulgarte', 'Schulgarten', 'Schulgarten', 'EC');
INSERT INTO `his_stg` (`stg`, `ktxt`, `dtxt`, `ltxt`, `fb`) VALUES ('661', 'Werken', 'Werken', 'Werkunterricht', 'EC');
INSERT INTO `his_stg` (`stg`, `ktxt`, `dtxt`, `ltxt`, `fb`) VALUES ('662', 'Heimat-/Sa', 'Heimatkunde/Sachkunde', 'Heimatkunde/Sachkunde', 'EC');
INSERT INTO `his_stg` (`stg`, `ktxt`, `dtxt`, `ltxt`, `fb`) VALUES ('663', 'Kunsterz.(', 'Kunsterziehung (Grundsch)', 'Kunsterziehung (Grundschule)', 'EC');
INSERT INTO `his_stg` (`stg`, `ktxt`, `dtxt`, `ltxt`, `fb`) VALUES ('664', 'Sport(Grun', 'Sport (Grundsch)', 'Sport (Grundschule)', 'EC');
INSERT INTO `his_stg` (`stg`, `ktxt`, `dtxt`, `ltxt`, `fb`) VALUES ('665', 'Musik(Grun', 'Musik (Grundsch)', 'Musik (Grundsch)', 'EC');
INSERT INTO `his_stg` (`stg`, `ktxt`, `dtxt`, `ltxt`, `fb`) VALUES ('666', 'Ethik(Grun', 'Ethik (Grundsch)', 'Ethik (Grundsch)', 'EC');
INSERT INTO `his_stg` (`stg`, `ktxt`, `dtxt`, `ltxt`, `fb`) VALUES ('667', 'Ev.Relig.(', 'Evangel.Relig.(Grundsch.)', 'Evangelische Religionslehre (Grundschule)', 'EC');
INSERT INTO `his_stg` (`stg`, `ktxt`, `dtxt`, `ltxt`, `fb`) VALUES ('668', 'Deutsch (G', 'Deutsch (Grundschule)', 'Deutsch (Grundschule)', 'EC');
INSERT INTO `his_stg` (`stg`, `ktxt`, `dtxt`, `ltxt`, `fb`) VALUES ('669', 'Mathematik', 'Mathematik (Grundschule)', 'Mathematik (Grundschule)', 'EC');
INSERT INTO `his_stg` (`stg`, `ktxt`, `dtxt`, `ltxt`, `fb`) VALUES ('670', 'Betriebsw.', 'Betriebswirtschaftslehre', 'Betriebswirtschaftslehre', '30');
INSERT INTO `his_stg` (`stg`, `ktxt`, `dtxt`, `ltxt`, `fb`) VALUES ('671', 'Volkswirt.', 'Volkswirtschaftslehre', 'Volkswirtschaftslehre', '30');
INSERT INTO `his_stg` (`stg`, `ktxt`, `dtxt`, `ltxt`, `fb`) VALUES ('672', 'Wirtsch.In', 'Wirtschaftsinformatik', 'Wirtschaftsinformatik', '30');
INSERT INTO `his_stg` (`stg`, `ktxt`, `dtxt`, `ltxt`, `fb`) VALUES ('673', 'Deutsch (F', 'Deutsch (Förderstufe)', 'Deutsch', '64');
INSERT INTO `his_stg` (`stg`, `ktxt`, `dtxt`, `ltxt`, `fb`) VALUES ('674', 'Mathematik', 'Mathematik (Förderstufe)', 'Mathematik', '75');
INSERT INTO `his_stg` (`stg`, `ktxt`, `dtxt`, `ltxt`, `fb`) VALUES ('675', 'Klavier', 'Klavier', 'Klavier', 'DD');
INSERT INTO `his_stg` (`stg`, `ktxt`, `dtxt`, `ltxt`, `fb`) VALUES ('676', 'Pflegewiss', 'Pflegewissenschaft', 'Pflegewissenschaft/-management', 'IA');
INSERT INTO `his_stg` (`stg`, `ktxt`, `dtxt`, `ltxt`, `fb`) VALUES ('677', 'Materialwi', 'Materialwissenschaft', 'Materialwissenschaft', '78');
INSERT INTO `his_stg` (`stg`, `ktxt`, `dtxt`, `ltxt`, `fb`) VALUES ('678', 'Legum magi', 'Legum magister', 'legum magister', '20');
INSERT INTO `his_stg` (`stg`, `ktxt`, `dtxt`, `ltxt`, `fb`) VALUES ('679', 'Musikerz.(', 'Musikerzieher Hf:Gesang', 'Musikerzieher - Hauptfach: Gesang', 'DD');
INSERT INTO `his_stg` (`stg`, `ktxt`, `dtxt`, `ltxt`, `fb`) VALUES ('680', 'Wirtsch.re', 'Wirtschaftsrecht', 'Wirtschaftsrecht', '20');
INSERT INTO `his_stg` (`stg`, `ktxt`, `dtxt`, `ltxt`, `fb`) VALUES ('681', 'Didakt.d.G', 'Didaktik der Geschichte', 'Didaktik der Geschichte', 'CB');
INSERT INTO `his_stg` (`stg`, `ktxt`, `dtxt`, `ltxt`, `fb`) VALUES ('682', 'Wrt.u.Soz.', 'Wirtsch.u.Sozialgesch.', 'Wirtschafts- und Sozialgeschichte', 'CB');
INSERT INTO `his_stg` (`stg`, `ktxt`, `dtxt`, `ltxt`, `fb`) VALUES ('683', 'Zeitgeschi', 'Zeitgeschichte', 'Zeitgeschichte', 'CB');
INSERT INTO `his_stg` (`stg`, `ktxt`, `dtxt`, `ltxt`, `fb`) VALUES ('684', 'Medizin.Ph', 'Medizinische Physik', 'Medizinische Physik', 'GB');
INSERT INTO `his_stg` (`stg`, `ktxt`, `dtxt`, `ltxt`, `fb`) VALUES ('685', 'Bio-Inform', 'Bioinformatik', 'Bioinformatik', 'HC');
INSERT INTO `his_stg` (`stg`, `ktxt`, `dtxt`, `ltxt`, `fb`) VALUES ('686', 'Biomed.Mat', 'Biomedizin.Materialien', 'Biomedizinische Materialien', 'FC');
INSERT INTO `his_stg` (`stg`, `ktxt`, `dtxt`, `ltxt`, `fb`) VALUES ('687', 'Pfl./Gesun', 'Pflege-u.Gesundheitswiss.', 'Pflege- und Gesundheitswissenschaft', 'IA');
INSERT INTO `his_stg` (`stg`, `ktxt`, `dtxt`, `ltxt`, `fb`) VALUES ('688', 'Werkstf.te', 'Werkstofftechnologie', 'Werkstofftechnologie', '78');
INSERT INTO `his_stg` (`stg`, `ktxt`, `dtxt`, `ltxt`, `fb`) VALUES ('689', 'Alt-German', 'Altgermanistik', 'Altgermanistik', 'DB');
INSERT INTO `his_stg` (`stg`, `ktxt`, `dtxt`, `ltxt`, `fb`) VALUES ('690', 'Sp/Kult.n.', 'Spr./Kult.d.neuz.Südasien', 'Sprachen und Kulturen des neuzeitlichen Südasien', 'CD');
INSERT INTO `his_stg` (`stg`, `ktxt`, `dtxt`, `ltxt`, `fb`) VALUES ('691', 'Sport(Br+W', 'Sportw.(Breiten u.Wettk.)', 'Sportwissensch. Schw: Breiten- und Wettkampfsport', '65');
INSERT INTO `his_stg` (`stg`, `ktxt`, `dtxt`, `ltxt`, `fb`) VALUES ('692', 'Sport(Ther', 'Sportw.(Präv/Reha/Therap)', 'Sportwiss. (Prävention,Rehabilitation,Therapie)', 'DC');
INSERT INTO `his_stg` (`stg`, `ktxt`, `dtxt`, `ltxt`, `fb`) VALUES ('777', 'Seniorenko', 'Seniorenkolleg', 'Seniorenkolleg', 'QB');
INSERT INTO `his_stg` (`stg`, `ktxt`, `dtxt`, `ltxt`, `fb`) VALUES ('693', 'Int.Wissen', 'Interkult.Wissenskommunik', 'Interkulturelle Wissenskommunikation', 'DC');
INSERT INTO `his_stg` (`stg`, `ktxt`, `dtxt`, `ltxt`, `fb`) VALUES ('694', 'Biomed.Eng', 'Biomedical Engineering', 'Biomedical Engineering', 'IA');
INSERT INTO `his_stg` (`stg`, `ktxt`, `dtxt`, `ltxt`, `fb`) VALUES ('695', 'Appl.Polym', 'Applied Polymer Science', 'Master of Applied Polymer Science', 'GA');
INSERT INTO `his_stg` (`stg`, `ktxt`, `dtxt`, `ltxt`, `fb`) VALUES ('696', 'Europa/Ame', 'Interk.Europa/Amerikastud', 'Interkulturelle Europa- und Amerikastudien', 'DA');
INSERT INTO `his_stg` (`stg`, `ktxt`, `dtxt`, `ltxt`, `fb`) VALUES ('697', 'Musikpädag', 'Musikpädagogik', 'Musikpädagogik', 'DD');
INSERT INTO `his_stg` (`stg`, `ktxt`, `dtxt`, `ltxt`, `fb`) VALUES ('698', 'ChrArch/By', 'Chr.Arch./Byz.Kunstgesch.', 'Christl. Archäologie u. Byzantin. Kunstgeschichte', 'CC');
INSERT INTO `his_stg` (`stg`, `ktxt`, `dtxt`, `ltxt`, `fb`) VALUES ('101', 'Denkmalpfl', 'Heritage management', 'Master of Science in Heritage management', 'CC');
INSERT INTO `his_stg` (`stg`, `ktxt`, `dtxt`, `ltxt`, `fb`) VALUES ('173', 'Ethnologie', 'Ethnologie', 'Ethnologie', 'CG');
INSERT INTO `his_stg` (`stg`, `ktxt`, `dtxt`, `ltxt`, `fb`) VALUES ('699', 'Integratio', 'Integrationspädagogik', 'Integrationspädagogik', '61');
INSERT INTO `his_stg` (`stg`, `ktxt`, `dtxt`, `ltxt`, `fb`) VALUES ('361', 'Schulpädag', 'Schulleit./', 'Schule leiten und gestalten', '61');
INSERT INTO `his_stg` (`stg`, `ktxt`, `dtxt`, `ltxt`, `fb`) VALUES ('617', 'Amerikanis', 'Amerikanistik', 'Amerikanistik', 'DA');
INSERT INTO `his_stg` (`stg`, `ktxt`, `dtxt`, `ltxt`, `fb`) VALUES ('042', 'Wirtsch.re', 'Wirtschaftsrecht', 'Wirtschaftsrecht', 'BA');
INSERT INTO `his_stg` (`stg`, `ktxt`, `dtxt`, `ltxt`, `fb`) VALUES ('086', 'Kathol.Rel', 'Kathol. Theol, -Religio', 'Katholische Thoelogie, -Religionslehre', 'ED');
INSERT INTO `his_stg` (`stg`, `ktxt`, `dtxt`, `ltxt`, `fb`) VALUES ('700', 'Autor./Mul', 'Autorschaft & Multimedia', 'Autorschaft und Multimedia', '64');
INSERT INTO `his_stg` (`stg`, `ktxt`, `dtxt`, `ltxt`, `fb`) VALUES ('701', 'Chem.u.Umw', 'Chemie-u.Umweltingenieurw', 'Chemie- und Umweltingenieurwesen', 'HE');
INSERT INTO `his_stg` (`stg`, `ktxt`, `dtxt`, `ltxt`, `fb`) VALUES ('137', 'Romanistik', 'Romanistik', 'Romanistik', '64');
INSERT INTO `his_stg` (`stg`, `ktxt`, `dtxt`, `ltxt`, `fb`) VALUES ('602', 'Betr.Wirt.', 'Betriebswirschaft d.Landw', 'Betriebswirtschaftslehre der Landwirtschaft', '30');
INSERT INTO `his_stg` (`stg`, `ktxt`, `dtxt`, `ltxt`, `fb`) VALUES ('616', 'Lusitanist', 'Lusitanistik', 'Lusitanistik', 'DC');
INSERT INTO `his_stg` (`stg`, `ktxt`, `dtxt`, `ltxt`, `fb`) VALUES ('637', 'Klass.Phil', 'Klassische Philologie', 'Klassische Philologie', '63');
INSERT INTO `his_stg` (`stg`, `ktxt`, `dtxt`, `ltxt`, `fb`) VALUES ('122', 'Orientalis', 'Orientalistik', 'Orientalistik', 'CD');
INSERT INTO `his_stg` (`stg`, `ktxt`, `dtxt`, `ltxt`, `fb`) VALUES ('702', 'Kath.Relig', 'Kathol.Religion(Grundsch)', 'Katholische Religionslehre (Grundschule)', 'EC');
INSERT INTO `his_stg` (`stg`, `ktxt`, `dtxt`, `ltxt`, `fb`) VALUES ('821', 'Busines180', 'Business Studies(Int.)180', 'Business Studies (International)', 'BB');
INSERT INTO `his_stg` (`stg`, `ktxt`, `dtxt`, `ltxt`, `fb`) VALUES ('875', 'Economi180', 'Economics(Int.)180', 'Economics (International)', 'BB');
INSERT INTO `his_stg` (`stg`, `ktxt`, `dtxt`, `ltxt`, `fb`) VALUES ('199', 'Technik (S', 'Technik an Sekundarschul.', 'Technik an Sekundarschulen', '78');
INSERT INTO `his_stg` (`stg`, `ktxt`, `dtxt`, `ltxt`, `fb`) VALUES ('711', 'Ik.EAs./US', 'Interk.Eur.Am.st./USA', 'Interkult. Europa- und Amerikastudien / USA', 'DA');
INSERT INTO `his_stg` (`stg`, `ktxt`, `dtxt`, `ltxt`, `fb`) VALUES ('712', 'Ik.EAs./Gr', 'Interk.Eur.Am.st./Gr.Brit', 'Interkult. Europa- und Amerikastudien / Gr.Brit.', 'DA');
INSERT INTO `his_stg` (`stg`, `ktxt`, `dtxt`, `ltxt`, `fb`) VALUES ('713', 'Ik.EAs./Fr', 'Interk.Eur.Am.st./Frankr.', 'Interkult. Europa- und Amerikastudien / Frankr.', 'DE');
INSERT INTO `his_stg` (`stg`, `ktxt`, `dtxt`, `ltxt`, `fb`) VALUES ('714', 'Ik.EAs./Ru', 'Interk.Eur.Am.st./Russl.', 'Interkult. Europa- und Amerikastudien / Russland', 'DF');
INSERT INTO `his_stg` (`stg`, `ktxt`, `dtxt`, `ltxt`, `fb`) VALUES ('715', 'Ik.EAs./La', 'Interk.Eur.Am.st./Lat.Am.', 'Interkult. Europa- und Amerikastudien / Lat.Amer.', 'DE');
INSERT INTO `his_stg` (`stg`, `ktxt`, `dtxt`, `ltxt`, `fb`) VALUES ('716', 'Ik.EAs./It', 'Interk.Eur.Am.st./Italien', 'Interkult. Europa- und Amerikastudien / Italien', 'DE');
INSERT INTO `his_stg` (`stg`, `ktxt`, `dtxt`, `ltxt`, `fb`) VALUES ('717', 'Ik.EAs./Po', 'Interk.Eur.Am.st./Polen', 'Interkult. Europa- und Amerikastudien / Polen', 'DF');
INSERT INTO `his_stg` (`stg`, `ktxt`, `dtxt`, `ltxt`, `fb`) VALUES ('718', 'Ik.EAs./SO', 'Interk.Eur.Am.st./SO-Eur.', 'Interkult. Europa- und Amerikastudien / SO-Europa', 'DF');
INSERT INTO `his_stg` (`stg`, `ktxt`, `dtxt`, `ltxt`, `fb`) VALUES ('719', 'Ik.EAs./D-', 'Interk.Eur.Am.st./D-Land', 'Interkult. Europa- und Amerikastudien / Deutschl.', 'DB');
INSERT INTO `his_stg` (`stg`, `ktxt`, `dtxt`, `ltxt`, `fb`) VALUES ('154', 'Staatsbürg', 'Staatsbürgerkunde', 'Staatsbürgerkunde', '62');
INSERT INTO `his_stg` (`stg`, `ktxt`, `dtxt`, `ltxt`, `fb`) VALUES ('775', 'Empir.Ökon', 'Empir.Ökonom/Polit.berat.', 'Empirische Ökonomik und Politikberatung', 'BB');
INSERT INTO `his_stg` (`stg`, `ktxt`, `dtxt`, `ltxt`, `fb`) VALUES ('039', 'Geowiss', 'Angew. Geowissenschaften', 'Angewandte Geowissenschaften', 'HB');
INSERT INTO `his_stg` (`stg`, `ktxt`, `dtxt`, `ltxt`, `fb`) VALUES ('121', 'Multim/VRI', 'Multimedia/Virtual R.Inf.', 'Multimedia/Virtulal Reality-Informatik', 'HC');
INSERT INTO `his_stg` (`stg`, `ktxt`, `dtxt`, `ltxt`, `fb`) VALUES ('722', 'Stkoll W', 'W-Kurs', 'W-Kurs', 'QA');
INSERT INTO `his_stg` (`stg`, `ktxt`, `dtxt`, `ltxt`, `fb`) VALUES ('723', 'Stkoll T', 'T-Kurs', 'T-Kurs', 'QA');
INSERT INTO `his_stg` (`stg`, `ktxt`, `dtxt`, `ltxt`, `fb`) VALUES ('724', 'Stkoll S/G', 'S/G-Kurs', 'S/G-Kurs', 'QA');
INSERT INTO `his_stg` (`stg`, `ktxt`, `dtxt`, `ltxt`, `fb`) VALUES ('725', 'Stkoll M', 'M-Kurs', 'M-Kurs', 'QA');
INSERT INTO `his_stg` (`stg`, `ktxt`, `dtxt`, `ltxt`, `fb`) VALUES ('726', 'Stkoll DSH', 'DSH-Kurs', 'DSH-Kurs', 'QA');
INSERT INTO `his_stg` (`stg`, `ktxt`, `dtxt`, `ltxt`, `fb`) VALUES ('720', 'Qu/Bi/Sozi', 'Quali./Bildg./Sozialf.', 'Qualitative Bildungs- und Sozialforschung', '61');
INSERT INTO `his_stg` (`stg`, `ktxt`, `dtxt`, `ltxt`, `fb`) VALUES ('721', 'M./Eth./R.', 'Medizin-Ethik-Recht', 'Medizin-Ethik-Recht', 'BA');
INSERT INTO `his_stg` (`stg`, `ktxt`, `dtxt`, `ltxt`, `fb`) VALUES ('727', 'MM&A', 'MultiMedia & Autor', 'MultiMedia & Autorschaft', 'DC');
INSERT INTO `his_stg` (`stg`, `ktxt`, `dtxt`, `ltxt`, `fb`) VALUES ('728', 'Int.Fi.Man', 'Inter.Finanzmanagement', 'Internationales Finanzmanagement', 'BB');
INSERT INTO `his_stg` (`stg`, `ktxt`, `dtxt`, `ltxt`, `fb`) VALUES ('000', 'ASQ-Ber.', 'ASQ90/120/180', 'Alle Bachelor (90/120/180)', 'QD');
INSERT INTO `his_stg` (`stg`, `ktxt`, `dtxt`, `ltxt`, `fb`) VALUES ('027', 'Sehbeh.Päd', 'Blind/Sehbehindertenpäd.', 'Blinden-/Sehbehindertenpädagogik', '61');
INSERT INTO `his_stg` (`stg`, `ktxt`, `dtxt`, `ltxt`, `fb`) VALUES ('062', 'GehörlPäd', 'Gehörl/Schwerhö/Pädagogik', 'Gehörlosen-/Schwerhörigenpädagogik', 'EB');
INSERT INTO `his_stg` (`stg`, `ktxt`, `dtxt`, `ltxt`, `fb`) VALUES ('093', 'MNRessourc', 'Management nat Ressourcen', 'Management natürlicher Ressourcen', 'HA');
INSERT INTO `his_stg` (`stg`, `ktxt`, `dtxt`, `ltxt`, `fb`) VALUES ('193', 'KirMusik', 'Kirchenmusik', 'Kirchenmusik', '65');
INSERT INTO `his_stg` (`stg`, `ktxt`, `dtxt`, `ltxt`, `fb`) VALUES ('200', 'Politik120', 'Politikwissenschaft120', 'Politikwissenschaft', 'CE');
INSERT INTO `his_stg` (`stg`, `ktxt`, `dtxt`, `ltxt`, `fb`) VALUES ('206', 'Angl/Am120', 'Anglistik/Amerikan.120', 'Anglistik und Amerikanistik', 'DA');
INSERT INTO `his_stg` (`stg`, `ktxt`, `dtxt`, `ltxt`, `fb`) VALUES ('210', 'Nahost120', 'Nahoststudien120', 'Nahoststudien', 'CD');
INSERT INTO `his_stg` (`stg`, `ktxt`, `dtxt`, `ltxt`, `fb`) VALUES ('214', 'Musikw.120', 'Musikwissenschaft120', 'Musikwissenschaft', 'DD');
INSERT INTO `his_stg` (`stg`, `ktxt`, `dtxt`, `ltxt`, `fb`) VALUES ('224', 'KlasAlt120', 'Klassisches Altertum120', 'Klassisches Altertum', 'CA');
INSERT INTO `his_stg` (`stg`, `ktxt`, `dtxt`, `ltxt`, `fb`) VALUES ('233', 'MuK120', 'Medien-u.Kommunikation120', 'Medien- und Kommunikationswissenschaft', 'DC');
INSERT INTO `his_stg` (`stg`, `ktxt`, `dtxt`, `ltxt`, `fb`) VALUES ('237', 'Romanis120', 'Romanistik120', 'Romanistik (zwei Sprachdomänen)', 'DE');
INSERT INTO `his_stg` (`stg`, `ktxt`, `dtxt`, `ltxt`, `fb`) VALUES ('247', 'SlavSpr120', 'SlavischeSprLitKult120', 'Slavische Sprachen, Literaturen und Kulturen (zwei Slavinen)', 'DF');
INSERT INTO `his_stg` (`stg`, `ktxt`, `dtxt`, `ltxt`, `fb`) VALUES ('249', 'Soziolo120', 'Soziologie120', 'Soziologie', 'CH');
INSERT INTO `his_stg` (`stg`, `ktxt`, `dtxt`, `ltxt`, `fb`) VALUES ('250', 'Geogra120', 'Geographie120', 'Geographie', 'HB');
INSERT INTO `his_stg` (`stg`, `ktxt`, `dtxt`, `ltxt`, `fb`) VALUES ('255', 'EvTheol120', 'EvangelischeTheologie120', 'Evangelische Theologie', 'A');
INSERT INTO `his_stg` (`stg`, `ktxt`, `dtxt`, `ltxt`, `fb`) VALUES ('268', 'Gesch120', 'Geschichte120', 'Geschichte', 'CB');
INSERT INTO `his_stg` (`stg`, `ktxt`, `dtxt`, `ltxt`, `fb`) VALUES ('272', 'WirInfo120', 'Wirtschaftsinformatik120', 'Kernfach Wirtschaftsinformatik  (Core Subject Business Information Systems)', 'BB');
INSERT INTO `his_stg` (`stg`, `ktxt`, `dtxt`, `ltxt`, `fb`) VALUES ('284', 'WirtWis120', 'Wirtschaftswiss120', 'Wirtschaftswissenschaften (Economics and Management)', 'BB');
INSERT INTO `his_stg` (`stg`, `ktxt`, `dtxt`, `ltxt`, `fb`) VALUES ('292', 'Kunstge120', 'Kunstgeschichte120', 'Kunstgeschichte', 'CC');
INSERT INTO `his_stg` (`stg`, `ktxt`, `dtxt`, `ltxt`, `fb`) VALUES ('298', 'Sportwi120', 'Sportwissenschaft120', 'Sportwissenschaft', 'DC');
INSERT INTO `his_stg` (`stg`, `ktxt`, `dtxt`, `ltxt`, `fb`) VALUES ('2F1', 'IKFD120', 'IKEASFraDeu120', 'Interkulturelle Europa- und Amerikastudien Frankreich / Deutschland', 'DE');
INSERT INTO `his_stg` (`stg`, `ktxt`, `dtxt`, `ltxt`, `fb`) VALUES ('2F2', 'IKFG120', 'IKEASFraGro120', 'Interkulturelle Europa- und Amerikastudien Frankreich / Großbritannien', 'DE');
INSERT INTO `his_stg` (`stg`, `ktxt`, `dtxt`, `ltxt`, `fb`) VALUES ('2F3', 'IKFI120', 'IKEASFraIta120', 'Interkulturelle Europa- und Amerikastudien Frankreich / Italien', 'DE');
INSERT INTO `his_stg` (`stg`, `ktxt`, `dtxt`, `ltxt`, `fb`) VALUES ('2F4', 'IKFL120', 'IKEASFraLat120', 'Interkulturelle Europa- und Amerikastudien Frankreich / Lateinamerika', 'DE');
INSERT INTO `his_stg` (`stg`, `ktxt`, `dtxt`, `ltxt`, `fb`) VALUES ('2F5', 'IKFP120', 'IKEASFraPol120', 'Interkulturelle Europa- und Amerikastudien Frankreich / Polen', 'DE');
INSERT INTO `his_stg` (`stg`, `ktxt`, `dtxt`, `ltxt`, `fb`) VALUES ('2F6', 'IKFR120', 'IKEASFraRus120', 'Interkulturelle Europa- und Amerikastudien Frankreich / Russland', 'DE');
INSERT INTO `his_stg` (`stg`, `ktxt`, `dtxt`, `ltxt`, `fb`) VALUES ('2F7', 'IKFS120', 'IKEASFraSüd120', 'Interkulturelle Europa- und Amerikastudien Frankreich / Südostasien', 'DE');
INSERT INTO `his_stg` (`stg`, `ktxt`, `dtxt`, `ltxt`, `fb`) VALUES ('2F8', 'IKFU120', 'IKEASFraUSA120', 'Interkulturelle Europa- und Amerikastudien Frankreich / USA', 'DE');
INSERT INTO `his_stg` (`stg`, `ktxt`, `dtxt`, `ltxt`, `fb`) VALUES ('2G1', 'IKGD120', 'IKEASGroDeu120', 'Interkulturelle Europa- und Amerikastudien Großbritannien / Deutschland', 'DA');
INSERT INTO `his_stg` (`stg`, `ktxt`, `dtxt`, `ltxt`, `fb`) VALUES ('2G2', 'IKGF120', 'IKEASGroFra120', 'Interkulturelle Europa- und Amerikastudien Großbritannien / Frankreich', 'DA');
INSERT INTO `his_stg` (`stg`, `ktxt`, `dtxt`, `ltxt`, `fb`) VALUES ('2G3', 'IKGI120', 'IKEASGroIta120', 'Interkulturelle Europa- und Amerikastudien Großbritannien / Italien', 'DA');
INSERT INTO `his_stg` (`stg`, `ktxt`, `dtxt`, `ltxt`, `fb`) VALUES ('2G4', 'IKGL120', 'IKEASGroLat120', 'Interkulturelle Europa- und Amerikastudien Großbritannien / Lateinamerika', 'DA');
INSERT INTO `his_stg` (`stg`, `ktxt`, `dtxt`, `ltxt`, `fb`) VALUES ('2G5', 'IKGP120', 'IKEASGroPol120', 'Interkulturelle Europa- und Amerikastudien Großbritannien / Polen', 'DA');
INSERT INTO `his_stg` (`stg`, `ktxt`, `dtxt`, `ltxt`, `fb`) VALUES ('2G6', 'IKGR120', 'IKEASGroRus120', 'Interkulturelle Europa- und Amerikastudien Großbritannien / Russland', 'DA');
INSERT INTO `his_stg` (`stg`, `ktxt`, `dtxt`, `ltxt`, `fb`) VALUES ('2G7', 'IKGS120', 'IKEASGroSüd120', 'Interkulturelle Europa- und Amerikastudien Großbritannien / Südostasien', 'DA');
INSERT INTO `his_stg` (`stg`, `ktxt`, `dtxt`, `ltxt`, `fb`) VALUES ('2R1', 'IKRD120', 'IKEASRusDeu120', 'Interkulturelle Europa- und Amerikastudien Russland / Deutschland', 'DF');
INSERT INTO `his_stg` (`stg`, `ktxt`, `dtxt`, `ltxt`, `fb`) VALUES ('2R2', 'IKRF120', 'IKEASRusFra120', 'Interkulturelle Europa- und Amerikastudien Russland / Frankreich', 'DF');
INSERT INTO `his_stg` (`stg`, `ktxt`, `dtxt`, `ltxt`, `fb`) VALUES ('2R3', 'IKRG120', 'IKEASRusGro120', 'Interkulturelle Europa- und Amerikastudien Russland / Großbritannien', 'DF');
INSERT INTO `his_stg` (`stg`, `ktxt`, `dtxt`, `ltxt`, `fb`) VALUES ('2R4', 'IKRI120', 'IKEASRusIta120', 'Interkulturelle Europa- und Amerikastudien Russland / Italien', 'DF');
INSERT INTO `his_stg` (`stg`, `ktxt`, `dtxt`, `ltxt`, `fb`) VALUES ('2R5', 'IKRL120', 'IKEASRusLat120', 'Interkulturelle Europa- und Amerikastudien Russland / Lateinamerika', 'DF');
INSERT INTO `his_stg` (`stg`, `ktxt`, `dtxt`, `ltxt`, `fb`) VALUES ('2R6', 'IKRP120', 'IKEASRusPol120', 'Interkulturelle Europa- und Amerikastudien Russland / Polen', 'DF');
INSERT INTO `his_stg` (`stg`, `ktxt`, `dtxt`, `ltxt`, `fb`) VALUES ('2R7', 'IKRS120', 'IKEASRusSüd120', 'Interkulturelle Europa- und Amerikastudien Russland / Südostasien', 'DF');
INSERT INTO `his_stg` (`stg`, `ktxt`, `dtxt`, `ltxt`, `fb`) VALUES ('2R8', 'IKRU120', 'IKEASRusUSA120', 'Interkulturelle Europa- und Amerikastudien Russland / USA', 'DF');
INSERT INTO `his_stg` (`stg`, `ktxt`, `dtxt`, `ltxt`, `fb`) VALUES ('2U1', 'IKUD120', 'IKEASUSADeu120', 'Interkulturelle Europa- und Amerikastudien USA / Deutschland', 'DA');
INSERT INTO `his_stg` (`stg`, `ktxt`, `dtxt`, `ltxt`, `fb`) VALUES ('2U2', 'IKUF120', 'IKEASUSAFra120', 'Interkulturelle Europa- und Amerikastudien USA / Frankreich', 'DA');
INSERT INTO `his_stg` (`stg`, `ktxt`, `dtxt`, `ltxt`, `fb`) VALUES ('2U3', 'IKUI120', 'IKEASUSAIta120', 'Interkulturelle Europa- und Amerikastudien USA / Italien', 'DA');
INSERT INTO `his_stg` (`stg`, `ktxt`, `dtxt`, `ltxt`, `fb`) VALUES ('2U4', 'IKUL120', 'IKEASUSALat120', 'Interkulturelle Europa- und Amerikastudien USA / Lateinamerika', 'DA');
INSERT INTO `his_stg` (`stg`, `ktxt`, `dtxt`, `ltxt`, `fb`) VALUES ('2U5', 'IKUP120', 'IKEASUSAPol120', 'Interkulturelle Europa- und Amerikastudien USA / Polen', 'DA');
INSERT INTO `his_stg` (`stg`, `ktxt`, `dtxt`, `ltxt`, `fb`) VALUES ('2U6', 'IKUR120', 'IKEASUSARus120', 'Interkulturelle Europa- und Amerikastudien USA / Russland', 'DA');
INSERT INTO `his_stg` (`stg`, `ktxt`, `dtxt`, `ltxt`, `fb`) VALUES ('2U7', 'IKUS120', 'IKEASUSASüd120', 'Interkulturelle Europa- und Amerikastudien USA / Südostasien', 'DA');
INSERT INTO `his_stg` (`stg`, `ktxt`, `dtxt`, `ltxt`, `fb`) VALUES ('306', 'AAAMA75', 'Angew.Amerik./Angli.MA75', 'Angewandte Amerikanistik und Anglistik (AAA)', 'DA');
INSERT INTO `his_stg` (`stg`, `ktxt`, `dtxt`, `ltxt`, `fb`) VALUES ('367', 'DLiKuMA75', 'Deut.LiteraturKulturMA75', 'Deutsche Literatur und Kultur', 'DB');
INSERT INTO `his_stg` (`stg`, `ktxt`, `dtxt`, `ltxt`, `fb`) VALUES ('369', 'DaFMA75', 'Deut.alsFremdspr.MA75', 'Deutsch als Fremdsprache (DaF)', 'DB');
INSERT INTO `his_stg` (`stg`, `ktxt`, `dtxt`, `ltxt`, `fb`) VALUES ('385', 'JapanoMA75', 'JapanologieMA75', 'Japanologie', 'CE');
INSERT INTO `his_stg` (`stg`, `ktxt`, `dtxt`, `ltxt`, `fb`) VALUES ('406', 'AAAMA45', 'Angew.Amerik./Angli.MA45', 'Angewandte Amerikanistik und Anglistik (AAA)', 'DA');
INSERT INTO `his_stg` (`stg`, `ktxt`, `dtxt`, `ltxt`, `fb`) VALUES ('467', 'DLiKuMA45', 'Deut.LiteraturKulturMA45', 'Deutsche Literatur und Kultur', 'DB');
INSERT INTO `his_stg` (`stg`, `ktxt`, `dtxt`, `ltxt`, `fb`) VALUES ('469', 'DaFMA45', 'Deut.alsFremdspr.MA45', 'Deutsch als Fremdsprache (DaF)', 'DB');
INSERT INTO `his_stg` (`stg`, `ktxt`, `dtxt`, `ltxt`, `fb`) VALUES ('485', 'JapanoMA45', 'JapanologieMA45', 'Japanologie', 'CE');
INSERT INTO `his_stg` (`stg`, `ktxt`, `dtxt`, `ltxt`, `fb`) VALUES ('500', 'Politikw60', 'Politikwissenschaft60', 'Politikwissenschaft', 'CE');
INSERT INTO `his_stg` (`stg`, `ktxt`, `dtxt`, `ltxt`, `fb`) VALUES ('506', 'Angl/Am60', 'Anglistik/Amerikan.60', 'Anglistik und Amerikanistik', 'DA');
INSERT INTO `his_stg` (`stg`, `ktxt`, `dtxt`, `ltxt`, `fb`) VALUES ('510', 'Arabist60', 'Arabistik/Islamwiss.60', 'Arabistik/Islamwissenschaft', 'CD');
INSERT INTO `his_stg` (`stg`, `ktxt`, `dtxt`, `ltxt`, `fb`) VALUES ('511', 'Italiani60', 'Italianistik60', 'Italianistik', 'DE');
INSERT INTO `his_stg` (`stg`, `ktxt`, `dtxt`, `ltxt`, `fb`) VALUES ('512', 'ArchKu60', 'Archäol Kunst Orient60', 'Archäologie und Kunstgeschichte des vorislamischen Orients', 'CA');
INSERT INTO `his_stg` (`stg`, `ktxt`, `dtxt`, `ltxt`, `fb`) VALUES ('513', 'ArchäoEU60', 'Archäologien EU60', 'Archäologien Europas', 'CC');
INSERT INTO `his_stg` (`stg`, `ktxt`, `dtxt`, `ltxt`, `fb`) VALUES ('514', 'Musikw.60', 'Musikwissenschaft60', 'Musikwissenschaft', 'DD');
INSERT INTO `his_stg` (`stg`, `ktxt`, `dtxt`, `ltxt`, `fb`) VALUES ('518', 'Polonis60', 'Polonistik60', 'Polonistik', 'DF');
INSERT INTO `his_stg` (`stg`, `ktxt`, `dtxt`, `ltxt`, `fb`) VALUES ('522', 'WissChOr60', 'WissChristOrient60', 'Wissenschaft vom Christlichen Orient', 'CD');
INSERT INTO `his_stg` (`stg`, `ktxt`, `dtxt`, `ltxt`, `fb`) VALUES ('527', 'Philo60', 'Philosophie60', 'Philosophie', 'CG');
INSERT INTO `his_stg` (`stg`, `ktxt`, `dtxt`, `ltxt`, `fb`) VALUES ('531', 'Psycho60', 'Psychologie60', 'Psychologie', 'CF');
INSERT INTO `his_stg` (`stg`, `ktxt`, `dtxt`, `ltxt`, `fb`) VALUES ('533', 'MuK60', 'Medien-u.Kommunikation60', 'Medien- und Kommunikationswissenschaft', 'DC');
INSERT INTO `his_stg` (`stg`, `ktxt`, `dtxt`, `ltxt`, `fb`) VALUES ('536', 'IntSüdas60', 'InterkulturelleSüdasien60', 'Interkulturelle Südasienkunde', 'CD');
INSERT INTO `his_stg` (`stg`, `ktxt`, `dtxt`, `ltxt`, `fb`) VALUES ('542', 'Russist60', 'Russistik60', 'Russistik', 'DF');
INSERT INTO `his_stg` (`stg`, `ktxt`, `dtxt`, `ltxt`, `fb`) VALUES ('547', 'Südslav60', 'Südslavistik60', 'Südslavistik', 'DF');
INSERT INTO `his_stg` (`stg`, `ktxt`, `dtxt`, `ltxt`, `fb`) VALUES ('549', 'Soziolo60', 'Soziologie60', 'Soziologie', 'CH');
INSERT INTO `his_stg` (`stg`, `ktxt`, `dtxt`, `ltxt`, `fb`) VALUES ('550', 'Geogra60', 'Geographie60', 'Geographie', 'HB');
INSERT INTO `his_stg` (`stg`, `ktxt`, `dtxt`, `ltxt`, `fb`) VALUES ('555', 'EvTheol60', 'EvangelischeTheologie60', 'Evangelische Theologie', 'A');
INSERT INTO `his_stg` (`stg`, `ktxt`, `dtxt`, `ltxt`, `fb`) VALUES ('567', 'DSprLit60', 'Deut.SpracheLiteratur60', 'Deutsche Sprache und Literatur', 'DB');
INSERT INTO `his_stg` (`stg`, `ktxt`, `dtxt`, `ltxt`, `fb`) VALUES ('568', 'Gesch60', 'Geschichte60', 'Geschichte', 'CB');
INSERT INTO `his_stg` (`stg`, `ktxt`, `dtxt`, `ltxt`, `fb`) VALUES ('572', 'WirInfo60', 'Wirtschaftsinformatik60', 'Grundlagen Wirtschaftsinformatik (Fundamentals Business Information Systems)', 'BB');
INSERT INTO `his_stg` (`stg`, `ktxt`, `dtxt`, `ltxt`, `fb`) VALUES ('573', 'Ethnolo60', 'Ethnologie60', 'Ethnologie', 'CG');
INSERT INTO `his_stg` (`stg`, `ktxt`, `dtxt`, `ltxt`, `fb`) VALUES ('574', 'JüdiSt60', 'Judaistik/Jüdische Stud60', 'Judaistik/Jüdische Studien', 'CD');
INSERT INTO `his_stg` (`stg`, `ktxt`, `dtxt`, `ltxt`, `fb`) VALUES ('584', 'WirtWiss60', 'Wirtschaftswiss60', 'Grundlagen Wirtschaftswissenschaften (Fundamental Economics and Management)', 'BB');
INSERT INTO `his_stg` (`stg`, `ktxt`, `dtxt`, `ltxt`, `fb`) VALUES ('585', 'Japano60', 'Japanologie60', 'Japanologie', 'CE');
INSERT INTO `his_stg` (`stg`, `ktxt`, `dtxt`, `ltxt`, `fb`) VALUES ('592', 'Kunstge60', 'Kunstgeschichte60', 'Kunstgeschichte', 'CC');
INSERT INTO `his_stg` (`stg`, `ktxt`, `dtxt`, `ltxt`, `fb`) VALUES ('598', 'Sportwi60', 'Sportwissenschaft60', 'Sportwissenschaft', 'DC');
INSERT INTO `his_stg` (`stg`, `ktxt`, `dtxt`, `ltxt`, `fb`) VALUES ('703', 'DenkmMA120', 'DenkmalpflegeMA120', 'Denkmalpflege', 'CC');
INSERT INTO `his_stg` (`stg`, `ktxt`, `dtxt`, `ltxt`, `fb`) VALUES ('705', 'MatheMA120', 'MathematikMA120', 'Mathematik', 'HD');
INSERT INTO `his_stg` (`stg`, `ktxt`, `dtxt`, `ltxt`, `fb`) VALUES ('729', 'HRManMA120', 'HumanRes.ManagementMA120', 'Human Resource Management', 'BB');
INSERT INTO `his_stg` (`stg`, `ktxt`, `dtxt`, `ltxt`, `fb`) VALUES ('730', 'AcTaxMA120', 'Accounting&TaxationMA120', 'Accounting and Taxation', 'BB');
INSERT INTO `his_stg` (`stg`, `ktxt`, `dtxt`, `ltxt`, `fb`) VALUES ('731', 'BWLMA120', 'BWL (Business Stud.)MA120', 'Betriebswirtschaftslehre (Business Studies)', 'BB');
INSERT INTO `his_stg` (`stg`, `ktxt`, `dtxt`, `ltxt`, `fb`) VALUES ('732', 'ChemMA120', 'ChemieMA120', 'Chemie', 'GA');
INSERT INTO `his_stg` (`stg`, `ktxt`, `dtxt`, `ltxt`, `fb`) VALUES ('733', 'PolitMA120', 'PolitikwissenschaftMA120', 'Politikwissenschaft: Parlamentsfragen und Zivilgesellschaft', 'CE');
INSERT INTO `his_stg` (`stg`, `ktxt`, `dtxt`, `ltxt`, `fb`) VALUES ('736', 'LifeSMA120', 'LifeScienceMA120', 'Life Science', 'FB');
INSERT INTO `his_stg` (`stg`, `ktxt`, `dtxt`, `ltxt`, `fb`) VALUES ('739', 'GeowiMA120', 'Angew. Geowissensch.MA120', 'Angewandte Geowissenschaften (Applied Geosciences)', 'HB');
INSERT INTO `his_stg` (`stg`, `ktxt`, `dtxt`, `ltxt`, `fb`) VALUES ('742', 'WirreMA120', 'WirtschaftsrechtMA60', 'Wirtschaftsrecht', 'BA');
INSERT INTO `his_stg` (`stg`, `ktxt`, `dtxt`, `ltxt`, `fb`) VALUES ('767', 'DSLitMA120', 'DeutSpracheLiteraturMA120', 'Deutsche Sprache und Literatur', 'DB');
INSERT INTO `his_stg` (`stg`, `ktxt`, `dtxt`, `ltxt`, `fb`) VALUES ('768', 'GeschMA120', 'GeschichteMA120', 'Geschichte', 'CB');
INSERT INTO `his_stg` (`stg`, `ktxt`, `dtxt`, `ltxt`, `fb`) VALUES ('776', 'VWLMA120', 'VWL (Economics)MA120', 'Volkswirtschaftslehre (Economics)', 'BB');
INSERT INTO `his_stg` (`stg`, `ktxt`, `dtxt`, `ltxt`, `fb`) VALUES ('778', 'WirMaMA120', 'WirtschaftsmatheMA120', 'Wirtschaftsmathematik', 'HD');
INSERT INTO `his_stg` (`stg`, `ktxt`, `dtxt`, `ltxt`, `fb`) VALUES ('779', 'InforMA120', 'InformatikMA120', 'Informatik', 'HC');
INSERT INTO `his_stg` (`stg`, `ktxt`, `dtxt`, `ltxt`, `fb`) VALUES ('780', 'GesanMA120', 'Gesang u.GesangsspädMA180', 'Gesang und Gesangspädagogik', 'DD');
INSERT INTO `his_stg` (`stg`, `ktxt`, `dtxt`, `ltxt`, `fb`) VALUES ('781', 'KlaviMA120', 'Klavier u.KlavierpädMA120', 'Klavier und Klavierpädagogik', 'DD');
INSERT INTO `his_stg` (`stg`, `ktxt`, `dtxt`, `ltxt`, `fb`) VALUES ('785', 'BioInMA120', 'BioinformatikMA120', 'Bioinformatik', 'HC');
INSERT INTO `his_stg` (`stg`, `ktxt`, `dtxt`, `ltxt`, `fb`) VALUES ('787', 'PflGeMA120', 'Pflege-u.GesundheitsMA120', 'Pflege- und Gesundheitswissenschaften', 'IA');
INSERT INTO `his_stg` (`stg`, `ktxt`, `dtxt`, `ltxt`, `fb`) VALUES ('7F1', 'IKFDMA120', 'IKEASFraDeuMA120', 'Interkulturelle Europa- und Amerikastudien Frankreich / Deutschland', 'DE');
INSERT INTO `his_stg` (`stg`, `ktxt`, `dtxt`, `ltxt`, `fb`) VALUES ('7F2', 'IKFGMA120', 'IKEASFraGroMA120', 'Interkulturelle Europa- und Amerikastudien Frankreich / Großbritannien', 'DE');
INSERT INTO `his_stg` (`stg`, `ktxt`, `dtxt`, `ltxt`, `fb`) VALUES ('7F3', 'IKFIMA120', 'IKEASFraItaMA120', 'Interkulturelle Europa- und Amerikastudien Frankreich / Italien', 'DE');
INSERT INTO `his_stg` (`stg`, `ktxt`, `dtxt`, `ltxt`, `fb`) VALUES ('7F4', 'IKFLMA120', 'IKEASFraLatMA120', 'Interkulturelle Europa- und Amerikastudien Frankreich / Lateinamerika', 'DE');
INSERT INTO `his_stg` (`stg`, `ktxt`, `dtxt`, `ltxt`, `fb`) VALUES ('7F5', 'IKFPMA120', 'IKEASFraPolMA120', 'Interkulturelle Europa- und Amerikastudien Frankreich / Polen', 'DE');
INSERT INTO `his_stg` (`stg`, `ktxt`, `dtxt`, `ltxt`, `fb`) VALUES ('7F6', 'IKFRMA120', 'IKEASFraRusMA120', 'Interkulturelle Europa- und Amerikastudien Frankreich / Russland', 'DE');
INSERT INTO `his_stg` (`stg`, `ktxt`, `dtxt`, `ltxt`, `fb`) VALUES ('7F7', 'IKFSMA120', 'IKEASFraSüdMA120', 'Interkulturelle Europa- und Amerikastudien Frankreich / Südostasien', 'DE');
INSERT INTO `his_stg` (`stg`, `ktxt`, `dtxt`, `ltxt`, `fb`) VALUES ('7F8', 'IKFUMA120', 'IKEASFraUSAMA120', 'Interkulturelle Europa- und Amerikastudien Frankreich / USA', 'DE');
INSERT INTO `his_stg` (`stg`, `ktxt`, `dtxt`, `ltxt`, `fb`) VALUES ('7G1', 'IKGDMA120', 'IKEASGroDeuMA120', 'Interkulturelle Europa- und Amerikastudien Großbritannien / Deutschland', 'DA');
INSERT INTO `his_stg` (`stg`, `ktxt`, `dtxt`, `ltxt`, `fb`) VALUES ('7G2', 'IKGFMA120', 'IKEASGroFraMA120', 'Interkulturelle Europa- und Amerikastudien Großbritannien / Frankreich', 'DA');
INSERT INTO `his_stg` (`stg`, `ktxt`, `dtxt`, `ltxt`, `fb`) VALUES ('7G3', 'IKGIMA120', 'IKEASGroItaMA120', 'Interkulturelle Europa- und Amerikastudien Großbritannien / Italien', 'DA');
INSERT INTO `his_stg` (`stg`, `ktxt`, `dtxt`, `ltxt`, `fb`) VALUES ('7G4', 'IKGLMA120', 'IKEASGroLatMA120', 'Interkulturelle Europa- und Amerikastudien Großbritannien / Lateinamerika', 'DA');
INSERT INTO `his_stg` (`stg`, `ktxt`, `dtxt`, `ltxt`, `fb`) VALUES ('7G5', 'IKGPMA120', 'IKEASGroPolMA120', 'Interkulturelle Europa- und Amerikastudien Großbritannien / Polen', 'DA');
INSERT INTO `his_stg` (`stg`, `ktxt`, `dtxt`, `ltxt`, `fb`) VALUES ('7G6', 'IKGRMA120', 'IKEASGroRusMA120', 'Interkulturelle Europa- und Amerikastudien Großbritannien / Russland', 'DA');
INSERT INTO `his_stg` (`stg`, `ktxt`, `dtxt`, `ltxt`, `fb`) VALUES ('7G7', 'IKGSMA120', 'IKEASGroSüdMA120', 'Interkulturelle Europa- und Amerikastudien Großbritannien / Südostasien', 'DA');
INSERT INTO `his_stg` (`stg`, `ktxt`, `dtxt`, `ltxt`, `fb`) VALUES ('7R1', 'IKRDMA120', 'IKEASRusDeuMA120', 'Interkulturelle Europa- und Amerikastudien Russland / Deutschland', 'DF');
INSERT INTO `his_stg` (`stg`, `ktxt`, `dtxt`, `ltxt`, `fb`) VALUES ('7R2', 'IKRFMA120', 'IKEASRusFraMA120', 'Interkulturelle Europa- und Amerikastudien Russland / Frankreich', 'DF');
INSERT INTO `his_stg` (`stg`, `ktxt`, `dtxt`, `ltxt`, `fb`) VALUES ('7R3', 'IKRGMA120', 'IKEASRusGroMA120', 'Interkulturelle Europa- und Amerikastudien Russland / Großbritannien', 'DF');
INSERT INTO `his_stg` (`stg`, `ktxt`, `dtxt`, `ltxt`, `fb`) VALUES ('7R4', 'IKRIMA120', 'IKEASRusItaMA120', 'Interkulturelle Europa- und Amerikastudien Russland / Italien', 'DF');
INSERT INTO `his_stg` (`stg`, `ktxt`, `dtxt`, `ltxt`, `fb`) VALUES ('7R5', 'IKRLMA120', 'IKEASRusLatMA120', 'Interkulturelle Europa- und Amerikastudien Russland / Lateinamerika', 'DF');
INSERT INTO `his_stg` (`stg`, `ktxt`, `dtxt`, `ltxt`, `fb`) VALUES ('7R6', 'IKRPMA120', 'IKEASRusPolMA120', 'Interkulturelle Europa- und Amerikastudien Russland / Polen', 'DF');
INSERT INTO `his_stg` (`stg`, `ktxt`, `dtxt`, `ltxt`, `fb`) VALUES ('7R7', 'IKRSMA120', 'IKEASRusSüdMA120', 'Interkulturelle Europa- und Amerikastudien Russland / Südostasien', 'DF');
INSERT INTO `his_stg` (`stg`, `ktxt`, `dtxt`, `ltxt`, `fb`) VALUES ('7R8', 'IKRUMA120', 'IKEASRusUSAMA120', 'Interkulturelle Europa- und Amerikastudien Russland / USA', 'DF');
INSERT INTO `his_stg` (`stg`, `ktxt`, `dtxt`, `ltxt`, `fb`) VALUES ('7U1', 'IKUDMA120', 'IKEASUSADeuMA120', 'Interkulturelle Europa- und Amerikastudien USA / Deutschland', 'DA');
INSERT INTO `his_stg` (`stg`, `ktxt`, `dtxt`, `ltxt`, `fb`) VALUES ('7U2', 'IKUFMA120', 'IKEASUSAFraMA120', 'Interkulturelle Europa- und Amerikastudien USA / Frankreich', 'DA');
INSERT INTO `his_stg` (`stg`, `ktxt`, `dtxt`, `ltxt`, `fb`) VALUES ('7U3', 'IKUIMA120', 'IKEASUSAItaMA120', 'Interkulturelle Europa- und Amerikastudien USA / Italien', 'DA');
INSERT INTO `his_stg` (`stg`, `ktxt`, `dtxt`, `ltxt`, `fb`) VALUES ('7U4', 'IKULMA120', 'IKEASUSALatMA120', 'Interkulturelle Europa- und Amerikastudien USA / Lateinamerika', 'DA');
INSERT INTO `his_stg` (`stg`, `ktxt`, `dtxt`, `ltxt`, `fb`) VALUES ('7U5', 'IKUPMA120', 'IKEASUSAPolMA120', 'Interkulturelle Europa- und Amerikastudien USA / Polen', 'DA');
INSERT INTO `his_stg` (`stg`, `ktxt`, `dtxt`, `ltxt`, `fb`) VALUES ('7U6', 'IKURMA120', 'IKEASUSARusMA120', 'Interkulturelle Europa- und Amerikastudien USA / Russland', 'DA');
INSERT INTO `his_stg` (`stg`, `ktxt`, `dtxt`, `ltxt`, `fb`) VALUES ('7U7', 'IKUSMA120', 'IKEASUSASüdMA120', 'Interkulturelle Europa- und Amerikastudien USA / Südostasien', 'DA');
INSERT INTO `his_stg` (`stg`, `ktxt`, `dtxt`, `ltxt`, `fb`) VALUES ('800', 'PoliSoz180', 'Politikwiss.Soziologie180', 'Politikwissenschaft - Soziologie', 'CE');
INSERT INTO `his_stg` (`stg`, `ktxt`, `dtxt`, `ltxt`, `fb`) VALUES ('803', 'Agrarw180', 'Agrarwissenschaft180', 'Agrarwissenschaft', 'HA');
INSERT INTO `his_stg` (`stg`, `ktxt`, `dtxt`, `ltxt`, `fb`) VALUES ('805', 'Mathe180', 'Mathematik180', 'Mathematik mit Anwendungsfach', 'HD');
INSERT INTO `his_stg` (`stg`, `ktxt`, `dtxt`, `ltxt`, `fb`) VALUES ('806', 'Sprechw180', 'Sprechwissenschaft180', 'Sprechwissenschaft', 'DF');
INSERT INTO `his_stg` (`stg`, `ktxt`, `dtxt`, `ltxt`, `fb`) VALUES ('819', 'Ernähr180', 'Ernährungswissenschaft180', 'Ernährungswissenschaften', 'HA');
INSERT INTO `his_stg` (`stg`, `ktxt`, `dtxt`, `ltxt`, `fb`) VALUES ('820', 'BWL180', 'BWL (Business Studies)180', 'Betriebswirtschaftslehre (Business Studies)', 'BB');
INSERT INTO `his_stg` (`stg`, `ktxt`, `dtxt`, `ltxt`, `fb`) VALUES ('822', 'BusEcon180', 'BusinessEconomics180', 'Business Econimics', 'BB');
INSERT INTO `his_stg` (`stg`, `ktxt`, `dtxt`, `ltxt`, `fb`) VALUES ('824', 'KlasAlt180', 'Klassisches Altertum180', 'Klassisches Altertum', 'CA');
INSERT INTO `his_stg` (`stg`, `ktxt`, `dtxt`, `ltxt`, `fb`) VALUES ('825', 'Bioch180', 'Biochemie180', 'Biochemie', 'FA');
INSERT INTO `his_stg` (`stg`, `ktxt`, `dtxt`, `ltxt`, `fb`) VALUES ('826', 'Biolog180', 'Biologie180', 'Biologie', 'FB');
INSERT INTO `his_stg` (`stg`, `ktxt`, `dtxt`, `ltxt`, `fb`) VALUES ('828', 'Physik180', 'Physik180', 'Physik', 'GB');
INSERT INTO `his_stg` (`stg`, `ktxt`, `dtxt`, `ltxt`, `fb`) VALUES ('831', 'Psycho180', 'Psychologie180', 'Psychologie', 'CF');
INSERT INTO `his_stg` (`stg`, `ktxt`, `dtxt`, `ltxt`, `fb`) VALUES ('832', 'Chemie180', 'Chemie180', 'Chemie', 'GA');
INSERT INTO `his_stg` (`stg`, `ktxt`, `dtxt`, `ltxt`, `fb`) VALUES ('837', 'Romanis180', 'Romanistik180', 'Romanistik (drei Sprachdomänen)', 'DE');
INSERT INTO `his_stg` (`stg`, `ktxt`, `dtxt`, `ltxt`, `fb`) VALUES ('839', 'Geowiss180', 'Angew. Geowissen180', 'Angewandte Geowissenschaften (Applied Geosciences)', 'HB');
INSERT INTO `his_stg` (`stg`, `ktxt`, `dtxt`, `ltxt`, `fb`) VALUES ('850', 'Geogra180', 'Geographie180', 'Geographie', 'HB');
INSERT INTO `his_stg` (`stg`, `ktxt`, `dtxt`, `ltxt`, `fb`) VALUES ('854', 'Erziehu180', 'Erziehungswissenschaft180', 'Erziehungswissenschaft', 'EA');
INSERT INTO `his_stg` (`stg`, `ktxt`, `dtxt`, `ltxt`, `fb`) VALUES ('872', 'WirInfo180', 'Wirtschaftsinformatik180', 'Wirtschaftsinformatik (Business Information Systems)', 'BB');
INSERT INTO `his_stg` (`stg`, `ktxt`, `dtxt`, `ltxt`, `fb`) VALUES ('874', 'VWL180', 'VWL (Economics)180', 'Volkswirtschaftslehre (Economics)', 'BB');
INSERT INTO `his_stg` (`stg`, `ktxt`, `dtxt`, `ltxt`, `fb`) VALUES ('876', 'WirtMat180', 'Wirtschaftsmathematik180', 'Wirtschaftsmathematik', 'HD');
INSERT INTO `his_stg` (`stg`, `ktxt`, `dtxt`, `ltxt`, `fb`) VALUES ('879', 'Inform180', 'Informatik180', 'Informatik', 'HC');
INSERT INTO `his_stg` (`stg`, `ktxt`, `dtxt`, `ltxt`, `fb`) VALUES ('880', 'Gesang180', 'Gesang u.Gesangsspäd180', 'Gesang und Gesangspädagogik', 'DD');
INSERT INTO `his_stg` (`stg`, `ktxt`, `dtxt`, `ltxt`, `fb`) VALUES ('881', 'Klavier180', 'Klavier u.Klavierpäd180', 'Klavier und Klavierpädagogik', 'DD');
INSERT INTO `his_stg` (`stg`, `ktxt`, `dtxt`, `ltxt`, `fb`) VALUES ('884', 'Med.Phy180', 'Medizinische Physik180', 'Medizinische Physik', 'GB');
INSERT INTO `his_stg` (`stg`, `ktxt`, `dtxt`, `ltxt`, `fb`) VALUES ('885', 'Bio-Inf180', 'Bioinformatik180', 'Bioinformatik', 'HC');
INSERT INTO `his_stg` (`stg`, `ktxt`, `dtxt`, `ltxt`, `fb`) VALUES ('887', 'PflGe180', 'Pflege-u.Gesundheits180', 'Pflege- und Gesundheitswissenschaften', 'IA');
INSERT INTO `his_stg` (`stg`, `ktxt`, `dtxt`, `ltxt`, `fb`) VALUES ('893', 'MRessou180', 'Management nat.Ressour180', 'Management natürlicher Ressourcen', 'HA');
INSERT INTO `his_stg` (`stg`, `ktxt`, `dtxt`, `ltxt`, `fb`) VALUES ('900', 'Politikw90', 'Politikwissenschaft90', 'Politikwissenschaft', 'CE');
INSERT INTO `his_stg` (`stg`, `ktxt`, `dtxt`, `ltxt`, `fb`) VALUES ('906', 'Angl/Am90', 'Anglistik/Amerikan.90', 'Anglistik und Amerikanistik', 'DA');
INSERT INTO `his_stg` (`stg`, `ktxt`, `dtxt`, `ltxt`, `fb`) VALUES ('910', 'Arabist90', 'Arabistik/Islamwiss.90', 'Arabistik/Islamwissenschaft', 'CD');
INSERT INTO `his_stg` (`stg`, `ktxt`, `dtxt`, `ltxt`, `fb`) VALUES ('911', 'Italiani90', 'Italianistik90', 'Italianistik', 'DE');
INSERT INTO `his_stg` (`stg`, `ktxt`, `dtxt`, `ltxt`, `fb`) VALUES ('912', 'ArchKu90', 'Archäol Kunst Orient90', 'Archäologie und Kunstgeschichte des vorislamischen Orients', 'CA');
INSERT INTO `his_stg` (`stg`, `ktxt`, `dtxt`, `ltxt`, `fb`) VALUES ('913', 'ArchäoEU90', 'Archäologien EU90', 'Archäologien Europas', 'CC');
INSERT INTO `his_stg` (`stg`, `ktxt`, `dtxt`, `ltxt`, `fb`) VALUES ('915', 'Hispani90', 'Hispanistik90', 'Hispanistik', 'DE');
INSERT INTO `his_stg` (`stg`, `ktxt`, `dtxt`, `ltxt`, `fb`) VALUES ('922', 'WissChOr90', 'WissChristOrient90', 'Wissenschaft vom Christlichen Orient', 'CD');
INSERT INTO `his_stg` (`stg`, `ktxt`, `dtxt`, `ltxt`, `fb`) VALUES ('923', 'KAAltGes90', 'K.Altertum/AlteGeschich90', 'Klassisches Altertum/Alte Geschichte', 'CA');
INSERT INTO `his_stg` (`stg`, `ktxt`, `dtxt`, `ltxt`, `fb`) VALUES ('924', 'KAArcGes90', 'K.Altertum/Archäologie90', 'Klassisches Altertum/Klassische Archäologie', 'CA');
INSERT INTO `his_stg` (`stg`, `ktxt`, `dtxt`, `ltxt`, `fb`) VALUES ('925', 'KAGräzis90', 'K.Altertum/Gräzistik90', 'Klassisches Altertum/Gräzistik', 'CA');
INSERT INTO `his_stg` (`stg`, `ktxt`, `dtxt`, `ltxt`, `fb`) VALUES ('926', 'KALatini90', 'K.Altertum/Latinistik90', 'Klassisches Altertum/Latinistik', 'CA');
INSERT INTO `his_stg` (`stg`, `ktxt`, `dtxt`, `ltxt`, `fb`) VALUES ('927', 'Philo90', 'Philosophie90', 'Philosophie', 'CG');
INSERT INTO `his_stg` (`stg`, `ktxt`, `dtxt`, `ltxt`, `fb`) VALUES ('933', 'MuK90', 'Medien-u.Kommunikation90', 'Medien- und Kommunikationswissenschaft', 'DC');
INSERT INTO `his_stg` (`stg`, `ktxt`, `dtxt`, `ltxt`, `fb`) VALUES ('936', 'SAKunde90', 'Südasienkunde90', 'Südasienkunde (South Asian Studies)', 'CD');
INSERT INTO `his_stg` (`stg`, `ktxt`, `dtxt`, `ltxt`, `fb`) VALUES ('937', 'Frankoro90', 'Frankoromanistik90', 'Frankoromanistik', 'DE');
INSERT INTO `his_stg` (`stg`, `ktxt`, `dtxt`, `ltxt`, `fb`) VALUES ('940', 'RelOrien90', 'Religionsges d.Orients90', 'Religionsgeschichte des Orients', 'CD');
INSERT INTO `his_stg` (`stg`, `ktxt`, `dtxt`, `ltxt`, `fb`) VALUES ('942', 'Russist90', 'Russistik90', 'Russistik', 'DF');
INSERT INTO `his_stg` (`stg`, `ktxt`, `dtxt`, `ltxt`, `fb`) VALUES ('949', 'Soziolo90', 'Soziologie90', 'Soziologie', 'CH');
INSERT INTO `his_stg` (`stg`, `ktxt`, `dtxt`, `ltxt`, `fb`) VALUES ('952', 'BLIK90', 'Beruforient.Linguistik90', 'Berufsorientierte Linguistik im interkulturellen Kontext (BLIK)', 'CD');
INSERT INTO `his_stg` (`stg`, `ktxt`, `dtxt`, `ltxt`, `fb`) VALUES ('953', 'AlteWelt90', 'Alte Welt90', 'Alte Welt', 'CD');
INSERT INTO `his_stg` (`stg`, `ktxt`, `dtxt`, `ltxt`, `fb`) VALUES ('954', 'Erziehu90', 'Erziehungswissenschaft90', 'Erziehungswissenschaft', 'EA');
INSERT INTO `his_stg` (`stg`, `ktxt`, `dtxt`, `ltxt`, `fb`) VALUES ('955', 'EvTheol90', 'EvangelischeTheologie90', 'Evangelische Theologie', 'A');
INSERT INTO `his_stg` (`stg`, `ktxt`, `dtxt`, `ltxt`, `fb`) VALUES ('967', 'DSprLit90', 'Deut.SpracheLiteratur90', 'Deutsche Sprache und Literatur', 'DB');
INSERT INTO `his_stg` (`stg`, `ktxt`, `dtxt`, `ltxt`, `fb`) VALUES ('968', 'Gesch90', 'Geschichte90', 'Geschichte', 'CB');
INSERT INTO `his_stg` (`stg`, `ktxt`, `dtxt`, `ltxt`, `fb`) VALUES ('973', 'Ethnolo90', 'Ethnologie90', 'Ethnologie', 'CG');
INSERT INTO `his_stg` (`stg`, `ktxt`, `dtxt`, `ltxt`, `fb`) VALUES ('974', 'JüdiSt90', 'Judaistik/Jüdische Stud90', 'Judaistik/Jüdische Studien', 'CD');
INSERT INTO `his_stg` (`stg`, `ktxt`, `dtxt`, `ltxt`, `fb`) VALUES ('978', 'Indolog90', 'Indologie90', 'Indologie (Kultur- und Geistesgeschichte des Vormodernen Indien)', 'CA');
INSERT INTO `his_stg` (`stg`, `ktxt`, `dtxt`, `ltxt`, `fb`) VALUES ('985', 'Japano90', 'Japanologie90', 'Japanologie', 'CE');
INSERT INTO `his_stg` (`stg`, `ktxt`, `dtxt`, `ltxt`, `fb`) VALUES ('992', 'Kunstge90', 'Kunstgeschichte90', 'Kunstgeschichte', 'CC');
INSERT INTO `his_stg` (`stg`, `ktxt`, `dtxt`, `ltxt`, `fb`) VALUES ('995', 'LateinEU90', 'Latein Europas90', 'Latein Europas', 'CA');
INSERT INTO `his_stg` (`stg`, `ktxt`, `dtxt`, `ltxt`, `fb`) VALUES ('998', 'Sportwi90', 'Sportwissenschaft90', 'Sportwissenschaft', 'DC');

-- 
-- Daten für Tabelle `stm_abstract_types`
-- 

INSERT INTO `stm_abstract_types` (`stm_type_id`, `lang_id`, `abbrev`, `name`) VALUES ('60640019ff7fad25e4d1e547df00cd3f', '09c438e63455e3e1b3deabe65fdbc087', 'WP', 'Wahpflichtmodul');
INSERT INTO `stm_abstract_types` (`stm_type_id`, `lang_id`, `abbrev`, `name`) VALUES ('ce7bbf737a61097a9d309174f13e3525', '09c438e63455e3e1b3deabe65fdbc087', 'P', 'Pflichtmodul');

