--
-- Daten für Tabelle `resources_assign`
--

REPLACE INTO `resources_assign` (`assign_id`, `resource_id`, `assign_user_id`, `user_free_name`, `begin`, `end`, `repeat_end`, `repeat_quantity`, `repeat_interval`, `repeat_month_of_year`, `repeat_day_of_month`, `repeat_week_of_month`, `repeat_day_of_week`, `mkdate`, `chdate`) VALUES('841cf8df24e1604a0127b8554a162bdb', '728f1578de643fb08b32b4b8afb2db77', 'cdb0b2f7c3977a78c780b03d3f189bc9', '', 1318838400, 1318845600, 1318845600, 0, 0, 0, 0, 0, 0, 1311416134, 1311416134);
REPLACE INTO `resources_assign` (`assign_id`, `resource_id`, `assign_user_id`, `user_free_name`, `begin`, `end`, `repeat_end`, `repeat_quantity`, `repeat_interval`, `repeat_month_of_year`, `repeat_day_of_month`, `repeat_week_of_month`, `repeat_day_of_week`, `mkdate`, `chdate`) VALUES('33ffeafdc17b32f76e6bea1dacd9bfe3', '728f1578de643fb08b32b4b8afb2db77', 'e41ef4b756e5d12c2fc41148fa234a10', '', 1319443200, 1319450400, 1319450400, 0, 0, 0, 0, 0, 0, 1311416134, 1311416134);
REPLACE INTO `resources_assign` (`assign_id`, `resource_id`, `assign_user_id`, `user_free_name`, `begin`, `end`, `repeat_end`, `repeat_quantity`, `repeat_interval`, `repeat_month_of_year`, `repeat_day_of_month`, `repeat_week_of_month`, `repeat_day_of_week`, `mkdate`, `chdate`) VALUES('2d782258ccab5dad9ebbe023382db2a2', '728f1578de643fb08b32b4b8afb2db77', 'a9997a4cb099f2af24d7f511dc50141b', '', 1320051600, 1320058800, 1320058800, 0, 0, 0, 0, 0, 0, 1311416134, 1311416134);
REPLACE INTO `resources_assign` (`assign_id`, `resource_id`, `assign_user_id`, `user_free_name`, `begin`, `end`, `repeat_end`, `repeat_quantity`, `repeat_interval`, `repeat_month_of_year`, `repeat_day_of_month`, `repeat_week_of_month`, `repeat_day_of_week`, `mkdate`, `chdate`) VALUES('977c332801d6e28b3f791decbb7520a0', '728f1578de643fb08b32b4b8afb2db77', 'eeeb9bf048703cedeb3b939608bd4404', '', 1320656400, 1320663600, 1320663600, 0, 0, 0, 0, 0, 0, 1311416134, 1311416134);
REPLACE INTO `resources_assign` (`assign_id`, `resource_id`, `assign_user_id`, `user_free_name`, `begin`, `end`, `repeat_end`, `repeat_quantity`, `repeat_interval`, `repeat_month_of_year`, `repeat_day_of_month`, `repeat_week_of_month`, `repeat_day_of_week`, `mkdate`, `chdate`) VALUES('048491827bb608a43884d8d8a7de714b', '728f1578de643fb08b32b4b8afb2db77', 'df52bb52be086a5e53131fa4cb4ce283', '', 1321261200, 1321268400, 1321268400, 0, 0, 0, 0, 0, 0, 1311416134, 1311416134);
REPLACE INTO `resources_assign` (`assign_id`, `resource_id`, `assign_user_id`, `user_free_name`, `begin`, `end`, `repeat_end`, `repeat_quantity`, `repeat_interval`, `repeat_month_of_year`, `repeat_day_of_month`, `repeat_week_of_month`, `repeat_day_of_week`, `mkdate`, `chdate`) VALUES('29ecd424a88312959e39e4fc21c902b1', '728f1578de643fb08b32b4b8afb2db77', '739c57d3acd8fb6aa04b58518b070260', '', 1321866000, 1321873200, 1321873200, 0, 0, 0, 0, 0, 0, 1311416134, 1311416134);
REPLACE INTO `resources_assign` (`assign_id`, `resource_id`, `assign_user_id`, `user_free_name`, `begin`, `end`, `repeat_end`, `repeat_quantity`, `repeat_interval`, `repeat_month_of_year`, `repeat_day_of_month`, `repeat_week_of_month`, `repeat_day_of_week`, `mkdate`, `chdate`) VALUES('cc45091e60abe49b945e961ca44b40c9', '728f1578de643fb08b32b4b8afb2db77', 'fdb2712dedb8a2aa1b06ede975688352', '', 1322470800, 1322478000, 1322478000, 0, 0, 0, 0, 0, 0, 1311416134, 1311416134);
REPLACE INTO `resources_assign` (`assign_id`, `resource_id`, `assign_user_id`, `user_free_name`, `begin`, `end`, `repeat_end`, `repeat_quantity`, `repeat_interval`, `repeat_month_of_year`, `repeat_day_of_month`, `repeat_week_of_month`, `repeat_day_of_week`, `mkdate`, `chdate`) VALUES('cba6ed2c0546af9f4df32ee02027f3b3', '728f1578de643fb08b32b4b8afb2db77', 'edc6d7bf127f8b18f70208f39194c3e9', '', 1323075600, 1323082800, 1323082800, 0, 0, 0, 0, 0, 0, 1311416134, 1311416134);
REPLACE INTO `resources_assign` (`assign_id`, `resource_id`, `assign_user_id`, `user_free_name`, `begin`, `end`, `repeat_end`, `repeat_quantity`, `repeat_interval`, `repeat_month_of_year`, `repeat_day_of_month`, `repeat_week_of_month`, `repeat_day_of_week`, `mkdate`, `chdate`) VALUES('2bb7f682a9afcf2be2b265a079e8d839', '728f1578de643fb08b32b4b8afb2db77', '56ff28275c6527a8132f9dabee3350a9', '', 1323680400, 1323687600, 1323687600, 0, 0, 0, 0, 0, 0, 1311416134, 1311416134);
REPLACE INTO `resources_assign` (`assign_id`, `resource_id`, `assign_user_id`, `user_free_name`, `begin`, `end`, `repeat_end`, `repeat_quantity`, `repeat_interval`, `repeat_month_of_year`, `repeat_day_of_month`, `repeat_week_of_month`, `repeat_day_of_week`, `mkdate`, `chdate`) VALUES('c2cbe476649e0e8e8d395bd0f4092518', '728f1578de643fb08b32b4b8afb2db77', 'ffe9e79ed927ca1a2133386c43ec7d3d', '', 1324285200, 1324292400, 1324292400, 0, 0, 0, 0, 0, 0, 1311416134, 1311416134);
REPLACE INTO `resources_assign` (`assign_id`, `resource_id`, `assign_user_id`, `user_free_name`, `begin`, `end`, `repeat_end`, `repeat_quantity`, `repeat_interval`, `repeat_month_of_year`, `repeat_day_of_month`, `repeat_week_of_month`, `repeat_day_of_week`, `mkdate`, `chdate`) VALUES('3509f07b437928481691c93b3e4ed907', '728f1578de643fb08b32b4b8afb2db77', '1944327eb9b4a904b9e9792685bbe995', '', 1326099600, 1326106800, 1326106800, 0, 0, 0, 0, 0, 0, 1311416134, 1311416134);
REPLACE INTO `resources_assign` (`assign_id`, `resource_id`, `assign_user_id`, `user_free_name`, `begin`, `end`, `repeat_end`, `repeat_quantity`, `repeat_interval`, `repeat_month_of_year`, `repeat_day_of_month`, `repeat_week_of_month`, `repeat_day_of_week`, `mkdate`, `chdate`) VALUES('23d296d0ca9970fca5355a2a0d860598', '728f1578de643fb08b32b4b8afb2db77', '5c7581d917d87ed05ee971ad3c5051bd', '', 1326704400, 1326711600, 1326711600, 0, 0, 0, 0, 0, 0, 1311416134, 1311416134);
REPLACE INTO `resources_assign` (`assign_id`, `resource_id`, `assign_user_id`, `user_free_name`, `begin`, `end`, `repeat_end`, `repeat_quantity`, `repeat_interval`, `repeat_month_of_year`, `repeat_day_of_month`, `repeat_week_of_month`, `repeat_day_of_week`, `mkdate`, `chdate`) VALUES('17686e2759b2e267d4ef41bc864659e1', '728f1578de643fb08b32b4b8afb2db77', 'd79c261e0e25ec52931b69c213439cfd', '', 1327309200, 1327316400, 1327316400, 0, 0, 0, 0, 0, 0, 1311416134, 1311416134);
REPLACE INTO `resources_assign` (`assign_id`, `resource_id`, `assign_user_id`, `user_free_name`, `begin`, `end`, `repeat_end`, `repeat_quantity`, `repeat_interval`, `repeat_month_of_year`, `repeat_day_of_month`, `repeat_week_of_month`, `repeat_day_of_week`, `mkdate`, `chdate`) VALUES('0ca675011623ec252677fbff1f4b8834', '728f1578de643fb08b32b4b8afb2db77', '0d5b5638eb568c5cd7c89ca90352c400', '', 1327914000, 1327921200, 1327921200, 0, 0, 0, 0, 0, 0, 1311416134, 1311416134);
REPLACE INTO `resources_assign` (`assign_id`, `resource_id`, `assign_user_id`, `user_free_name`, `begin`, `end`, `repeat_end`, `repeat_quantity`, `repeat_interval`, `repeat_month_of_year`, `repeat_day_of_month`, `repeat_week_of_month`, `repeat_day_of_week`, `mkdate`, `chdate`) VALUES('1c57630a85e2d1c29b1db6e3f2030962', '728f1578de643fb08b32b4b8afb2db77', '0e686bda235739042215c437f8324a3d', '', 1328518800, 1328526000, 1328526000, 0, 0, 0, 0, 0, 0, 1311416134, 1311416134);
REPLACE INTO `resources_assign` (`assign_id`, `resource_id`, `assign_user_id`, `user_free_name`, `begin`, `end`, `repeat_end`, `repeat_quantity`, `repeat_interval`, `repeat_month_of_year`, `repeat_day_of_month`, `repeat_week_of_month`, `repeat_day_of_week`, `mkdate`, `chdate`) VALUES('e876487ffdd1aafe4e41be1747b16a42', '51ad4b7100d3a8a1db61c7b099f052a6', '5dc85e7b934206c2e7bae0d139ec1a4e', '', 1319612400, 1319619600, 1319619600, 0, 0, 0, 0, 0, 0, 1311416161, 1311416161);
REPLACE INTO `resources_assign` (`assign_id`, `resource_id`, `assign_user_id`, `user_free_name`, `begin`, `end`, `repeat_end`, `repeat_quantity`, `repeat_interval`, `repeat_month_of_year`, `repeat_day_of_month`, `repeat_week_of_month`, `repeat_day_of_week`, `mkdate`, `chdate`) VALUES('a1be21e24944b9bb113c449bf70ff2c1', '51ad4b7100d3a8a1db61c7b099f052a6', '7ac48037d6103c29e29abea65c9e6c85', '', 1320825600, 1320832800, 1320832800, 0, 0, 0, 0, 0, 0, 1311416161, 1311416161);
REPLACE INTO `resources_assign` (`assign_id`, `resource_id`, `assign_user_id`, `user_free_name`, `begin`, `end`, `repeat_end`, `repeat_quantity`, `repeat_interval`, `repeat_month_of_year`, `repeat_day_of_month`, `repeat_week_of_month`, `repeat_day_of_week`, `mkdate`, `chdate`) VALUES('ea800b101391cd93ffee923822b92b73', '51ad4b7100d3a8a1db61c7b099f052a6', 'cc04c7bd4b0259b8968402d8ce85b4cc', '', 1322035200, 1322042400, 1322042400, 0, 0, 0, 0, 0, 0, 1311416161, 1311416161);
REPLACE INTO `resources_assign` (`assign_id`, `resource_id`, `assign_user_id`, `user_free_name`, `begin`, `end`, `repeat_end`, `repeat_quantity`, `repeat_interval`, `repeat_month_of_year`, `repeat_day_of_month`, `repeat_week_of_month`, `repeat_day_of_week`, `mkdate`, `chdate`) VALUES('9cd4bcf9e173d114a35530767493f1ec', '51ad4b7100d3a8a1db61c7b099f052a6', '103a7c9a1a9433494f979dcd1c654742', '', 1323244800, 1323252000, 1323252000, 0, 0, 0, 0, 0, 0, 1311416161, 1311416161);
REPLACE INTO `resources_assign` (`assign_id`, `resource_id`, `assign_user_id`, `user_free_name`, `begin`, `end`, `repeat_end`, `repeat_quantity`, `repeat_interval`, `repeat_month_of_year`, `repeat_day_of_month`, `repeat_week_of_month`, `repeat_day_of_week`, `mkdate`, `chdate`) VALUES('6e51a6529bbb79345d8edd2aee7951fd', '51ad4b7100d3a8a1db61c7b099f052a6', '914976ace65274dabe4a3812167fe37e', '', 1324454400, 1324461600, 1324461600, 0, 0, 0, 0, 0, 0, 1311416161, 1311416161);
REPLACE INTO `resources_assign` (`assign_id`, `resource_id`, `assign_user_id`, `user_free_name`, `begin`, `end`, `repeat_end`, `repeat_quantity`, `repeat_interval`, `repeat_month_of_year`, `repeat_day_of_month`, `repeat_week_of_month`, `repeat_day_of_week`, `mkdate`, `chdate`) VALUES('ac928363eaac34e76e7240af19d960ee', '51ad4b7100d3a8a1db61c7b099f052a6', '26125eb9fa17efa3947f4c0b1a7a8600', '', 1325664000, 1325671200, 1325671200, 0, 0, 0, 0, 0, 0, 1311416161, 1311416161);
REPLACE INTO `resources_assign` (`assign_id`, `resource_id`, `assign_user_id`, `user_free_name`, `begin`, `end`, `repeat_end`, `repeat_quantity`, `repeat_interval`, `repeat_month_of_year`, `repeat_day_of_month`, `repeat_week_of_month`, `repeat_day_of_week`, `mkdate`, `chdate`) VALUES('a94a3c96e9e33cf714bafd1fedb943f7', '51ad4b7100d3a8a1db61c7b099f052a6', '157f8605ad389c7b59d8437bcd7a5a54', '', 1326873600, 1326880800, 1326880800, 0, 0, 0, 0, 0, 0, 1311416161, 1311416161);
REPLACE INTO `resources_assign` (`assign_id`, `resource_id`, `assign_user_id`, `user_free_name`, `begin`, `end`, `repeat_end`, `repeat_quantity`, `repeat_interval`, `repeat_month_of_year`, `repeat_day_of_month`, `repeat_week_of_month`, `repeat_day_of_week`, `mkdate`, `chdate`) VALUES('61badf74984a5a5fc072c826964b4bf8', '51ad4b7100d3a8a1db61c7b099f052a6', '2c9a2628f2ba40c3fef4542c871da912', '', 1328083200, 1328090400, 1328090400, 0, 0, 0, 0, 0, 0, 1311416161, 1311416161);


--
-- Daten für Tabelle `resources_objects`
--

REPLACE INTO `resources_objects` (`resource_id`, `root_id`, `parent_id`, `category_id`, `owner_id`, `institut_id`, `level`, `name`, `description`, `lockable`, `multiple_assign`, `mkdate`, `chdate`) VALUES('0ff09e4f5a729981e978d970f9d970cb', '0ff09e4f5a729981e978d970f9d970cb', '0', '', '76ed43ef286fb55cf9e41beadb484a9f', '', 0, 'Gebäude', '', 0, 0, 1084640001, 1084640009);
REPLACE INTO `resources_objects` (`resource_id`, `root_id`, `parent_id`, `category_id`, `owner_id`, `institut_id`, `level`, `name`, `description`, `lockable`, `multiple_assign`, `mkdate`, `chdate`) VALUES('f37cbb74e9c9a8a0539bac1f3d6c1e96', 'f37cbb74e9c9a8a0539bac1f3d6c1e96', '0', '', '76ed43ef286fb55cf9e41beadb484a9f', '', 0, 'Geräte', 'Dieses Objekt kennzeichnet eine Hierachie und kann jederzeit in eine Ressource umgewandelt werden', 0, 0, 1084640011, 1084640036);
REPLACE INTO `resources_objects` (`resource_id`, `root_id`, `parent_id`, `category_id`, `owner_id`, `institut_id`, `level`, `name`, `description`, `lockable`, `multiple_assign`, `mkdate`, `chdate`) VALUES('8a57860ca2be4cc3a77c06c1d346ea57', '0ff09e4f5a729981e978d970f9d970cb', '0ff09e4f5a729981e978d970f9d970cb', '3cbcc99c39476b8e2c8eef5381687461', '76ed43ef286fb55cf9e41beadb484a9f', '', 1, 'Hörsaalgebäude', 'Dieses Objekt wurde neu erstellt. Es wurden noch keine Eigenschaften zugewiesen.', 0, 1, 1084640042, 1084640452);
REPLACE INTO `resources_objects` (`resource_id`, `root_id`, `parent_id`, `category_id`, `owner_id`, `institut_id`, `level`, `name`, `description`, `lockable`, `multiple_assign`, `mkdate`, `chdate`) VALUES('6350c6ae2ec6fd8bd852d505789d0666', '0ff09e4f5a729981e978d970f9d970cb', '0ff09e4f5a729981e978d970f9d970cb', '3cbcc99c39476b8e2c8eef5381687461', '76ed43ef286fb55cf9e41beadb484a9f', '', 1, 'Übungsgebäude', 'Dieses Objekt wurde neu erstellt. Es wurden noch keine Eigenschaften zugewiesen.', 0, 1, 1084640386, 1084640429);
REPLACE INTO `resources_objects` (`resource_id`, `root_id`, `parent_id`, `category_id`, `owner_id`, `institut_id`, `level`, `name`, `description`, `lockable`, `multiple_assign`, `mkdate`, `chdate`) VALUES('728f1578de643fb08b32b4b8afb2db77', '0ff09e4f5a729981e978d970f9d970cb', '8a57860ca2be4cc3a77c06c1d346ea57', '85d62e2a8a87a2924db8fc4ed3fde09d', '76ed43ef286fb55cf9e41beadb484a9f', '', 2, 'Hörsaal 1', 'Dieses Objekt wurde neu erstellt. Es wurden noch keine Eigenschaften zugewiesen.', 0, 0, 1084640456, 1084640468);
REPLACE INTO `resources_objects` (`resource_id`, `root_id`, `parent_id`, `category_id`, `owner_id`, `institut_id`, `level`, `name`, `description`, `lockable`, `multiple_assign`, `mkdate`, `chdate`) VALUES('b17c4ea6e053f2fffba8a5517fc277b3', '0ff09e4f5a729981e978d970f9d970cb', '8a57860ca2be4cc3a77c06c1d346ea57', '85d62e2a8a87a2924db8fc4ed3fde09d', '76ed43ef286fb55cf9e41beadb484a9f', '', 2, 'Hörsaal 2', 'Dieses Objekt wurde neu erstellt. Es wurden noch keine Eigenschaften zugewiesen.', 0, 0, 1084640520, 1084640528);
REPLACE INTO `resources_objects` (`resource_id`, `root_id`, `parent_id`, `category_id`, `owner_id`, `institut_id`, `level`, `name`, `description`, `lockable`, `multiple_assign`, `mkdate`, `chdate`) VALUES('2f98bf64830043fd98a39fbbe2068678', '0ff09e4f5a729981e978d970f9d970cb', '8a57860ca2be4cc3a77c06c1d346ea57', '85d62e2a8a87a2924db8fc4ed3fde09d', '76ed43ef286fb55cf9e41beadb484a9f', '', 2, 'Hörsaal 3', 'Dieses Objekt wurde neu erstellt. Es wurden noch keine Eigenschaften zugewiesen.', 0, 0, 1084640542, 1084640555);
REPLACE INTO `resources_objects` (`resource_id`, `root_id`, `parent_id`, `category_id`, `owner_id`, `institut_id`, `level`, `name`, `description`, `lockable`, `multiple_assign`, `mkdate`, `chdate`) VALUES('51ad4b7100d3a8a1db61c7b099f052a6', '0ff09e4f5a729981e978d970f9d970cb', '6350c6ae2ec6fd8bd852d505789d0666', '5a72dfe3f0c0295a8fe4e12c86d4c8f4', '76ed43ef286fb55cf9e41beadb484a9f', '', 2, 'Seminarraum 1', 'Dieses Objekt wurde neu erstellt. Es wurden noch keine Eigenschaften zugewiesen.', 0, 0, 1084640567, 1084640578);
REPLACE INTO `resources_objects` (`resource_id`, `root_id`, `parent_id`, `category_id`, `owner_id`, `institut_id`, `level`, `name`, `description`, `lockable`, `multiple_assign`, `mkdate`, `chdate`) VALUES('a8c03520e8ad9dc90fb2d161ffca7d7b', '0ff09e4f5a729981e978d970f9d970cb', '6350c6ae2ec6fd8bd852d505789d0666', '5a72dfe3f0c0295a8fe4e12c86d4c8f4', '76ed43ef286fb55cf9e41beadb484a9f', '', 2, 'Seminarraum 2', 'Dieses Objekt wurde neu erstellt. Es wurden noch keine Eigenschaften zugewiesen.', 0, 0, 1084640590, 1084640599);
REPLACE INTO `resources_objects` (`resource_id`, `root_id`, `parent_id`, `category_id`, `owner_id`, `institut_id`, `level`, `name`, `description`, `lockable`, `multiple_assign`, `mkdate`, `chdate`) VALUES('5ead77812be3b601e2f08ed5da4c5630', '0ff09e4f5a729981e978d970f9d970cb', '6350c6ae2ec6fd8bd852d505789d0666', '5a72dfe3f0c0295a8fe4e12c86d4c8f4', '76ed43ef286fb55cf9e41beadb484a9f', '', 2, 'Seminarraum 3', 'Dieses Objekt wurde neu erstellt. Es wurden noch keine Eigenschaften zugewiesen.', 0, 0, 1084640611, 1084723704);
REPLACE INTO `resources_objects` (`resource_id`, `root_id`, `parent_id`, `category_id`, `owner_id`, `institut_id`, `level`, `name`, `description`, `lockable`, `multiple_assign`, `mkdate`, `chdate`) VALUES('52b435cbdd021bcc5cd78835de2b4f57', 'f37cbb74e9c9a8a0539bac1f3d6c1e96', 'f37cbb74e9c9a8a0539bac1f3d6c1e96', 'f3351baeca8776d4ffe4b672f568cbed', '76ed43ef286fb55cf9e41beadb484a9f', '', 1, 'Beamer', 'Dieses Objekt wurde neu erstellt. Es wurden noch keine Eigenschaften zugewiesen.', 0, 0, 1084640739, 1084640748);
REPLACE INTO `resources_objects` (`resource_id`, `root_id`, `parent_id`, `category_id`, `owner_id`, `institut_id`, `level`, `name`, `description`, `lockable`, `multiple_assign`, `mkdate`, `chdate`) VALUES('ffacb5f74be406a524a380f1c135ee02', 'f37cbb74e9c9a8a0539bac1f3d6c1e96', 'f37cbb74e9c9a8a0539bac1f3d6c1e96', 'f3351baeca8776d4ffe4b672f568cbed', '76ed43ef286fb55cf9e41beadb484a9f', '', 1, 'Tageslichtprojektor', 'Dieses Objekt wurde neu erstellt. Es wurden noch keine Eigenschaften zugewiesen.', 0, 0, 1084640761, 1084640778);

--
-- Daten für Tabelle `resources_objects_properties`
--

REPLACE INTO `resources_objects_properties` (`resource_id`, `property_id`, `state`) VALUES('6350c6ae2ec6fd8bd852d505789d0666', 'c4f13691419a6c12d38ad83daa926c7c', 'Liebigstr. 1');
REPLACE INTO `resources_objects_properties` (`resource_id`, `property_id`, `state`) VALUES('6350c6ae2ec6fd8bd852d505789d0666', 'b79b77f40706ed598f5403f953c1f791', 'on');
REPLACE INTO `resources_objects_properties` (`resource_id`, `property_id`, `state`) VALUES('8a57860ca2be4cc3a77c06c1d346ea57', 'c4f13691419a6c12d38ad83daa926c7c', 'Universitätsstr. 1');
REPLACE INTO `resources_objects_properties` (`resource_id`, `property_id`, `state`) VALUES('8a57860ca2be4cc3a77c06c1d346ea57', 'b79b77f40706ed598f5403f953c1f791', 'on');
REPLACE INTO `resources_objects_properties` (`resource_id`, `property_id`, `state`) VALUES('728f1578de643fb08b32b4b8afb2db77', '44fd30e8811d0d962582fa1a9c452bdd', '500');
REPLACE INTO `resources_objects_properties` (`resource_id`, `property_id`, `state`) VALUES('728f1578de643fb08b32b4b8afb2db77', '7c1a8f6001cfdcb9e9c33eeee0ef343d', 'on');
REPLACE INTO `resources_objects_properties` (`resource_id`, `property_id`, `state`) VALUES('728f1578de643fb08b32b4b8afb2db77', 'b79b77f40706ed598f5403f953c1f791', 'on');
REPLACE INTO `resources_objects_properties` (`resource_id`, `property_id`, `state`) VALUES('728f1578de643fb08b32b4b8afb2db77', '613cfdf6aa1072e21a1edfcfb0445c69', 'on');
REPLACE INTO `resources_objects_properties` (`resource_id`, `property_id`, `state`) VALUES('728f1578de643fb08b32b4b8afb2db77', 'afb8675e2257c03098aa34b2893ba686', 'on');
REPLACE INTO `resources_objects_properties` (`resource_id`, `property_id`, `state`) VALUES('728f1578de643fb08b32b4b8afb2db77', '1f8cef2b614382e36eaa4a29f6027edf', 'on');
REPLACE INTO `resources_objects_properties` (`resource_id`, `property_id`, `state`) VALUES('728f1578de643fb08b32b4b8afb2db77', '28addfe18e86cc3587205734c8bc2372', 'on');
REPLACE INTO `resources_objects_properties` (`resource_id`, `property_id`, `state`) VALUES('b17c4ea6e053f2fffba8a5517fc277b3', '44fd30e8811d0d962582fa1a9c452bdd', '150');
REPLACE INTO `resources_objects_properties` (`resource_id`, `property_id`, `state`) VALUES('b17c4ea6e053f2fffba8a5517fc277b3', '7c1a8f6001cfdcb9e9c33eeee0ef343d', 'on');
REPLACE INTO `resources_objects_properties` (`resource_id`, `property_id`, `state`) VALUES('b17c4ea6e053f2fffba8a5517fc277b3', 'b79b77f40706ed598f5403f953c1f791', 'on');
REPLACE INTO `resources_objects_properties` (`resource_id`, `property_id`, `state`) VALUES('b17c4ea6e053f2fffba8a5517fc277b3', '28addfe18e86cc3587205734c8bc2372', '');
REPLACE INTO `resources_objects_properties` (`resource_id`, `property_id`, `state`) VALUES('2f98bf64830043fd98a39fbbe2068678', '44fd30e8811d0d962582fa1a9c452bdd', '25');
REPLACE INTO `resources_objects_properties` (`resource_id`, `property_id`, `state`) VALUES('2f98bf64830043fd98a39fbbe2068678', 'b79b77f40706ed598f5403f953c1f791', 'on');
REPLACE INTO `resources_objects_properties` (`resource_id`, `property_id`, `state`) VALUES('2f98bf64830043fd98a39fbbe2068678', '613cfdf6aa1072e21a1edfcfb0445c69', 'on');
REPLACE INTO `resources_objects_properties` (`resource_id`, `property_id`, `state`) VALUES('2f98bf64830043fd98a39fbbe2068678', '28addfe18e86cc3587205734c8bc2372', 'on');
REPLACE INTO `resources_objects_properties` (`resource_id`, `property_id`, `state`) VALUES('51ad4b7100d3a8a1db61c7b099f052a6', '44fd30e8811d0d962582fa1a9c452bdd', '25');
REPLACE INTO `resources_objects_properties` (`resource_id`, `property_id`, `state`) VALUES('51ad4b7100d3a8a1db61c7b099f052a6', '613cfdf6aa1072e21a1edfcfb0445c69', 'on');
REPLACE INTO `resources_objects_properties` (`resource_id`, `property_id`, `state`) VALUES('51ad4b7100d3a8a1db61c7b099f052a6', 'afb8675e2257c03098aa34b2893ba686', 'on');
REPLACE INTO `resources_objects_properties` (`resource_id`, `property_id`, `state`) VALUES('51ad4b7100d3a8a1db61c7b099f052a6', '28addfe18e86cc3587205734c8bc2372', 'on');
REPLACE INTO `resources_objects_properties` (`resource_id`, `property_id`, `state`) VALUES('a8c03520e8ad9dc90fb2d161ffca7d7b', '44fd30e8811d0d962582fa1a9c452bdd', '30');
REPLACE INTO `resources_objects_properties` (`resource_id`, `property_id`, `state`) VALUES('a8c03520e8ad9dc90fb2d161ffca7d7b', '7c1a8f6001cfdcb9e9c33eeee0ef343d', 'on');
REPLACE INTO `resources_objects_properties` (`resource_id`, `property_id`, `state`) VALUES('a8c03520e8ad9dc90fb2d161ffca7d7b', 'b79b77f40706ed598f5403f953c1f791', 'on');
REPLACE INTO `resources_objects_properties` (`resource_id`, `property_id`, `state`) VALUES('a8c03520e8ad9dc90fb2d161ffca7d7b', '613cfdf6aa1072e21a1edfcfb0445c69', 'on');
REPLACE INTO `resources_objects_properties` (`resource_id`, `property_id`, `state`) VALUES('a8c03520e8ad9dc90fb2d161ffca7d7b', 'afb8675e2257c03098aa34b2893ba686', 'on');
REPLACE INTO `resources_objects_properties` (`resource_id`, `property_id`, `state`) VALUES('a8c03520e8ad9dc90fb2d161ffca7d7b', '28addfe18e86cc3587205734c8bc2372', 'on');
REPLACE INTO `resources_objects_properties` (`resource_id`, `property_id`, `state`) VALUES('5ead77812be3b601e2f08ed5da4c5630', '44fd30e8811d0d962582fa1a9c452bdd', '15');
REPLACE INTO `resources_objects_properties` (`resource_id`, `property_id`, `state`) VALUES('5ead77812be3b601e2f08ed5da4c5630', 'afb8675e2257c03098aa34b2893ba686', 'on');
REPLACE INTO `resources_objects_properties` (`resource_id`, `property_id`, `state`) VALUES('5ead77812be3b601e2f08ed5da4c5630', '1f8cef2b614382e36eaa4a29f6027edf', 'on');
REPLACE INTO `resources_objects_properties` (`resource_id`, `property_id`, `state`) VALUES('52b435cbdd021bcc5cd78835de2b4f57', 'c4352a580051a81830ef5980941c9e06', '123456789');
REPLACE INTO `resources_objects_properties` (`resource_id`, `property_id`, `state`) VALUES('52b435cbdd021bcc5cd78835de2b4f57', 'cb8140efbc2af5362b1159c65deeec9e', 'Sony');
REPLACE INTO `resources_objects_properties` (`resource_id`, `property_id`, `state`) VALUES('52b435cbdd021bcc5cd78835de2b4f57', '39c73942e1c1650fa20c7259be96b3f3', '123132dffd5');
REPLACE INTO `resources_objects_properties` (`resource_id`, `property_id`, `state`) VALUES('ffacb5f74be406a524a380f1c135ee02', 'c4352a580051a81830ef5980941c9e06', '225566');
REPLACE INTO `resources_objects_properties` (`resource_id`, `property_id`, `state`) VALUES('ffacb5f74be406a524a380f1c135ee02', 'cb8140efbc2af5362b1159c65deeec9e', 'Telefunken');
REPLACE INTO `resources_objects_properties` (`resource_id`, `property_id`, `state`) VALUES('ffacb5f74be406a524a380f1c135ee02', '39c73942e1c1650fa20c7259be96b3f3', 'wwqw');
REPLACE INTO `resources_objects_properties` (`resource_id`, `property_id`, `state`) VALUES('5ead77812be3b601e2f08ed5da4c5630', '28addfe18e86cc3587205734c8bc2372', '');

--
-- Daten für Tabelle `resources_requests`
--

REPLACE INTO `resources_requests` (`request_id`, `seminar_id`, `termin_id`, `metadate_id`, `user_id`, `resource_id`, `category_id`, `comment`, `reply_comment`, `closed`, `mkdate`, `chdate`) VALUES('49841e651e23fe3cb41541381d1117d6', '834499e2b8a2cd71637890e5de31cba3', '67f1c5cc5a38779c1f09ab60699452d7', '', '76ed43ef286fb55cf9e41beadb484a9f', '', '5a72dfe3f0c0295a8fe4e12c86d4c8f4', '', NULL, 0, 1326810659, 1326810659);

