--
-- Daten für Tabelle `config`
--

INSERT INTO `config` (`config_id`, `parent_id`, `field`, `value`, `is_default`, `type`, `range`, `section`, `position`, `mkdate`, `chdate`, `description`, `comment`, `message_template`) VALUES('7291d64d9cc4ea43ee9e8260f05a4111', '', 'MAIL_NOTIFICATION_ENABLE', '0', 1, 'boolean', 'global', '', 0, 1122996278, 1122996278, 'Informationen über neue Inhalte per email verschicken', '', '');
INSERT INTO `config` (`config_id`, `parent_id`, `field`, `value`, `is_default`, `type`, `range`, `section`, `position`, `mkdate`, `chdate`, `description`, `comment`, `message_template`) VALUES('9f6d7e248f58d1b211314dfb26c77d63', '', 'RESOURCES_ALLOW_DELETE_REQUESTS', '1', 1, 'boolean', 'global', 'resources', 0, 1136826903, 1136826903, 'Erlaubt das Löschen von Raumanfragen für globale Ressourcenadmins', '', '');
INSERT INTO `config` (`config_id`, `parent_id`, `field`, `value`, `is_default`, `type`, `range`, `section`, `position`, `mkdate`, `chdate`, `description`, `comment`, `message_template`) VALUES('25bdaf939c88ee79bf3da54165d61a48', '', 'MAINTENANCE_MODE_ENABLE', '0', 1, 'boolean', 'global', '', 0, 1130840930, 1130840930, 'Schaltet das System in den Wartungsmodus, so dass nur noch Administratoren Zugriff haben', '', '');
INSERT INTO `config` (`config_id`, `parent_id`, `field`, `value`, `is_default`, `type`, `range`, `section`, `position`, `mkdate`, `chdate`, `description`, `comment`, `message_template`) VALUES('88c038ca4fb36764ff6486d72379e1ae', '', 'ZIP_UPLOAD_MAX_FILES', '100', 1, 'integer', 'global', 'files', 0, 1130840930, 1130840930, 'Die maximale Anzahl an Dateien, die bei einem Zipupload automatisch entpackt werden', '', '');
INSERT INTO `config` (`config_id`, `parent_id`, `field`, `value`, `is_default`, `type`, `range`, `section`, `position`, `mkdate`, `chdate`, `description`, `comment`, `message_template`) VALUES('c1f9ef95f501893c73e2654296c425f2', '', 'ZIP_UPLOAD_ENABLE', '1', 1, 'boolean', 'global', 'files', 0, 1130840930, 1130840930, 'Ermöglicht es, ein Zip Archiv hochzuladen, welches automatisch entpackt wird', '', '');
INSERT INTO `config` (`config_id`, `parent_id`, `field`, `value`, `is_default`, `type`, `range`, `section`, `position`, `mkdate`, `chdate`, `description`, `comment`, `message_template`) VALUES('d733eb0f9ef6db9fb3b461dd4df22376', '', 'ZIP_UPLOAD_MAX_DIRS', '10', 1, 'integer', 'global', 'files', 0, 1130840962, 1130840962, 'Die maximale Anzahl an Verzeichnissen, die bei einem Zipupload automatisch entpackt werden', '', '');
INSERT INTO `config` (`config_id`, `parent_id`, `field`, `value`, `is_default`, `type`, `range`, `section`, `position`, `mkdate`, `chdate`, `description`, `comment`, `message_template`) VALUES('1c07aa46c6fe6fea26d9b0cfd8fbcd19', '', 'SENDFILE_LINK_MODE', 'normal', 1, 'string', 'global', 'files', 0, 1141212096, 1141212096, 'Format der Downloadlinks: normal=sendfile.php?parameter=x, old=sendfile.php?/parameter=x, rewrite=download/parameter/file.txt', '', '');
INSERT INTO `config` (`config_id`, `parent_id`, `field`, `value`, `is_default`, `type`, `range`, `section`, `position`, `mkdate`, `chdate`, `description`, `comment`, `message_template`) VALUES('9d4956b4eac20f03b60b17d7ac30b40a', '', 'SEMESTER_TIME_SWITCH', '0', 1, 'integer', 'global', '', 0, 1140013696, 1140013696, 'Anzahl der Wochen vor Semesterende zu dem das vorgewählte Semester umspringt', '', '');
INSERT INTO `config` (`config_id`, `parent_id`, `field`, `value`, `is_default`, `type`, `range`, `section`, `position`, `mkdate`, `chdate`, `description`, `comment`, `message_template`) VALUES('06cdb765fb8f0853e3ebe08f51c3596e', '', 'RESOURCES_ENABLE', '0', 1, 'boolean', 'global', 'resources', 0, 0, 1293118059, 'Enable the Stud.IP resource management module', '', '');
INSERT INTO `config` (`config_id`, `parent_id`, `field`, `value`, `is_default`, `type`, `range`, `section`, `position`, `mkdate`, `chdate`, `description`, `comment`, `message_template`) VALUES('3d415eca6003321f09e59407e4a7994d', '', 'RESOURCES_LOCKING_ACTIVE', '', 1, 'boolean', 'global', 'resources', 0, 0, 1100709567, 'Schaltet in der Ressourcenverwaltung das Blockieren der Bearbeitung für einen Zeitraum aus (nur Admins dürfen in dieser Zeit auf die Belegung zugreifen)', '', '');
INSERT INTO `config` (`config_id`, `parent_id`, `field`, `value`, `is_default`, `type`, `range`, `section`, `position`, `mkdate`, `chdate`, `description`, `comment`, `message_template`) VALUES('b7a2817d142443245df2f5ac587fe218', '', 'RESOURCES_ALLOW_ROOM_REQUESTS', '1', 1, 'boolean', 'global', 'resources', 0, 0, 1100709567, 'Schaltet in der Ressourcenverwaltung das System zum Stellen und Bearbeiten von Raumanfragen ein oder aus', '', '');
INSERT INTO `config` (`config_id`, `parent_id`, `field`, `value`, `is_default`, `type`, `range`, `section`, `position`, `mkdate`, `chdate`, `description`, `comment`, `message_template`) VALUES('d821ffbff29ce636c6763ffe3fd8b427', '', 'RESOURCES_ALLOW_CREATE_ROOMS', '2', 1, 'integer', 'global', 'resources', 0, 0, 1100709567, 'Welche Rechstufe darf  Räume anlegen? 1 = Nutzer ab Status tutor, 2 = Nutzer ab Status admin, 3 = nur Ressourcenadministratoren', '', '');
INSERT INTO `config` (`config_id`, `parent_id`, `field`, `value`, `is_default`, `type`, `range`, `section`, `position`, `mkdate`, `chdate`, `description`, `comment`, `message_template`) VALUES('5a6e2342b90530ed50ad8497054420c0', '', 'RESOURCES_ALLOW_ROOM_PROPERTY_REQUESTS', '1', 1, 'boolean', 'global', 'resources', 0, 0, 1074780851, 'Schaltet in der Ressourcenverwaltung die Möglichkeit, im Rahmen einer Anfrage Raumeigenschaften zu wünschen, ein oder aus', '', '');
INSERT INTO `config` (`config_id`, `parent_id`, `field`, `value`, `is_default`, `type`, `range`, `section`, `position`, `mkdate`, `chdate`, `description`, `comment`, `message_template`) VALUES('e4123cf9158cd0b936144f0f4cf8dfa3', '', 'RESOURCES_INHERITANCE_PERMS_ROOMS', '1', 1, 'integer', 'global', 'resources', 0, 0, 1100709567, 'Art der Rechtevererbung in der Ressourcenverwaltung für Räume: 1 = lokale Rechte der Einrichtung und Veranstaltung werden übertragen, 2 = nur Autorenrechte werden vergeben, 3 = es werden keine Rechte vergeben', '', '');
INSERT INTO `config` (`config_id`, `parent_id`, `field`, `value`, `is_default`, `type`, `range`, `section`, `position`, `mkdate`, `chdate`, `description`, `comment`, `message_template`) VALUES('45856b1e3407ce565d87ec9b8fd32d7d', '', 'RESOURCES_INHERITANCE_PERMS', '1', 1, 'integer', 'global', 'resources', 0, 0, 1100709567, 'Art der Rechtevererbung in der Ressourcenverwaltung für Ressourcen (nicht Räume): 1 = lokale Rechte der Einrichtung und Veranstaltung werden übertragen, 2 = nur Autorenrechte werden vergeben, 3 = es werden keine Rechte vergeben', '', '');
INSERT INTO `config` (`config_id`, `parent_id`, `field`, `value`, `is_default`, `type`, `range`, `section`, `position`, `mkdate`, `chdate`, `description`, `comment`, `message_template`) VALUES('c353c73d8f37e3c301ae34898c837af4', '', 'RESOURCES_ENABLE_ORGA_CLASSIFY', '1', 1, 'boolean', 'global', 'resources', 0, 0, 1100709567, 'Schaltet in der Ressourcenverwaltung das Einordnen von Ressourcen in Orga-Struktur (ohne Rechtevergabe) ein oder aus', '', '');
INSERT INTO `config` (`config_id`, `parent_id`, `field`, `value`, `is_default`, `type`, `range`, `section`, `position`, `mkdate`, `chdate`, `description`, `comment`, `message_template`) VALUES('0821671742242add144595b1112399fb', '', 'RESOURCES_ALLOW_SINGLE_ASSIGN_PERCENTAGE', '50', 1, 'integer', 'global', 'resources', 0, 0, 1100709567, 'Wert (in Prozent), ab dem ein Raum mit Einzelbelegungen (statt Serienbelegungen) gefüllt wird, wenn dieser Anteil an möglichen Belegungen bereits durch andere Belegungen zu Überschneidungen führt', '', '');
INSERT INTO `config` (`config_id`, `parent_id`, `field`, `value`, `is_default`, `type`, `range`, `section`, `position`, `mkdate`, `chdate`, `description`, `comment`, `message_template`) VALUES('94d1643209a8f404dfe71228aad5345d', '', 'RESOURCES_ALLOW_SINGLE_DATE_GROUPING', '5', 1, 'integer', 'global', 'resources', 0, 0, 1100709567, 'Anzahl an Einzeltermine, ab der diese als Gruppe zusammengefasst bearbeitet werden', '', '');
INSERT INTO `config` (`config_id`, `parent_id`, `field`, `value`, `is_default`, `type`, `range`, `section`, `position`, `mkdate`, `chdate`, `description`, `comment`, `message_template`) VALUES('d29daf70897da5f89d44013260f26abd', '', 'AJAX_AUTOCOMPLETE_DISABLED', '0', 1, 'boolean', 'global', '', 0, 1293118060, 1293118060, 'Sollen alle QuickSearches deaktiviertes Autocomplete haben? Wenn es zu Performanceproblemen kommt, kann es sich lohnen, diese Variable auf true zu stellen.', '', '');
INSERT INTO `config` (`config_id`, `parent_id`, `field`, `value`, `is_default`, `type`, `range`, `section`, `position`, `mkdate`, `chdate`, `description`, `comment`, `message_template`) VALUES('f2f8a47ea69ed9ccba5573e85a15662c', '', 'ACCESSKEY_ENABLE', '', 1, 'boolean', 'user', '', 0, 0, 0, 'Schaltet die Nutzung von Shortcuts für einen User ein oder aus, Systemdefault', '', '');
INSERT INTO `config` (`config_id`, `parent_id`, `field`, `value`, `is_default`, `type`, `range`, `section`, `position`, `mkdate`, `chdate`, `description`, `comment`, `message_template`) VALUES('0b00c75bc76abe0dd132570403b38e5c', '', 'NEWS_RSS_EXPORT_ENABLE', '1', 1, 'boolean', 'global', '', 0, 0, 0, 'Schaltet die Möglichkeit des rss-Export von privaten News global ein oder aus', '', '');
INSERT INTO `config` (`config_id`, `parent_id`, `field`, `value`, `is_default`, `type`, `range`, `section`, `position`, `mkdate`, `chdate`, `description`, `comment`, `message_template`) VALUES('42d237f9dfd852318cdc66319043536d', '', 'FOAF_SHOW_IDENTITY', '', 1, 'boolean', 'user', 'privacy', 0, 0, 0, 'Schaltet für einen User ein oder aus, ob dieser in FOAS-Ketten angezeigt wird, Systemdefault', '', '');
INSERT INTO `config` (`config_id`, `parent_id`, `field`, `value`, `is_default`, `type`, `range`, `section`, `position`, `mkdate`, `chdate`, `description`, `comment`, `message_template`) VALUES('6ae7aecf299930cbb8a5e89bbab4da55', '', 'FOAF_ENABLE', '1', 1, 'boolean', 'global', '', 0, 0, 0, 'FOAF Feature benutzen?', '', '');
INSERT INTO `config` (`config_id`, `parent_id`, `field`, `value`, `is_default`, `type`, `range`, `section`, `position`, `mkdate`, `chdate`, `description`, `comment`, `message_template`) VALUES('a52e3b62ac0bee819b782d8979960b7b', '', 'RESOURCES_ENABLE_GROUPING', '1', 1, 'boolean', 'global', 'resources', 0, 0, 1121861801, 'Schaltet in der Ressourcenverwaltung die Funktion zur Verwaltung von Raumgruppen ein oder aus', '', '');
INSERT INTO `config` (`config_id`, `parent_id`, `field`, `value`, `is_default`, `type`, `range`, `section`, `position`, `mkdate`, `chdate`, `description`, `comment`, `message_template`) VALUES('76cac679fa57fdbb3f9d6cee20bf8c6f', '', 'RESOURCES_ENABLE_SEM_SCHEDULE', '1', 1, 'boolean', 'global', 'resources', 0, 0, 0, 'Schaltet in der Ressourcenverwaltung ein, ob ein Semesterbelegungsplan erstellt werden kann', '', '');
INSERT INTO `config` (`config_id`, `parent_id`, `field`, `value`, `is_default`, `type`, `range`, `section`, `position`, `mkdate`, `chdate`, `description`, `comment`, `message_template`) VALUES('3af783748f92cdf99b066d4227f8dffc', '', 'RESOURCES_SEARCH_ONLY_REQUESTABLE_PROPERTY', '1', 1, 'boolean', 'global', 'resources', 0, 0, 0, 'Schaltet in der Suche der Ressourcenverwaltun das Durchsuchen von nicht wünschbaren Eigenschaften ein oder aus', '', '');
INSERT INTO `config` (`config_id`, `parent_id`, `field`, `value`, `is_default`, `type`, `range`, `section`, `position`, `mkdate`, `chdate`, `description`, `comment`, `message_template`) VALUES('fe498bb91a4cbfdfd5078915e979153c', '', 'RESOURCES_ENABLE_VIRTUAL_ROOM_GROUPS', '1', 1, 'boolean', 'global', 'resources', 0, 0, 0, 'Schaltet in der Ressourcenverwaltung automatische gebildete Raumgruppen neben per Konfigurationsdatei definierten Gruppen ein oder aus', '', '');
INSERT INTO `config` (`config_id`, `parent_id`, `field`, `value`, `is_default`, `type`, `range`, `section`, `position`, `mkdate`, `chdate`, `description`, `comment`, `message_template`) VALUES('68b127dde744085637d221e11d4e8cf2', '', 'RESOURCES_ALLOW_CREATE_TOP_LEVEL', '', 1, 'boolean', 'global', 'resources', 0, 0, 0, 'Schaltet für die Ressourcenverwaltung ein, ob neue Hierachieebenen von anderen Nutzern als Admins angelegt werden können oder nicht', '', '');
INSERT INTO `config` (`config_id`, `parent_id`, `field`, `value`, `is_default`, `type`, `range`, `section`, `position`, `mkdate`, `chdate`, `description`, `comment`, `message_template`) VALUES('b16359d5514b13794689eab669124c69', '', 'ALLOW_DOZENT_VISIBILITY', '', 1, 'boolean', 'global', 'permissions', 0, 0, 0, 'Schaltet ein oder aus, ob ein Dozent eigene Veranstaltungen selbst verstecken darf oder nicht', '', '');
INSERT INTO `config` (`config_id`, `parent_id`, `field`, `value`, `is_default`, `type`, `range`, `section`, `position`, `mkdate`, `chdate`, `description`, `comment`, `message_template`) VALUES('e8cd96580149cde65ad69b6cf18d5c39', '', 'ALLOW_DOZENT_ARCHIV', '', 1, 'boolean', 'global', 'permissions', 0, 0, 1109946684, 'Schaltet ein oder aus, ob ein Dozent eigene Veranstaltungen selbst archivieren darf oder nicht', '', '');
INSERT INTO `config` (`config_id`, `parent_id`, `field`, `value`, `is_default`, `type`, `range`, `section`, `position`, `mkdate`, `chdate`, `description`, `comment`, `message_template`) VALUES('24ecbeb431826c61fd8b53b3aa41bfa6', '', 'SHOWSEM_ENABLE', '1', 1, 'boolean', 'user', '', 0, 1122461027, 1122461027, 'Einstellung für Nutzer, ob Semesterangaben in der Übersicht "Meine Veranstaltung" nach dem Titel der Veranstaltung gemacht werden; Systemdefault', '', '');
INSERT INTO `config` (`config_id`, `parent_id`, `field`, `value`, `is_default`, `type`, `range`, `section`, `position`, `mkdate`, `chdate`, `description`, `comment`, `message_template`) VALUES('91e6e53b3748a53c42440453e8045be3', '', 'RESOURCES_ALLOW_SEMASSI_SKIP_REQUEST', '1', 1, 'boolean', 'global', 'resources', 0, 1122565305, 1122565305, 'Schaltet das Pflicht, eine Raumanfrage beim Anlegen einer Veranstaltung machen zu müssen, ein oder aus', '', '');
INSERT INTO `config` (`config_id`, `parent_id`, `field`, `value`, `is_default`, `type`, `range`, `section`, `position`, `mkdate`, `chdate`, `description`, `comment`, `message_template`) VALUES('f32367b1542a1d513ecee8a26e26d239', '', 'RESOURCES_SCHEDULE_EXPLAIN_USER_NAME', '1', 1, 'boolean', 'global', 'resources', 0, 1123516671, 1123516671, 'Schaltet in der Ressourcenverwaltung die Anzeige der Namen des Belegers in der Ausgabe von Belegungsplänen ein oder aus', '', '');
INSERT INTO `config` (`config_id`, `parent_id`, `field`, `value`, `is_default`, `type`, `range`, `section`, `position`, `mkdate`, `chdate`, `description`, `comment`, `message_template`) VALUES('4c52bfa598daa03944a401b66c53d828', '', 'NEWS_DISABLE_GARBAGE_COLLECT', '0', 1, 'boolean', 'global', '', 0, 1123751948, 1123751948, 'Schaltet den Garbage-Collect für News ein oder aus', '', '');
INSERT INTO `config` (`config_id`, `parent_id`, `field`, `value`, `is_default`, `type`, `range`, `section`, `position`, `mkdate`, `chdate`, `description`, `comment`, `message_template`) VALUES('9e0579653e585a688665a6ea2e2d7c90', '', 'EVAL_AUSWERTUNG_CONFIG_ENABLE', '1', 1, 'boolean', 'global', 'evaluation', 0, 1141225624, 1141225624, 'Ermöglicht es dem Nutzer, die grafische Darstellung der Evaluationsauswertung zu konfigurieren', '', '');
INSERT INTO `config` (`config_id`, `parent_id`, `field`, `value`, `is_default`, `type`, `range`, `section`, `position`, `mkdate`, `chdate`, `description`, `comment`, `message_template`) VALUES('0ad11a4cafa548d3c72a3dc1776568d8', '', 'EVAL_AUSWERTUNG_GRAPH_FORMAT', 'png', 1, 'string', 'global', 'evaluation', 0, 1141225624, 1141225624, 'Das Format, in dem die Diagramme der grafischen Evaluationsauswertung erstellt werden (jpg, png, gif).', '', '');
INSERT INTO `config` (`config_id`, `parent_id`, `field`, `value`, `is_default`, `type`, `range`, `section`, `position`, `mkdate`, `chdate`, `description`, `comment`, `message_template`) VALUES('781e0998a1b5c998ebbc02a4f0d907ac', '', 'USER_VISIBILITY_UNKNOWN', '1', 1, 'boolean', 'global', 'privacy', 0, 1153815901, 1153815901, 'Sollen Nutzer mit Sichtbarkeit "unknown" wie sichtbare behandelt werden?', '', '');
INSERT INTO `config` (`config_id`, `parent_id`, `field`, `value`, `is_default`, `type`, `range`, `section`, `position`, `mkdate`, `chdate`, `description`, `comment`, `message_template`) VALUES('3ca9d678f11a73917420161180838205', '', 'CHAT_USE_AJAX_CLIENT', '1', 1, 'boolean', 'user', '', 0, 1153815830, 1153815830, 'Einstellung für Nutzer, ob der AJAX chatclient benutzt werden soll; Systemdefault', '', '');
INSERT INTO `config` (`config_id`, `parent_id`, `field`, `value`, `is_default`, `type`, `range`, `section`, `position`, `mkdate`, `chdate`, `description`, `comment`, `message_template`) VALUES('54ad03142e6704434976c9a0df8329c8', '', 'ONLINE_NAME_FORMAT', 'full_rev', 1, 'string', 'user', '', 0, 1153814980, 1153814980, 'Default-Wert für wer-ist-online Namensformatierung', '', '');
INSERT INTO `config` (`config_id`, `parent_id`, `field`, `value`, `is_default`, `type`, `range`, `section`, `position`, `mkdate`, `chdate`, `description`, `comment`, `message_template`) VALUES('8a147b2d487d7ae91264f03cab5d8c07', '', 'ADMISSION_PRELIM_COMMENT_ENABLE', '0', 1, 'boolean', 'global', '', 0, 1153814966, 1153814966, 'Schaltet ein oder aus, ob ein Nutzer im Modus "Vorläufiger Eintrag" eine Bemerkung hinterlegen kann', '', '');
INSERT INTO `config` (`config_id`, `parent_id`, `field`, `value`, `is_default`, `type`, `range`, `section`, `position`, `mkdate`, `chdate`, `description`, `comment`, `message_template`) VALUES('a93eb21bb08719b3a522b7e238bd8b7e', '', 'EXTERNAL_HELP', '1', 1, 'boolean', 'global', '', 0, 1155128579, 1155128579, 'Schaltet das externe Hilfesystem ein', '', '');
INSERT INTO `config` (`config_id`, `parent_id`, `field`, `value`, `is_default`, `type`, `range`, `section`, `position`, `mkdate`, `chdate`, `description`, `comment`, `message_template`) VALUES('10367c279370c7f78552d2747c2b169c', '', 'EXTERNAL_HELP_LOCATIONID', 'default', 1, 'string', 'global', '', 0, 1155128579, 1155128579, 'Eine eindeutige ID zur Identifikation der gewünschten Hilfeseiten, leer bedeutet Standardhilfe', '', '');
INSERT INTO `config` (`config_id`, `parent_id`, `field`, `value`, `is_default`, `type`, `range`, `section`, `position`, `mkdate`, `chdate`, `description`, `comment`, `message_template`) VALUES('6679a9cf02e56c0fce92e91b8f696005', '', 'EXTERNAL_HELP_URL', 'http://hilfe.studip.de/index.php/%s', 1, 'string', 'global', '', 0, 1155128579, 1155128579, 'URL Template für das externe Hilfesystem', '', '');
INSERT INTO `config` (`config_id`, `parent_id`, `field`, `value`, `is_default`, `type`, `range`, `section`, `position`, `mkdate`, `chdate`, `description`, `comment`, `message_template`) VALUES('4cd2cd3cc207ffc0ae92721c291cd906', '', 'RESOURCES_SHOW_ROOM_NOT_BOOKED_HINT', '0', 1, 'boolean', 'global', 'resources', 0, 1168444600, 1168444600, 'Einstellung, ob bei aktivierter Raumverwaltung Raumangaben die nicht gebucht sind gekennzeichnet werden', '', '');
INSERT INTO `config` (`config_id`, `parent_id`, `field`, `value`, `is_default`, `type`, `range`, `section`, `position`, `mkdate`, `chdate`, `description`, `comment`, `message_template`) VALUES('3b6a1623b8e0913430d6a27bfda976fd', '', 'ADMISSION_ALLOW_DISABLE_WAITLIST', '1', 1, 'boolean', 'global', '', 0, 1170242650, 1170242650, 'Schaltet ein oder aus, ob die Warteliste in Zugangsbeschränkten Veranstaltungen deaktiviert werden kann', '', '');
INSERT INTO `config` (`config_id`, `parent_id`, `field`, `value`, `is_default`, `type`, `range`, `section`, `position`, `mkdate`, `chdate`, `description`, `comment`, `message_template`) VALUES('08f085d9ef2ee7d8b355dcc35282ab8c', '', 'ENABLE_SKYPE_INFO', '1', 1, 'boolean', 'global', 'privacy', 0, 1170242666, 1170242666, 'Ermöglicht die Eingabe / Anzeige eines Skype Namens ', '', '');
INSERT INTO `config` (`config_id`, `parent_id`, `field`, `value`, `is_default`, `type`, `range`, `section`, `position`, `mkdate`, `chdate`, `description`, `comment`, `message_template`) VALUES('615e92cdf78c1436c3fc1f60a8cd944e', '', 'SEM_VISIBILITY_PERM', 'root', 1, 'string', 'global', 'permissions', 0, 1170242706, 1170242706, 'Bestimmt den globalen Nutzerstatus, ab dem versteckte Veranstaltungen in der Suche gefunden werden (root,admin,dozent)', '', '');
INSERT INTO `config` (`config_id`, `parent_id`, `field`, `value`, `is_default`, `type`, `range`, `section`, `position`, `mkdate`, `chdate`, `description`, `comment`, `message_template`) VALUES('4158d433b57052b20fd66d84b71c7324', '', 'SEM_CREATE_PERM', 'dozent', 1, 'string', 'global', 'permissions', 0, 1170242930, 1170242930, 'Bestimmt den globalen Nutzerstatus, ab dem Veranstaltungen angelegt werden dürfen (root,admin,dozent)', '', '');
INSERT INTO `config` (`config_id`, `parent_id`, `field`, `value`, `is_default`, `type`, `range`, `section`, `position`, `mkdate`, `chdate`, `description`, `comment`, `message_template`) VALUES('93da66ca9e2d17df5bc61bd56406add7', '', 'RESOURCES_ROOM_REQUEST_DEFAULT_ACTION', 'NO_ROOM_INFO_ACTION', 1, 'string', 'global', 'resources', 0, 0, 0, 'Designates the pre-selected action for the room request dialog', 'Valid values are: NO_ROOM_INFO_ACTION, ROOM_REQUEST_ACTION, BOOKING_OF_ROOM_ACTION, FREETEXT_ROOM_ACTION', '');
INSERT INTO `config` (`config_id`, `parent_id`, `field`, `value`, `is_default`, `type`, `range`, `section`, `position`, `mkdate`, `chdate`, `description`, `comment`, `message_template`) VALUES('0d3f84ed4dd6b7147b504ffb5b6fbc2c', '', 'RESOURCES_ENABLE_EXPERT_SCHEDULE_VIEW', '0', 1, 'boolean', 'global', 'resources', 0, 12, 12, 'Enables the expert view of the course schedules', '', '');
INSERT INTO `config` (`config_id`, `parent_id`, `field`, `value`, `is_default`, `type`, `range`, `section`, `position`, `mkdate`, `chdate`, `description`, `comment`, `message_template`) VALUES('bc3004618b17b29dc65e10e89be9a7a0', '', 'RESOURCES_ENABLE_BOOKINGSTATUS_COLORING', '1', 1, 'boolean', 'global', 'resources', 0, 0, 0, 'Enable the colored presentation of the room booking status of a date', '', '');
INSERT INTO `config` (`config_id`, `parent_id`, `field`, `value`, `is_default`, `type`, `range`, `section`, `position`, `mkdate`, `chdate`, `description`, `comment`, `message_template`) VALUES('cb92d5bb08f346567dbd394d0d553454', '', 'EMAIL_DOMAIN_RESTRICTION', '', 1, 'string', 'global', '', 0, 1157107088, 1157107088, 'Beschränkt die gültigkeit von Email-Adressen bei freier Registrierung auf die angegebenen Domains. Komma-separierte Liste von Domains ohne vorangestelltes @.', '', '');
INSERT INTO `config` (`config_id`, `parent_id`, `field`, `value`, `is_default`, `type`, `range`, `section`, `position`, `mkdate`, `chdate`, `description`, `comment`, `message_template`) VALUES('791c632089d80d63bf910e661e378fca', '', 'MAIL_AS_HTML', '0', 1, 'boolean', 'user', '', 0, 1293118060, 1293118060, 'Benachrichtigungen werden im HTML-Format versandt', '', '');
INSERT INTO `config` (`config_id`, `parent_id`, `field`, `value`, `is_default`, `type`, `range`, `section`, `position`, `mkdate`, `chdate`, `description`, `comment`, `message_template`) VALUES('3acf297f781b0c0aefd551ec304b902d', '', 'DOCUMENTS_EMBEDD_FLASH_MOVIES', 'deny', 1, 'string', 'global', 'files', 0, 1157107088, 1157107088, 'Sollen im Dateibereich Flash-Filme direkt in einem Player angezeigt werden? deny=nicht erlaubt, allow=erlaubt, autoload=Film wird beim aufklappen geladen (incrementiert Downloads), autoplay=Film wird sofort abgespielt', '', '');
INSERT INTO `config` (`config_id`, `parent_id`, `field`, `value`, `is_default`, `type`, `range`, `section`, `position`, `mkdate`, `chdate`, `description`, `comment`, `message_template`) VALUES('e2d53231d99575a728cb84b0defc3569', '', 'ZIP_DOWNLOAD_MAX_FILES', '100', 1, 'integer', 'global', 'files', 0, 1219328498, 1219328498, 'Die maximale Anzahl an Dateien, die gezippt heruntergeladen werden kann', '', '');
INSERT INTO `config` (`config_id`, `parent_id`, `field`, `value`, `is_default`, `type`, `range`, `section`, `position`, `mkdate`, `chdate`, `description`, `comment`, `message_template`) VALUES('be1cd744e51e87d8c0c1cb9a6c171887', '', 'ZIP_DOWNLOAD_MAX_SIZE', '100', 1, 'integer', 'global', 'files', 0, 1219328498, 1219328498, 'Die maximale Größe aller Dateien, die zusammen in einem Zip heruntergeladen werden kann (in Megabytes).', '', '');
INSERT INTO `config` (`config_id`, `parent_id`, `field`, `value`, `is_default`, `type`, `range`, `section`, `position`, `mkdate`, `chdate`, `description`, `comment`, `message_template`) VALUES('b8faa6e4bdb8ec8d095f5ea1d04950c0', '', 'RANGE_TREE_ADMIN_PERM', 'admin', 1, 'string', 'global', 'permissions', 0, 1219328498, 1219328498, 'mit welchem Status darf die Einrichtungshierarchie bearbeitet werden (admin oder root)', '', '');
INSERT INTO `config` (`config_id`, `parent_id`, `field`, `value`, `is_default`, `type`, `range`, `section`, `position`, `mkdate`, `chdate`, `description`, `comment`, `message_template`) VALUES('e0b4d32bd6da9a430c2644bd5ea3ab3b', '', 'SEM_TREE_ADMIN_PERM', 'admin', 1, 'string', 'global', 'permissions', 0, 1219328498, 1219328498, 'mit welchem Status darf die Veranstaltungshierarchie bearbeitet werden (admin oder root)', '', '');
INSERT INTO `config` (`config_id`, `parent_id`, `field`, `value`, `is_default`, `type`, `range`, `section`, `position`, `mkdate`, `chdate`, `description`, `comment`, `message_template`) VALUES('fb5d5b3f1a0b70ded3c5770f30ec2ac1', '', 'SEMESTER_ADMINISTRATION_ENABLE', '1', 1, 'boolean', 'global', '', 0, 1219328498, 1219328498, 'schaltet die Semesterverwaltung ein oder aus', '', '');
INSERT INTO `config` (`config_id`, `parent_id`, `field`, `value`, `is_default`, `type`, `range`, `section`, `position`, `mkdate`, `chdate`, `description`, `comment`, `message_template`) VALUES('34f348c06bbd5d9fc7bb36a8d829e12e', '', 'SEM_TREE_ALLOW_BRANCH_ASSIGN', '1', 1, 'boolean', 'global', '', 0, 1222947575, 1222947575, 'Diese Option beeinflusst die Möglichkeit, Veranstaltungen entweder nur an die Blätter oder überall in der Veranstaltungshierarchie einhängen zu dürfen.', '', '');
INSERT INTO `config` (`config_id`, `parent_id`, `field`, `value`, `is_default`, `type`, `range`, `section`, `position`, `mkdate`, `chdate`, `description`, `comment`, `message_template`) VALUES('b213cfe252348f6934b3be424d97eebf', '', 'MESSAGE_PRIORITY', '0', 1, 'boolean', 'global', '', 0, 1240427632, 1240427632, 'If enabled, messages of high priority are displayed reddish', '', '');
INSERT INTO `config` (`config_id`, `parent_id`, `field`, `value`, `is_default`, `type`, `range`, `section`, `position`, `mkdate`, `chdate`, `description`, `comment`, `message_template`) VALUES('9212fb9cfd117f462c36b276838493f2', '', 'RESTRICTED_USER_MANAGEMENT', '0', 1, 'boolean', 'global', 'permissions', 0, 1240427632, 1240427632, 'Schränkt Zugriff auf die globale Nutzerverwaltung auf root ein', '', '');
INSERT INTO `config` (`config_id`, `parent_id`, `field`, `value`, `is_default`, `type`, `range`, `section`, `position`, `mkdate`, `chdate`, `description`, `comment`, `message_template`) VALUES('664fba27a9f0d8be2a68db04ecc919e1', '', 'AUX_RULE_ADMIN_PERM', 'admin', 1, 'string', 'global', 'permissions', 0, 1240427632, 1240427632, 'mit welchem Status dürfen Zusatzangaben definiert werden (admin, root)', '', '');
INSERT INTO `config` (`config_id`, `parent_id`, `field`, `value`, `is_default`, `type`, `range`, `section`, `position`, `mkdate`, `chdate`, `description`, `comment`, `message_template`) VALUES('759849f5dbc68a74df6905a8187ee59a', '', 'LOCK_RULE_ADMIN_PERM', 'admin', 1, 'string', 'global', 'permissions', 0, 1240427632, 1240427632, 'mit welchem Status dürfen Sperrebenen angepasst werden (admin, root)', '', '');
INSERT INTO `config` (`config_id`, `parent_id`, `field`, `value`, `is_default`, `type`, `range`, `section`, `position`, `mkdate`, `chdate`, `description`, `comment`, `message_template`) VALUES('62ccc1c5408de882f38de933cecaf88f', '', 'ALLOW_SELFASSIGN_INSTITUTE', '1', 1, 'boolean', 'global', 'permissions', 0, 1240427632, 1240427632, 'Wenn eingeschaltet, dürfen Studenten sich selbst Einrichtungen an denen sie studieren zuordnen.', '', '');
INSERT INTO `config` (`config_id`, `parent_id`, `field`, `value`, `is_default`, `type`, `range`, `section`, `position`, `mkdate`, `chdate`, `description`, `comment`, `message_template`) VALUES('7fc613594ac8a9f44b6280c6dd3d653e', '', 'ALLOW_ADMIN_USERACCESS', '1', 1, 'boolean', 'global', 'permissions', 0, 1240427632, 1240427632, 'Wenn eingeschaltet, dürfen Administratoren sensible Nutzerdaten wie z.B. Passwörter ändern.', '', '');
INSERT INTO `config` (`config_id`, `parent_id`, `field`, `value`, `is_default`, `type`, `range`, `section`, `position`, `mkdate`, `chdate`, `description`, `comment`, `message_template`) VALUES('cd1ba192616b66967b51f8e8f8155fb5', '', 'SEM_TREE_SHOW_EMPTY_AREAS_PERM', 'user', 1, 'string', 'global', 'permissions', 0, 1240427632, 1240427632, 'Bestimmt den globalen Nutzerstatus, ab dem in der Veranstaltungssuche auch Bereiche angezeigt werden, denen keine Veranstaltungen zugewiesen sind.', '', '');
INSERT INTO `config` (`config_id`, `parent_id`, `field`, `value`, `is_default`, `type`, `range`, `section`, `position`, `mkdate`, `chdate`, `description`, `comment`, `message_template`) VALUES('06d703c3de37cdae942c66e18f7dcd02', '', 'ASSI_SEMESTER_PRESELECT', '1', 1, 'boolean', 'global', '', 0, 1257956185, 1257956185, 'Wenn ausgeschaltet wird im admin_seminare_assi beimErstellen einer Veranstaltung als Semester bitte auswählen angezeigt und nicht das voreingestellte Semester.', '', '');
INSERT INTO `config` (`config_id`, `parent_id`, `field`, `value`, `is_default`, `type`, `range`, `section`, `position`, `mkdate`, `chdate`, `description`, `comment`, `message_template`) VALUES('274e61e0b19ab9edadb4be9764aa17a2', '', 'RESOURCES_HIDE_PAST_SINGLE_DATES', '1', 1, 'boolean', 'global', 'resources', 0, 1257956185, 1257956185, 'Schaltet in der Ressourcenverwaltung ein,ob bereits vergangene Terminen bei der Buchung und Planung brücksichtigt werden sollen', '', '');
INSERT INTO `config` (`config_id`, `parent_id`, `field`, `value`, `is_default`, `type`, `range`, `section`, `position`, `mkdate`, `chdate`, `description`, `comment`, `message_template`) VALUES('64031f867c3688ecf1c697bd79eff230', '', 'RESOURCES_ALLOW_ROOM_REQUESTS_ALL_ROOMS', '1', 1, 'boolean', 'global', 'resources', 0, 1257956185, 1257956185, 'Schaltet in der Ressourcenverwaltung ein,ob alle Räume gewünscht werden können, oder nur eigene und ''Global'' gesetzte', '', '');
INSERT INTO `config` (`config_id`, `parent_id`, `field`, `value`, `is_default`, `type`, `range`, `section`, `position`, `mkdate`, `chdate`, `description`, `comment`, `message_template`) VALUES('f2ce635d994363fad26e010f5dbae2c4', '', 'STUDYGROUPS_ENABLE', '0', 1, 'boolean', 'global', 'studygroups', 0, 1257956185, 1293118059, 'Schaltet ein oder aus, ob die Studiengruppen global verfügbar sind.', '', '');
INSERT INTO `config` (`config_id`, `parent_id`, `field`, `value`, `is_default`, `type`, `range`, `section`, `position`, `mkdate`, `chdate`, `description`, `comment`, `message_template`) VALUES('ebe2dd4ffa77bb1966c5940272d7c8dd', '', 'STUDYGROUP_TERMS', 'Mir ist bekannt, dass ich die Gruppe nicht zu rechtswidrigen Zwecken nutzen darf. Dazu zählen u.a. Urheberrechtsverletzungen, Beleidigungen und andere Persönlichkeitsdelikte.\n\nIch erkläre mich damit einverstanden, dass AdministratorInnen die Inhalte der Gruppe zu Kontrollzwecken einsehen dürfen.', 1, 'string', 'global', 'studygroups', 0, 1257956185, 1257956185, 'Hier werden die Nutzungsbedinungen der Studiengruppen hinterlegt.', '', '');
INSERT INTO `config` (`config_id`, `parent_id`, `field`, `value`, `is_default`, `type`, `range`, `section`, `position`, `mkdate`, `chdate`, `description`, `comment`, `message_template`) VALUES('c73737d9119e86faa22810a1c154271e', '', 'STUDYGROUP_SETTINGS', 'forum:1 documents:0 schedule:0 participants:1', 1, 'string', 'global', 'studygroups', 0, 1257956185, 1257956185, 'Hier werden die globalen Einstellungen aller Studiengruppen hinterlegt.', '', '');
INSERT INTO `config` (`config_id`, `parent_id`, `field`, `value`, `is_default`, `type`, `range`, `section`, `position`, `mkdate`, `chdate`, `description`, `comment`, `message_template`) VALUES('da0a01b50f472296f940de98c56b5a9f', '', 'STUDYGROUP_DEFAULT_INST', '', 1, 'string', 'global', 'studygroups', 0, 1258042892, 1258042892, 'Die Standardeinrichtung für Studiengruppen kann hier gesetzt werden.', '', '');
INSERT INTO `config` (`config_id`, `parent_id`, `field`, `value`, `is_default`, `type`, `range`, `section`, `position`, `mkdate`, `chdate`, `description`, `comment`, `message_template`) VALUES('e776a479dc024fb9b6478be3f60455da', '', 'ENABLE_PROTECTED_DOWNLOAD_RESTRICTION', '0', 1, 'boolean', 'global', 'files', 0, 1257956185, 1257956185, 'Schaltet die Überprüfung (fester Teilnehmerkreis) bei Download von als geschützt markierten Dateien ein', '', '');
INSERT INTO `config` (`config_id`, `parent_id`, `field`, `value`, `is_default`, `type`, `range`, `section`, `position`, `mkdate`, `chdate`, `description`, `comment`, `message_template`) VALUES('9e601ed3a973474c0aac3d7a18c5bf02', '', 'DOZENT_ALWAYS_VISIBLE', '1', 1, 'boolean', 'global', 'privacy', 0, 1293118059, 1293118059, 'Legt fest, ob Personen mit Dozentenrechten immer global sichtbar sind und das auch nicht selbst ändern können.', '', '');
INSERT INTO `config` (`config_id`, `parent_id`, `field`, `value`, `is_default`, `type`, `range`, `section`, `position`, `mkdate`, `chdate`, `description`, `comment`, `message_template`) VALUES('80ccace5c451cec67d88da1edb4b5eec', '', 'HOMEPAGE_VISIBILITY_DEFAULT', 'VISIBILITY_STUDIP', 1, 'string', 'global', 'privacy', 0, 1293118059, 1293118059, 'Standardsichtbarkeit für Homepageelemente, falls der Benutzer nichts anderes eingestellt hat. Gültige Werte sind: VISIBILITY_ME, VISIBILITY_BUDDIES, VISIBILITY_DOMAIN, VISIBILITY_STUDIP, VISIBILITY_EXTERN', '', '');
INSERT INTO `config` (`config_id`, `parent_id`, `field`, `value`, `is_default`, `type`, `range`, `section`, `position`, `mkdate`, `chdate`, `description`, `comment`, `message_template`) VALUES('1115645eb5439f998a8cc6f4a3a9dccf', '', 'FORUM_ANONYMOUS_POSTINGS', '0', 1, 'boolean', 'global', 'privacy', 0, 1293118059, 1293118059, 'Legt fest, ob Forenbeiträge anonym verfasst werden dürfen (Root sieht aber immer den Urheber).', '', '');
INSERT INTO `config` (`config_id`, `parent_id`, `field`, `value`, `is_default`, `type`, `range`, `section`, `position`, `mkdate`, `chdate`, `description`, `comment`, `message_template`) VALUES('d1eef8315d340d78d7eca557139937f1', '', 'INST_FAK_ADMIN_PERMS', 'all', 1, 'string', 'global', 'permissions', 0, 1293118059, 1293118059, '"none" Fakultätsadmin darf Einrichtungen weder anlegen noch löschen, "create" Fakultätsadmin darf Einrichtungen anlegen, aber nicht löschen, "all" Fakultätsadmin darf Einrichtungen anlegen und löschen.', '', '');
INSERT INTO `config` (`config_id`, `parent_id`, `field`, `value`, `is_default`, `type`, `range`, `section`, `position`, `mkdate`, `chdate`, `description`, `comment`, `message_template`) VALUES('48c97315d9c6473cd7aad2e311daa55e', '', 'CHAT_ENABLE', '1', 1, 'boolean', 'global', 'modules', 0, 1293118059, 1293118059, 'Schaltet ein oder aus, ob der Chat global verfügbar ist.', '', '');
INSERT INTO `config` (`config_id`, `parent_id`, `field`, `value`, `is_default`, `type`, `range`, `section`, `position`, `mkdate`, `chdate`, `description`, `comment`, `message_template`) VALUES('45e7816a1bfb1521e7a1d6311a964b00', '', 'CALENDAR_ENABLE', '1', 1, 'boolean', 'global', 'modules', 0, 1293118059, 1293118059, 'Schaltet ein oder aus, ob der Kalender global verfügbar ist.', '', '');
INSERT INTO `config` (`config_id`, `parent_id`, `field`, `value`, `is_default`, `type`, `range`, `section`, `position`, `mkdate`, `chdate`, `description`, `comment`, `message_template`) VALUES('be154136cfaf6ed1c753a6cc26c2ec66', '', 'EXPORT_ENABLE', '1', 1, 'boolean', 'global', 'modules', 0, 1293118059, 1293118059, 'Schaltet ein oder aus, ob der Export global verfügbar ist.', '', '');
INSERT INTO `config` (`config_id`, `parent_id`, `field`, `value`, `is_default`, `type`, `range`, `section`, `position`, `mkdate`, `chdate`, `description`, `comment`, `message_template`) VALUES('8481ee7faec9805d577de600a0835bc3', '', 'EXTERN_ENABLE', '1', 1, 'boolean', 'global', 'modules', 0, 1293118059, 1293118059, 'Schaltet ein oder aus, ob die externen Seiten global verfügbar sind.', '', '');
INSERT INTO `config` (`config_id`, `parent_id`, `field`, `value`, `is_default`, `type`, `range`, `section`, `position`, `mkdate`, `chdate`, `description`, `comment`, `message_template`) VALUES('ded48fe2ca250e104dc33fb6f0b42c67', '', 'VOTE_ENABLE', '1', 1, 'boolean', 'global', 'modules', 0, 1293118059, 1293118059, 'Schaltet ein oder aus, ob die Umfragen global verfügbar sind.', '', '');
INSERT INTO `config` (`config_id`, `parent_id`, `field`, `value`, `is_default`, `type`, `range`, `section`, `position`, `mkdate`, `chdate`, `description`, `comment`, `message_template`) VALUES('46a02bfefc7b643a1ea40b7e10d4c037', '', 'ELEARNING_INTERFACE_ENABLE', '0', 1, 'boolean', 'global', 'modules', 0, 1293118059, 1293118059, 'Schaltet ein oder aus, ob die Lernmodule global verfügbar sind.', '', '');
INSERT INTO `config` (`config_id`, `parent_id`, `field`, `value`, `is_default`, `type`, `range`, `section`, `position`, `mkdate`, `chdate`, `description`, `comment`, `message_template`) VALUES('13352bc45ff23f577340eb88e343a3ec', '', 'STM_ENABLE', '0', 1, 'boolean', 'global', 'modules', 0, 1293118059, 1293118059, 'Schaltet ein oder aus, ob die Studienmodule global verfügbar sind.', '', '');
INSERT INTO `config` (`config_id`, `parent_id`, `field`, `value`, `is_default`, `type`, `range`, `section`, `position`, `mkdate`, `chdate`, `description`, `comment`, `message_template`) VALUES('ad82e1d6bd97320244362974c460bc7d', '', 'WIKI_ENABLE', '1', 1, 'boolean', 'global', 'modules', 0, 1293118059, 1293118059, 'Schaltet ein oder aus, ob das Wiki global verfügbar ist.', '', '');
INSERT INTO `config` (`config_id`, `parent_id`, `field`, `value`, `is_default`, `type`, `range`, `section`, `position`, `mkdate`, `chdate`, `description`, `comment`, `message_template`) VALUES('250306a36a09d6465ee3fd24c66932f4', '', 'SMILEYADMIN_ENABLE', '1', 1, 'boolean', 'global', 'modules', 0, 1293118059, 1293118059, 'Schaltet ein oder aus, ob die Administration der Smileys verfügbar ist.', '', '');
INSERT INTO `config` (`config_id`, `parent_id`, `field`, `value`, `is_default`, `type`, `range`, `section`, `position`, `mkdate`, `chdate`, `description`, `comment`, `message_template`) VALUES('bdc9e8e9f5174f3ef668a87adef906eb', '', 'LOG_ENABLE', '1', 1, 'boolean', 'global', 'modules', 0, 1293118059, 1293118059, 'Schaltet ein oder aus, ob das Log global verfügbar ist.', '', '');
INSERT INTO `config` (`config_id`, `parent_id`, `field`, `value`, `is_default`, `type`, `range`, `section`, `position`, `mkdate`, `chdate`, `description`, `comment`, `message_template`) VALUES('826a49fd9f9aaea20e85adbad9b095af', '', 'SCM_ENABLE', '1', 1, 'boolean', 'global', 'modules', 0, 1293118059, 1293118059, 'Schaltet ein oder aus, ob freie Informationsseiten global verfügbar sind.', '', '');
INSERT INTO `config` (`config_id`, `parent_id`, `field`, `value`, `is_default`, `type`, `range`, `section`, `position`, `mkdate`, `chdate`, `description`, `comment`, `message_template`) VALUES('edc2bf96acd7bac3bf923a71a12abb13', '', 'BANNER_ADS_ENABLE', '0', 1, 'boolean', 'global', 'modules', 0, 1293118059, 1293118059, 'Schaltet ein oder aus, ob die Bannerwerbung global verfügbar ist.', '', '');
INSERT INTO `config` (`config_id`, `parent_id`, `field`, `value`, `is_default`, `type`, `range`, `section`, `position`, `mkdate`, `chdate`, `description`, `comment`, `message_template`) VALUES('0109868144360b658367d61aa6f16906', '', 'LITERATURE_ENABLE', '1', 1, 'boolean', 'global', 'modules', 0, 1293118059, 1293118059, 'Schaltet ein oder aus, ob die Literaturverwaltung global verfügbar ist.', '', '');
INSERT INTO `config` (`config_id`, `parent_id`, `field`, `value`, `is_default`, `type`, `range`, `section`, `position`, `mkdate`, `chdate`, `description`, `comment`, `message_template`) VALUES('0faeba67819f6cc2016f4a5b017c36f6', '', 'MY_COURSES_FORCE_GROUPING', 'sem_number', 1, 'string', 'global', '', 0, 1293118059, 1293118059, 'Legt fest, ob die persönliche Veranstaltungsübersicht systemweit zwangsgruppiert werden soll, wenn keine eigene Gruppierung eingestellt ist. Werte: not_grouped, sem_number, sem_tree_id, sem_status, gruppe, dozent_id.', '', '');
INSERT INTO `config` (`config_id`, `parent_id`, `field`, `value`, `is_default`, `type`, `range`, `section`, `position`, `mkdate`, `chdate`, `description`, `comment`, `message_template`) VALUES('e274953d097e32023b477d1ad895dfc8', '', 'DEPUTIES_ENABLE', '0', 1, 'boolean', 'global', 'deputies', 0, 1293118059, 1293118059, 'Legt fest, ob die Funktion Dozierendenvertretung aktiviert ist.', '', '');
INSERT INTO `config` (`config_id`, `parent_id`, `field`, `value`, `is_default`, `type`, `range`, `section`, `position`, `mkdate`, `chdate`, `description`, `comment`, `message_template`) VALUES('18b2970268e2143f8ee142cbadf38de5', '', 'DEPUTIES_DEFAULTENTRY_ENABLE', '0', 1, 'boolean', 'global', 'deputies', 0, 1293118059, 1293118059, 'Dürfen DozentInnen Standardvertretungen festlegen? Diese werden automatisch bei Hinzufügen des Dozenten/der Dozentin als Vertretung in Veranstaltungen eingetragen.', '', '');
INSERT INTO `config` (`config_id`, `parent_id`, `field`, `value`, `is_default`, `type`, `range`, `section`, `position`, `mkdate`, `chdate`, `description`, `comment`, `message_template`) VALUES('8e596c37d6a921e38de1576eca50d5b6', '', 'DEPUTIES_EDIT_ABOUT_ENABLE', '1', 1, 'boolean', 'global', 'deputies', 0, 1293118059, 1293118059, 'Dürfen DozentInnen ihren Standardvertretungen erlauben, ihr Profil zu bearbeiten?', '', '');
INSERT INTO `config` (`config_id`, `parent_id`, `field`, `value`, `is_default`, `type`, `range`, `section`, `position`, `mkdate`, `chdate`, `description`, `comment`, `message_template`) VALUES('dada821b887f0fca1a45e9e339a5aff7', '', 'FILESYSTEM_MULTICOPY_ENABLE', '1', 1, 'boolean', 'global', '', 0, 1293118059, 1293118059, 'Soll es erlaubt sein, das Dozenten Ordner oder Dateien in mehrere Veranstaltungen bzw. Institute verschieben oder kopieren dürfen?', '', '');
INSERT INTO `config` (`config_id`, `parent_id`, `field`, `value`, `is_default`, `type`, `range`, `section`, `position`, `mkdate`, `chdate`, `description`, `comment`, `message_template`) VALUES('dc99e1c9623b6971629a304f174cd3b0', '', 'ALLOW_METADATE_SORTING', '0', 1, 'boolean', 'global', 'permissions', 0, 1293118059, 1293118059, 'Soll es erlaubt sein, dass regelmäßige Zeiten einer Veranstaltung frei sortiert werden können?', '', '');
INSERT INTO `config` (`config_id`, `parent_id`, `field`, `value`, `is_default`, `type`, `range`, `section`, `position`, `mkdate`, `chdate`, `description`, `comment`, `message_template`) VALUES('c304d6f383297f9506d7acf7ee42c460', '', 'LOAD_EXTERNAL_MEDIA', 'deny', 1, 'string', 'global', '', 0, 1293118060, 1293118060, 'Sollen externe Medien über [img/flash/audio/video] eingebunden werden? deny=nicht erlaubt, allow=erlaubt, proxy=proxy benutzen.', '', '');
INSERT INTO `config` (`config_id`, `parent_id`, `field`, `value`, `is_default`, `type`, `range`, `section`, `position`, `mkdate`, `chdate`, `description`, `comment`, `message_template`) VALUES('ece3432a2267af28f4e7729d549ca9ea', '', 'ENTRIES_PER_PAGE', '20', 1, 'integer', 'global', 'global', 0, 1311411856, 1311411856, 'Anzahl von Einträgen pro Seite', '', '');
INSERT INTO `config` (`config_id`, `parent_id`, `field`, `value`, `is_default`, `type`, `range`, `section`, `position`, `mkdate`, `chdate`, `description`, `comment`, `message_template`) VALUES('ce272afc2347f03fcbc69568f8a0098a', '', 'PDF_LOGO', '', 1, 'string', 'global', 'global', 0, 1311411856, 1311411856, 'Geben Sie hier den absoluten Pfad auf Ihrem Server (also ohne http) zu einem Logo an, das bei PDF-Exporten im Kopfbereich verwendet wird.', '', '');
INSERT INTO `config` (`config_id`, `parent_id`, `field`, `value`, `is_default`, `type`, `range`, `section`, `position`, `mkdate`, `chdate`, `description`, `comment`, `message_template`) VALUES('86bbdf3b3ac03a5ad6be7c3c7cd402d4', '', 'AUTO_INSERT_SEM_PARTICIPANTS_VIEW_PERM', 'tutor', 1, 'string', 'global', 'global', 0, 1311411856, 1311411856, 'Ab welchem Status soll in Veranstaltungen mit automatisch eingetragenen Nutzern der Teilnehmerreiter zu sehen sein?', '', '');
INSERT INTO `config` (`config_id`, `parent_id`, `field`, `value`, `is_default`, `type`, `range`, `section`, `position`, `mkdate`, `chdate`, `description`, `comment`, `message_template`) VALUES('f2469d9595be17d9ef4dd8b45b51f794', '', 'SKIPLINKS_ENABLE', '', 1, 'boolean', 'user', 'privacy', 0, 1311411856, 1311411856, 'Wählen Sie diese Option, um Skiplinks beim ersten Drücken der Tab-Taste anzuzeigen (Systemdefault).', '', '');

--
-- Daten für Tabelle `evalanswer`
--

INSERT INTO `evalanswer` (`evalanswer_id`, `parent_id`, `position`, `text`, `value`, `rows`, `counter`, `residual`) VALUES('d67301d4f59aa35d1e3f12a9791b6885', 'ef227e91618878835d52cfad3e6d816b', 0, 'Sehr gut', 1, 0, 0, 0);
INSERT INTO `evalanswer` (`evalanswer_id`, `parent_id`, `position`, `text`, `value`, `rows`, `counter`, `residual`) VALUES('7052b76e616656e4b70f1c504c04ec81', 'ef227e91618878835d52cfad3e6d816b', 1, '', 2, 0, 0, 0);
INSERT INTO `evalanswer` (`evalanswer_id`, `parent_id`, `position`, `text`, `value`, `rows`, `counter`, `residual`) VALUES('64152ace8f2a74d0efb67c54eff64a2b', 'ef227e91618878835d52cfad3e6d816b', 2, '', 3, 0, 0, 0);
INSERT INTO `evalanswer` (`evalanswer_id`, `parent_id`, `position`, `text`, `value`, `rows`, `counter`, `residual`) VALUES('3a3ab5307f39ea039d41fb6f2683475e', 'ef227e91618878835d52cfad3e6d816b', 3, '', 4, 0, 0, 0);
INSERT INTO `evalanswer` (`evalanswer_id`, `parent_id`, `position`, `text`, `value`, `rows`, `counter`, `residual`) VALUES('6115b19f694ccd3d010a0047ff8f970a', 'ef227e91618878835d52cfad3e6d816b', 4, 'Sehr Schlecht', 5, 0, 0, 0);
INSERT INTO `evalanswer` (`evalanswer_id`, `parent_id`, `position`, `text`, `value`, `rows`, `counter`, `residual`) VALUES('be4c3e5fe0b2b735bb3b2712afa8c490', 'ef227e91618878835d52cfad3e6d816b', 5, 'Keine Meinung', 6, 0, 0, 1);
INSERT INTO `evalanswer` (`evalanswer_id`, `parent_id`, `position`, `text`, `value`, `rows`, `counter`, `residual`) VALUES('84be4c31449a9c1807bf2dea0dc869f1', '724244416b5d04a4d8f4eab8a86fdbf8', 0, 'Sehr gut', 1, 0, 0, 0);
INSERT INTO `evalanswer` (`evalanswer_id`, `parent_id`, `position`, `text`, `value`, `rows`, `counter`, `residual`) VALUES('c446970d2addd68e43c2a6cae6117bf7', '724244416b5d04a4d8f4eab8a86fdbf8', 1, 'Gut', 2, 0, 0, 0);
INSERT INTO `evalanswer` (`evalanswer_id`, `parent_id`, `position`, `text`, `value`, `rows`, `counter`, `residual`) VALUES('3d4dcedb714dfdcfbe65cd794b4d404b', '724244416b5d04a4d8f4eab8a86fdbf8', 2, 'Befriedigend', 3, 0, 0, 0);
INSERT INTO `evalanswer` (`evalanswer_id`, `parent_id`, `position`, `text`, `value`, `rows`, `counter`, `residual`) VALUES('fa2bf667ba73ae74794df35171c2ad2e', '724244416b5d04a4d8f4eab8a86fdbf8', 3, 'Ausreichend', 4, 0, 0, 0);
INSERT INTO `evalanswer` (`evalanswer_id`, `parent_id`, `position`, `text`, `value`, `rows`, `counter`, `residual`) VALUES('0be387b9379a05c5578afce64b0c688f', '724244416b5d04a4d8f4eab8a86fdbf8', 4, 'Mangelhaft', 5, 0, 0, 0);
INSERT INTO `evalanswer` (`evalanswer_id`, `parent_id`, `position`, `text`, `value`, `rows`, `counter`, `residual`) VALUES('aec07dd525f2610bdd10bf778aa1893b', '724244416b5d04a4d8f4eab8a86fdbf8', 5, 'Nicht erteilt', 6, 0, 0, 1);
INSERT INTO `evalanswer` (`evalanswer_id`, `parent_id`, `position`, `text`, `value`, `rows`, `counter`, `residual`) VALUES('7080335582e2787a54f315ec8cef631e', '95bbae27965d3404f7fa3af058850bd3', 0, 'trifft völlig zu', 1, 0, 0, 0);
INSERT INTO `evalanswer` (`evalanswer_id`, `parent_id`, `position`, `text`, `value`, `rows`, `counter`, `residual`) VALUES('d68a74dc2c1f0ce226366da918dd161d', '95bbae27965d3404f7fa3af058850bd3', 1, 'trifft ziemlich zu', 2, 0, 0, 0);
INSERT INTO `evalanswer` (`evalanswer_id`, `parent_id`, `position`, `text`, `value`, `rows`, `counter`, `residual`) VALUES('641686e7c61899b303cda106f20064e7', '95bbae27965d3404f7fa3af058850bd3', 2, 'teilsteils', 3, 0, 0, 0);
INSERT INTO `evalanswer` (`evalanswer_id`, `parent_id`, `position`, `text`, `value`, `rows`, `counter`, `residual`) VALUES('7c36d074f2cc38765c982c9dfb769afc', '95bbae27965d3404f7fa3af058850bd3', 3, 'trifft wenig zu', 4, 0, 0, 0);
INSERT INTO `evalanswer` (`evalanswer_id`, `parent_id`, `position`, `text`, `value`, `rows`, `counter`, `residual`) VALUES('5c4827f903168ed4483db5386a9ad5b8', '95bbae27965d3404f7fa3af058850bd3', 4, 'trifft gar nicht zu', 5, 0, 0, 0);
INSERT INTO `evalanswer` (`evalanswer_id`, `parent_id`, `position`, `text`, `value`, `rows`, `counter`, `residual`) VALUES('c10a3f4e97f8badc5230a9900afde0c7', '95bbae27965d3404f7fa3af058850bd3', 5, 'kann ich nicht beurteilen', 6, 0, 0, 1);
INSERT INTO `evalanswer` (`evalanswer_id`, `parent_id`, `position`, `text`, `value`, `rows`, `counter`, `residual`) VALUES('ced33706ca95aff2163c7d0381ef5717', '6fddac14c1f2ac490b93681b3da5fc66', 0, 'Montag', 1, 0, 0, 0);
INSERT INTO `evalanswer` (`evalanswer_id`, `parent_id`, `position`, `text`, `value`, `rows`, `counter`, `residual`) VALUES('087c734855c8a5b34d99c16ad09cd312', '6fddac14c1f2ac490b93681b3da5fc66', 1, 'Dienstag', 2, 0, 0, 0);
INSERT INTO `evalanswer` (`evalanswer_id`, `parent_id`, `position`, `text`, `value`, `rows`, `counter`, `residual`) VALUES('63f5011614f45329cc396b90d94a7096', '6fddac14c1f2ac490b93681b3da5fc66', 2, 'Mittwoch', 3, 0, 0, 0);
INSERT INTO `evalanswer` (`evalanswer_id`, `parent_id`, `position`, `text`, `value`, `rows`, `counter`, `residual`) VALUES('ccd1eaddccca993f6789659b36f40506', '6fddac14c1f2ac490b93681b3da5fc66', 3, 'Donnerstag', 4, 0, 0, 0);
INSERT INTO `evalanswer` (`evalanswer_id`, `parent_id`, `position`, `text`, `value`, `rows`, `counter`, `residual`) VALUES('48842cedeac739468741940982b5fe6d', '6fddac14c1f2ac490b93681b3da5fc66', 4, 'Freitag', 5, 0, 0, 0);
INSERT INTO `evalanswer` (`evalanswer_id`, `parent_id`, `position`, `text`, `value`, `rows`, `counter`, `residual`) VALUES('21b3f7cf2de5cbb098d800f344d399ee', '12e508079c4770fb13c9fce028f40cac', 0, 'Montag', 1, 0, 0, 0);
INSERT INTO `evalanswer` (`evalanswer_id`, `parent_id`, `position`, `text`, `value`, `rows`, `counter`, `residual`) VALUES('f0016e918b5bc5c4cf3cc62bf06fa2e9', '12e508079c4770fb13c9fce028f40cac', 1, 'Dienstag', 2, 0, 0, 0);
INSERT INTO `evalanswer` (`evalanswer_id`, `parent_id`, `position`, `text`, `value`, `rows`, `counter`, `residual`) VALUES('c88242b50ff0bb43df32c1e15bdaca22', '12e508079c4770fb13c9fce028f40cac', 2, 'Mittwoch', 3, 0, 0, 0);
INSERT INTO `evalanswer` (`evalanswer_id`, `parent_id`, `position`, `text`, `value`, `rows`, `counter`, `residual`) VALUES('b39860f6601899dcf87ba71944c57bc7', '12e508079c4770fb13c9fce028f40cac', 3, 'Donnerstag', 4, 0, 0, 0);
INSERT INTO `evalanswer` (`evalanswer_id`, `parent_id`, `position`, `text`, `value`, `rows`, `counter`, `residual`) VALUES('568d6fd620642cb7395c27d145a76734', '12e508079c4770fb13c9fce028f40cac', 4, 'Freitag', 5, 0, 0, 0);
INSERT INTO `evalanswer` (`evalanswer_id`, `parent_id`, `position`, `text`, `value`, `rows`, `counter`, `residual`) VALUES('39b98a5560d5dabaf67227e2895db8da', 'a68bd711902f23bd5c55a29f1ecaa095', 0, '', 1, 5, 0, 0);
INSERT INTO `evalanswer` (`evalanswer_id`, `parent_id`, `position`, `text`, `value`, `rows`, `counter`, `residual`) VALUES('61ae27ab33c402316a3f1eb74e1c46ab', '442e1e464e12498bd238a7767215a5a2', 0, '', 1, 1, 0, 0);

--
-- Daten für Tabelle `evalquestion`
--

INSERT INTO `evalquestion` (`evalquestion_id`, `parent_id`, `type`, `position`, `text`, `multiplechoice`) VALUES('ef227e91618878835d52cfad3e6d816b', '0', 'polskala', 0, 'Wertung 1-5', 0);
INSERT INTO `evalquestion` (`evalquestion_id`, `parent_id`, `type`, `position`, `text`, `multiplechoice`) VALUES('724244416b5d04a4d8f4eab8a86fdbf8', '0', 'likertskala', 0, 'Schulnoten', 0);
INSERT INTO `evalquestion` (`evalquestion_id`, `parent_id`, `type`, `position`, `text`, `multiplechoice`) VALUES('95bbae27965d3404f7fa3af058850bd3', '0', 'likertskala', 0, 'Wertung (trifft zu, ...)', 0);
INSERT INTO `evalquestion` (`evalquestion_id`, `parent_id`, `type`, `position`, `text`, `multiplechoice`) VALUES('6fddac14c1f2ac490b93681b3da5fc66', '0', 'multiplechoice', 0, 'Werktage', 0);
INSERT INTO `evalquestion` (`evalquestion_id`, `parent_id`, `type`, `position`, `text`, `multiplechoice`) VALUES('12e508079c4770fb13c9fce028f40cac', '0', 'multiplechoice', 0, 'Werktage-mehrfach', 1);
INSERT INTO `evalquestion` (`evalquestion_id`, `parent_id`, `type`, `position`, `text`, `multiplechoice`) VALUES('a68bd711902f23bd5c55a29f1ecaa095', '0', 'multiplechoice', 0, 'Freitext-Mehrzeilig', 0);
INSERT INTO `evalquestion` (`evalquestion_id`, `parent_id`, `type`, `position`, `text`, `multiplechoice`) VALUES('442e1e464e12498bd238a7767215a5a2', '0', 'multiplechoice', 0, 'Freitext-Einzeilig', 0);

--
-- Daten für Tabelle `log_actions`
--

INSERT INTO `log_actions` (`action_id`, `name`, `description`, `info_template`, `active`, `expires`) VALUES('0ee290df95f0547caafa163c4d533991', 'SEM_VISIBLE', 'Veranstaltung sichtbar schalten', '%user schaltet %sem(%affected) sichtbar.', 1, 0);
INSERT INTO `log_actions` (`action_id`, `name`, `description`, `info_template`, `active`, `expires`) VALUES('a94706b41493e32f8336194262418c01', 'SEM_INVISIBLE', 'Veranstaltung unsichtbar schalten', '%user versteckt %sem(%affected).', 1, 0);
INSERT INTO `log_actions` (`action_id`, `name`, `description`, `info_template`, `active`, `expires`) VALUES('bd2103035a8021942390a78a431ba0c4', 'DUMMY', 'Dummy-Aktion', '%user tut etwas.', 1, 0);
INSERT INTO `log_actions` (`action_id`, `name`, `description`, `info_template`, `active`, `expires`) VALUES('4490aa3d29644e716440fada68f54032', 'LOG_ERROR', 'Allgemeiner Log-Fehler', 'Allgemeiner Logging-Fehler, Details siehe Debug-Info.', 1, 0);
INSERT INTO `log_actions` (`action_id`, `name`, `description`, `info_template`, `active`, `expires`) VALUES('f858b05c11f5faa2198a109a783087a8', 'SEM_CREATE', 'Veranstaltung anlegen', '%user legt %sem(%affected) an.', 1, 0);
INSERT INTO `log_actions` (`action_id`, `name`, `description`, `info_template`, `active`, `expires`) VALUES('5b96f2fe994637253ba0fe4a94ad1b98', 'SEM_ARCHIVE', 'Veranstaltung archivieren', '%user archiviert %info (ID: %affected).', 1, 0);
INSERT INTO `log_actions` (`action_id`, `name`, `description`, `info_template`, `active`, `expires`) VALUES('bf192518a9c3587129ed2fdb9ea56f73', 'SEM_DELETE_FROM_ARCHIVE', 'Veranstaltung aus Archiv löschen', '%user löscht %info aus dem Archiv (ID: %affected).', 1, 0);
INSERT INTO `log_actions` (`action_id`, `name`, `description`, `info_template`, `active`, `expires`) VALUES('4869cd69f20d4d7ed4207e027d763a73', 'INST_USER_STATUS', 'Einrichtungsnutzerstatus ändern', '%user ändert Status für %user(%coaffected) in Einrichtung %inst(%affected): %info.', 1, 0);
INSERT INTO `log_actions` (`action_id`, `name`, `description`, `info_template`, `active`, `expires`) VALUES('6be59dcd70197c59d7bf3bcd3fec616f', 'INST_USER_DEL', 'Benutzer aus Einrichtung löschen', '%user löscht %user(%coaffected) aus Einrichtung %inst(%affected).', 1, 0);
INSERT INTO `log_actions` (`action_id`, `name`, `description`, `info_template`, `active`, `expires`) VALUES('cf8986a67e67ca273e15fd9230f6e872', 'USER_CHANGE_TITLE', 'Akademische Titel ändern', '%user ändert/setzt akademischen Titel für %user(%affected) - %info.', 1, 0);
INSERT INTO `log_actions` (`action_id`, `name`, `description`, `info_template`, `active`, `expires`) VALUES('ca216ccdf753f59ba7fd621f7b22f7bd', 'USER_CHANGE_NAME', 'Personennamen ändern', '%user ändert/setzt Name für %user(%affected) - %info.', 1, 0);
INSERT INTO `log_actions` (`action_id`, `name`, `description`, `info_template`, `active`, `expires`) VALUES('8aad296e52423452fc75cabaf2bee384', 'USER_CHANGE_USERNAME', 'Benutzernamen ändern', '%user ändert/setzt Benutzernamen für %user(%affected): %info.', 1, 0);
INSERT INTO `log_actions` (`action_id`, `name`, `description`, `info_template`, `active`, `expires`) VALUES('0d87c25b624b16fb9b8cdaf9f4e96e53', 'INST_CREATE', 'Einrichtung anlegen', '%user legt Einrichtung %inst(%affected) an.', 1, 0);
INSERT INTO `log_actions` (`action_id`, `name`, `description`, `info_template`, `active`, `expires`) VALUES('1a1e8c9c3125ea8d2c58c875a41226d6', 'INST_DEL', 'Einrichtung löschen', '%user löscht Einrichtung %info (%affected).', 1, 0);
INSERT INTO `log_actions` (`action_id`, `name`, `description`, `info_template`, `active`, `expires`) VALUES('d18d750fb2c166e1c425976e8bca96e7', 'USER_CHANGE_EMAIL', 'E-Mail-Adresse ändern', '%user ändert/setzt E-Mail-Adresse für %user(%affected): %info.', 1, 0);
INSERT INTO `log_actions` (`action_id`, `name`, `description`, `info_template`, `active`, `expires`) VALUES('a92afa63584cc2a62d2dd2996727b2c5', 'USER_CREATE', 'Nutzer anlegen', '%user legt Nutzer %user(%affected) an.', 1, 0);
INSERT INTO `log_actions` (`action_id`, `name`, `description`, `info_template`, `active`, `expires`) VALUES('e406e407501c8418f752e977182cd782', 'USER_CHANGE_PERMS', 'Globalen Nutzerstatus ändern', '%user ändert/setzt globalen Status von %user(%affected): %info', 1, 0);
INSERT INTO `log_actions` (`action_id`, `name`, `description`, `info_template`, `active`, `expires`) VALUES('63042706e5cd50924987b9515e1e6cae', 'INST_USER_ADD', 'Benutzer zu Einrichtung hinzufügen', '%user fügt %user(%coaffected) zu Einrichtung %inst(%affected) mit Status %info hinzu.', 1, 0);
INSERT INTO `log_actions` (`action_id`, `name`, `description`, `info_template`, `active`, `expires`) VALUES('4dd6b4101f7bf3bd7fe8374042da95e9', 'USER_NEWPWD', 'Neues Passwort', '%user generiert neues Passwort für %user(%affected)', 1, 0);
INSERT INTO `log_actions` (`action_id`, `name`, `description`, `info_template`, `active`, `expires`) VALUES('e8646729e5e04970954c8b9679af389b', 'USER_DEL', 'Benutzer löschen', '%user löscht %user(%affected) (%info)', 1, 0);
INSERT INTO `log_actions` (`action_id`, `name`, `description`, `info_template`, `active`, `expires`) VALUES('2e816bfd792e4a99913f11c04ad49198', 'SEM_UNDELETE_SINGLEDATE', 'Einzeltermin wiederherstellen', '%user stellt Einzeltermin %singledate(%affected) in %sem(%coaffected) wieder her.', 1, 0);
INSERT INTO `log_actions` (`action_id`, `name`, `description`, `info_template`, `active`, `expires`) VALUES('997cf01328d4d9f36b9f50ac9b6ace47', 'SEM_DELETE_SINGLEDATE', 'Einzeltermin löschen', '%user löscht Einzeltermin %singledate(%affected) in %sem(%coaffected).', 1, 0);
INSERT INTO `log_actions` (`action_id`, `name`, `description`, `info_template`, `active`, `expires`) VALUES('b205bde204b5607e036c10557a6ce149', 'SEM_SET_STARTSEMESTER', 'Startsemester ändern', '%user hat in %sem(%affected) das Startsemester auf %semester(%coaffected) geändert.', 1, 0);
INSERT INTO `log_actions` (`action_id`, `name`, `description`, `info_template`, `active`, `expires`) VALUES('9d13643a1833c061dc3d10b4fb227f12', 'SEM_SET_ENDSEMESTER', 'Semesterlaufzeit ändern', '%user hat in %sem(%affected) die Laufzeit auf %semester(%coaffected) geändert', 1, 0);
INSERT INTO `log_actions` (`action_id`, `name`, `description`, `info_template`, `active`, `expires`) VALUES('5f8fda12a4c0bd6eadbb94861de83696', 'SEM_ADD_CYCLE', 'Regelmäßige Zeit hinzugefügt', '%user hat in %sem(%affected) die regelmäßige Zeit %info hinzugefügt.', 1, 0);
INSERT INTO `log_actions` (`action_id`, `name`, `description`, `info_template`, `active`, `expires`) VALUES('6f4bb66c1caf89879d89f3b1921a93dd', 'SEM_DELETE_CYCLE', 'Regelmäßige Zeit gelöscht', '%user hat in %sem(%affected) die regelmäßige Zeit %info gelöscht.', 1, 0);
INSERT INTO `log_actions` (`action_id`, `name`, `description`, `info_template`, `active`, `expires`) VALUES('3f7dcf6cc85d6fba1281d18c4d9aba6f', 'SEM_ADD_SINGLEDATE', 'Einzeltermin hinzufügen', '%user hat in %sem(%affected) den Einzeltermin <em>%coaffected</em> hinzugefügt', 1, 0);
INSERT INTO `log_actions` (`action_id`, `name`, `description`, `info_template`, `active`, `expires`) VALUES('c36fa0f804cde78a6dcb1c30c2ee47ba', 'SEM_DELETE_REQUEST', 'Raumanfrage gelöscht', '%user hat in %sem(%affected) die Raumanfrage für die gesamte Veranstaltung gelöscht.', 1, 0);
INSERT INTO `log_actions` (`action_id`, `name`, `description`, `info_template`, `active`, `expires`) VALUES('370db4eb0e38051dd3c5d7c52717215a', 'SEM_DELETE_SINGLEDATE_REQUEST', 'Einzeltermin, Raumanfrage gelöscht', '%user hat in %sem(%affected) die Raumanfrage für den Termin <em>%coaffected</em> gelöscht.', 1, 0);
INSERT INTO `log_actions` (`action_id`, `name`, `description`, `info_template`, `active`, `expires`) VALUES('9d642dc93540580d42ba2ea502c3fbf6', 'SINGLEDATE_CHANGE_TIME', 'Einzeltermin bearbeiten', '%user hat in %sem(%affected) den Einzeltermin %coaffected geändert.', 1, 0);
INSERT INTO `log_actions` (`action_id`, `name`, `description`, `info_template`, `active`, `expires`) VALUES('10c31be1aec819c03b0dc299d0111576', 'CHANGE_BASIC_DATA', 'Basisdaten geändert', '%user hat in Veranstaltung %sem(%affected) die Daten %info geändert.', 0, 0);
INSERT INTO `log_actions` (`action_id`, `name`, `description`, `info_template`, `active`, `expires`) VALUES('fd74339a9ea038d084569e33e2655b6a', 'CHANGE_INSTITUTE_DATA', 'Institutdaten geändert', '%user hat in Veranstaltung %sem(%affected) die Daten %info geändert.', 0, 0);
INSERT INTO `log_actions` (`action_id`, `name`, `description`, `info_template`, `active`, `expires`) VALUES('89114dcd6f02dd7f94488a616c21a7c3', 'PLUGIN_ENABLE', 'Plugin einschalten', '%user hat in Veranstaltung %sem(%affected) das Plugin %plugin(%coaffected) aktiviert.', 1, 0);
INSERT INTO `log_actions` (`action_id`, `name`, `description`, `info_template`, `active`, `expires`) VALUES('a66c9e04e9c41bf5cc4d23fa509a8667', 'PLUGIN_DISABLE', 'Plugin ausschalten', '%user hat in Veranstaltung %sem(%affected) das Plugin %plugin(%coaffected) deaktiviert.', 1, 0);
INSERT INTO `log_actions` (`action_id`, `name`, `description`, `info_template`, `active`, `expires`) VALUES('005df8d5eb23c66214b28b3c9792680b', 'SEM_CHANGED_ACCESS', 'Zugangsberechtigungen geändert', '%user ändert die Zugangsberechtigungen der Veranstaltung %sem(%affected).', 0, 0);
INSERT INTO `log_actions` (`action_id`, `name`, `description`, `info_template`, `active`, `expires`) VALUES('535010528d6c012ec0e3535e2d754f66', 'SEM_USER_ADD', 'In Veranstaltung eingetragen', '%user hat %user(%coaffected) für %sem(%affected) mit dem status %info eingetragen. (%dbg_info)', 0, 0);
INSERT INTO `log_actions` (`action_id`, `name`, `description`, `info_template`, `active`, `expires`) VALUES('6e2b789a57b9125af59c0273f5b47cb1', 'SEM_USER_DEL', 'Aus Veranstaltung ausgetragen', '%user hat %user(%coaffected) aus %sem(%affected) ausgetragen. (%info)', 0, 0);
INSERT INTO `log_actions` (`action_id`, `name`, `description`, `info_template`, `active`, `expires`) VALUES('d07c8b37c6d3e206cd012d07ba8028b1', 'SEM_CHANGED_RIGHTS', 'Veranstaltungsrechte geändert', '%user hat %user(%coaffected) in %sem(%affected) als %info eingetragen. (%dbg_info)', 0, 0);
INSERT INTO `log_actions` (`action_id`, `name`, `description`, `info_template`, `active`, `expires`) VALUES('2420da2946df66a5ad96c6d45e97d5b9', 'SEM_ADD_STUDYAREA', 'Studienbereich zu Veranst. hinzufügen', '%user fügt Studienbereich "%studyarea(%coaffected)" zu %sem(%affected) hinzu.', 0, 0);
INSERT INTO `log_actions` (`action_id`, `name`, `description`, `info_template`, `active`, `expires`) VALUES('754708c8c0c61a916855c5031014acbb', 'SEM_DELETE_STUDYAREA', 'Studienbereich aus Veranst. löschen', '%user entfernt Studienbereich "%studyarea(%coaffected)" aus %sem(%affected).', 0, 0);
INSERT INTO `log_actions` (`action_id`, `name`, `description`, `info_template`, `active`, `expires`) VALUES('30dfb509cb1a8e228af3bd17dd6c8d1d', 'RES_ASSIGN_SEM', 'Buchen einer Ressource (VA)', '%user bucht %res(%affected) für %sem(%coaffected) (%info).', 0, 0);
INSERT INTO `log_actions` (`action_id`, `name`, `description`, `info_template`, `active`, `expires`) VALUES('e8b1105ca4f2305ef0db6c961d2fbe4c', 'RES_ASSIGN_SINGLE', 'Buchen einer Ressource (Einzel)', '%user bucht %res(%affected) direkt (%info).', 0, 0);
INSERT INTO `log_actions` (`action_id`, `name`, `description`, `info_template`, `active`, `expires`) VALUES('7d26ffbf73103601966f7517e40d7e66', 'RES_REQUEST_NEW', 'Neue Raumanfrage', '%user stellt neue Raumanfrage für %sem(%affected), gewünschter Raum: %res(%coaffected), %info', 0, 0);
INSERT INTO `log_actions` (`action_id`, `name`, `description`, `info_template`, `active`, `expires`) VALUES('46bc7faabfc73864998b561b1011e3fe', 'RES_REQUEST_UPDATE', 'Geänderte Raumanfrage', '%user ändert Raumanfrage für %sem(%affected), gewünschter Raum: %res(%coaffected), %info', 0, 0);
INSERT INTO `log_actions` (`action_id`, `name`, `description`, `info_template`, `active`, `expires`) VALUES('a0928e74639fd2a55f5d4d2a3c5a8e71', 'RES_REQUEST_DEL', 'Raumanfrage löschen', '%user löscht Raumanfrage für %sem(%affected).', 0, 0);
INSERT INTO `log_actions` (`action_id`, `name`, `description`, `info_template`, `active`, `expires`) VALUES('a3856b6531e2f79d158b5ebfb998e5db', 'RES_ASSIGN_DEL_SEM', 'VA-Buchung löschen', '%user löscht Ressourcenbelegung für %res(%affected) in Veranstaltung %sem(%coaffected), %info.', 0, 0);
INSERT INTO `log_actions` (`action_id`, `name`, `description`, `info_template`, `active`, `expires`) VALUES('17f0a527e9db7dec09687a70681559cf', 'RES_ASSIGN_DEL_SINGLE', 'Direktbuchung löschen', '%user löscht Direktbuchung für %res(%affected) (%info).', 0, 0);
INSERT INTO `log_actions` (`action_id`, `name`, `description`, `info_template`, `active`, `expires`) VALUES('9179d3cf4e0353f9874bcde072d12b30', 'RES_REQUEST_DENY', 'Abgelehnte Raumanfrage', '%user lehnt Raumanfrage für %sem(%coaffected), Raum %sem(%affected) ab.', 0, 0);
INSERT INTO `log_actions` (`action_id`, `name`, `description`, `info_template`, `active`, `expires`) VALUES('ff806b4b26f8bc8c3e65e29d14176cd9', 'RES_REQUEST_RESOLVE', 'Aufgelöste Raumanfrage', '%user löst Raumanfrage für %sem(%affected), Raum %res(%coaffected) auf.', 0, 0);
INSERT INTO `log_actions` (`action_id`, `name`, `description`, `info_template`, `active`, `expires`) VALUES('248f54105b7102e5cbcc36e9439504fb', 'STUDYAREA_ADD', 'Studienbereich hinzufügen', '%user legt Studienbereich %studyarea(%affected) an.', 0, 0);
INSERT INTO `log_actions` (`action_id`, `name`, `description`, `info_template`, `active`, `expires`) VALUES('9123d360316ba28ddb32c0ed1a0320f2', 'STUDYAREA_DELETE', 'Studienbereich löschen', '%user entfernt Studienbereich %studyarea(%affected).', 0, 0);
INSERT INTO `log_actions` (`action_id`, `name`, `description`, `info_template`, `active`, `expires`) VALUES('897207a36c411d736947052219624b72', 'USER_CHANGE_PASSWORD', 'Nutzerpasswort geändert', '%user ändert/setzt das Passwort für %user(%affected)', 0, 0);
INSERT INTO `log_actions` (`action_id`, `name`, `description`, `info_template`, `active`, `expires`) VALUES('9ed46a3ca3d4f43e17f91e314224dcae', 'SEM_CHANGE_CYCLE', 'Regelmäßige Zeit geändert', '%user hat in %sem(%affected) die regelmäßige Zeit %info geändert', 1, 0);

--
-- Daten für Tabelle `roles`
--

INSERT INTO `roles` (`roleid`, `rolename`, `system`) VALUES(1, 'Root-Administrator(in)', 'y');
INSERT INTO `roles` (`roleid`, `rolename`, `system`) VALUES(2, 'Administrator(in)', 'y');
INSERT INTO `roles` (`roleid`, `rolename`, `system`) VALUES(3, 'Mitarbeiter(in)', 'y');
INSERT INTO `roles` (`roleid`, `rolename`, `system`) VALUES(4, 'Lehrende(r)', 'y');
INSERT INTO `roles` (`roleid`, `rolename`, `system`) VALUES(5, 'Studierende(r)', 'y');
INSERT INTO `roles` (`roleid`, `rolename`, `system`) VALUES(6, 'Tutor(in)', 'y');
INSERT INTO `roles` (`roleid`, `rolename`, `system`) VALUES(7, 'Nobody', 'y');

--
-- Daten für Tabelle `roles_studipperms`
--

INSERT INTO `roles_studipperms` (`roleid`, `permname`) VALUES(1, 'root');
INSERT INTO `roles_studipperms` (`roleid`, `permname`) VALUES(2, 'admin');
INSERT INTO `roles_studipperms` (`roleid`, `permname`) VALUES(3, 'admin');
INSERT INTO `roles_studipperms` (`roleid`, `permname`) VALUES(3, 'root');
INSERT INTO `roles_studipperms` (`roleid`, `permname`) VALUES(4, 'dozent');
INSERT INTO `roles_studipperms` (`roleid`, `permname`) VALUES(5, 'autor');
INSERT INTO `roles_studipperms` (`roleid`, `permname`) VALUES(5, 'tutor');
INSERT INTO `roles_studipperms` (`roleid`, `permname`) VALUES(6, 'tutor');

--
-- Daten für Tabelle `roles_user`
--

INSERT INTO `roles_user` (`roleid`, `userid`) VALUES(7, 'nobody');

--
-- Daten für Tabelle `schema_version`
--

INSERT INTO `schema_version` (`domain`, `version`) VALUES('studip', 81);

--
-- Daten für Tabelle `semester_data`
--

INSERT INTO `semester_data` (`semester_id`, `name`, `description`, `semester_token`, `beginn`, `ende`, `vorles_beginn`, `vorles_ende`) VALUES('f2b4fdf5ac59a9cb57dd73c4d3bbb651', 'SS 2011', '', '', 1301608800, 1317419999, 1302040800, 1310248799);
INSERT INTO `semester_data` (`semester_id`, `name`, `description`, `semester_token`, `beginn`, `ende`, `vorles_beginn`, `vorles_ende`) VALUES('eb828ebb81bb946fac4108521a3b4697', 'WS 2011/12', '', '', 1317420000, 1333144800, 1318888800, 1329001200);

--
-- Daten für Tabelle `semester_holiday`
--

INSERT INTO `semester_holiday` (`holiday_id`, `semester_id`, `name`, `description`, `beginn`, `ende`) VALUES
('75a24d5f6f0c4f633d5293221629b9a6', '1', 'Weihnachtsferien 2011/2012', '', 1324594800, 1325545200);

--
-- Daten für Tabelle `siteinfo_details`
--

INSERT INTO `siteinfo_details` (`detail_id`, `rubric_id`, `position`, `name`, `content`) VALUES(1, 1, NULL, '[lang=de]Ansprechpartner[/lang][lang=en]Contact[/lang]', '[style=float: right]\n[img]http://www.studip.de/images/studipanim.gif\n**Version:** (:version:)\n[/style]\n[lang=de]Für diese Stud.IP-Installation ((:uniname:)) sind folgende Administratoren zuständig:[/lang]\n[lang=en]The following administrators are responsible for this Stud.IP installation ((:uniname:)):[/lang]\n(:rootlist:)\n[lang=de]allgemeine Anfragen wie Passwort-Anforderungen u.a. richten Sie bitte an:[/lang]\n[lang=en]General queries e.g., password queries, please contact:[/lang]\n(:unicontact:)\n[lang=de]Folgende Einrichtungen sind beteiligt:\n(Genannt werden die jeweiligen Administratoren der Einrichtungen für entsprechende Anfragen)[/lang]\n[lang=en]The following institutes participate:\n(Named are the institutes administrators responsible for the corresponding query areas)[/lang]\n(:adminlist:)');
INSERT INTO `siteinfo_details` (`detail_id`, `rubric_id`, `position`, `name`, `content`) VALUES(2, 1, NULL, '[lang=de]Entwickler[/lang][lang=en]Developer[/lang]', '[style=float: right]\n[img]http://www.studip.de/images/studipanim.gif\n**Version:** (:version:)\n[/style]\n[lang=de]Stud.IP ist ein Open Source Projekt zur Unterstützung von Präsenzlehre an Universitäten, Hochschulen und anderen Bildungseinrichtungen. Das System entstand am Zentrum für interdisziplinäre Medienwissenschaft (ZiM) der Georg-August-Universität Göttingen unter Mitwirkung der Suchi & Berg GmbH (data-quest) , Göttingen. Heute erfolgt die Weiterentwicklung von Stud.IP verteilt an vielen Standorten (Göttingen, Osnabrück, Oldenburg, Bremen, Hannover, Jena und weiteren). Die Koordination der Entwicklung erfolgt durch die Stud.IP-CoreGroup.\nStud.IP steht unter der GNU General Public License, Version 2.\n\nWeitere Informationen finden sie auf [**www.studip.de**]http://www.studip.de , [**develop.studip.de**]http://develop.studip.de und [**blog.studip.de**]http://blog.studip.de.[/lang]\n\n[lang=en]Stud.IP is an opensource project for supporting attendance courses offered by universities, institutions of higher education and other educational institutions. The system was established at the Zentrum für interdisziplinäre Medienwissenschaft (ZiM) in the Georg-August-Universität Göttingen in cooperation with Suchi & Berg GmbH (data-quest) , Göttingen. At the present further developing takes place at various locations (among others Göttingen, Osnabrück, Oldenburg, Bremen, Hannover, Jena) under coordination through the Stud.IP-CoreGroup.\n\nStud.IP is covered by the GNU General Public Licence, version 2.\n\nFurther information can be found under [**www.studip.de**]http://www.studip.de , [**develop.studip.de**]http://develop.studip.de and [**blog.studip.de**]http://blog.studip.de.[/lang]\n\n(:coregroup:)\n[lang=de]Sie erreichen uns auch über folgende **Mailinglisten**:\n\n**Nutzer-Anfragen**, E-Mail: studip-users@lists.sourceforge.net: Fragen, Anregungen und Vorschläge an die Entwickler - bitte __keine__ Passwort Anfragen!\n**News-Mailingsliste**, E-Mail: studip-news@lists.sourceforge.net: News rund um Stud.IP (Eintragung notwendig)\n\nWir laden alle Entwickler, Betreiber und Nutzer von Stud.IP ein, sich auf dem Developer-Server http://develop.studip.de an den Diskussionen rund um die Weiterentwicklung und Nutzung der Plattform zu beteiligen.[/lang]\n[lang=en]You can contact us via the following **mailing lists**:\n\n**User enquiries**, E-Mail: studip-users@lists.sourceforge.net: Questions, suggestions and recommendations to the developers - __please no password queries__!\n\n**News mailing list**, E-Mail: studip-news@lists.sourceforge.net: News about Stud.IP (registration necessary)\n\nWe invite all developers, administrators and users of Stud.IP to join the discussions on further developing and using the platform available at the developer server http://develop.studip.de[/lang]');
INSERT INTO `siteinfo_details` (`detail_id`, `rubric_id`, `position`, `name`, `content`) VALUES(3, 2, NULL, '[lang=de]Technik[/lang][lang=en]Technology[/lang]', '[style=float: right]\n[img]http://www.studip.de/images/studipanim.gif\n**Version:** (:version:)\n[/style]\n[lang=de]Stud IP ist ein Open-Source Projekt und steht unter der GNU General Public License. Sämtliche zum Betrieb notwendigen Dateien können unter http://sourceforge.net/projects/studip/ heruntergeladen werden.\nDie technische Grundlage bietet ein LINUX-System mit Apache Webserver sowie eine MySQL Datenbank, die über PHP gesteuert wird.\nIm System findet ein 6-stufiges Rechtesystem Verwendung, das individuell auf verschiedenen Ebenen wirkt - etwa in Veranstaltungen, Einrichtungen, Fakultäten oder systemweit.\nSeminare oder Arbeitsgruppen können mit Passwörtern geschützt werden - die Verschlüsselung erfolgt mit einem MD5 one-way-hash.\nDas System ist zu 100% über das Internet administrierbar, es sind keine zusätzlichen Werkzeuge nötig. Ein Webbrowser der 5. Generation wird empfohlen.\nDas System wird ständig weiterentwickelt und an die Wünsche unserer Nutzer angepasst - [sagen Sie uns Ihre Meinung!]studip-users@lists.sourceforge.net[/lang]\n[lang=en]Stud.IP is an Open Source Project and is covered by the Gnu General Public License (GPL). All files necessary for operation can be downloaded from http://sourceforge.net/projects/studip/ .\nThe technical basis can be provided by a LINUX system with Apache Webserver and a MySQL database, which is then controlled by PHP.\nThe system features a authorisation system with six ranks, that affects individually different levels - in courses, institutes,faculties or system wide.\nSeminars or work groups can be secured with passwords - the encryption of which uses a MD5 one-way-hash.\nThe system is capable of being administrated 100% over the internet - no additional tools are necessary. A 5th generation web browser is recommended.\nThe system is continually being developed and customised to the wishes of our users - [Tell us your opinion!]studip-users@lists.sourceforge.net[/lang]');
INSERT INTO `siteinfo_details` (`detail_id`, `rubric_id`, `position`, `name`, `content`) VALUES(4, 2, NULL, '[lang=de]Statistik[/lang][lang=en]Statistics[/lang]', '[lang=de]!!Top-Listen aller Veranstaltungen[/lang][lang=en]!!Top list of all courses[/lang]\n[style=float: right]\n[lang=de]!!Statistik[/lang][lang=en]!!statistics[/lang]\n(:indicator seminar_all:)\n(:indicator seminar_archived:)\n(:indicator institute_firstlevel_all:)\n(:indicator institute_secondlevel_all:)\n(:indicator user_admin:)\n(:indicator user_dozent:)\n(:indicator user_tutor:)\n(:indicator user_autor:)\n(:indicator posting:)\n(:indicator document:)\n(:indicator link:)\n(:indicator litlist:)\n(:indicator termin:)\n(:indicator news:)\n(:indicator guestbook:)\n(:indicator vote:)\n(:indicator test:)\n(:indicator evaluation:)\n(:indicator wiki_pages:)\n(:indicator lernmodul:)\n(:indicator resource:)\n[/style]\n(:toplist mostparticipants:)\n(:toplist recentlycreated:)\n(:toplist mostdocuments:)\n(:toplist mostpostings:)\n(:toplist mostvisitedhomepages:)');
INSERT INTO `siteinfo_details` (`detail_id`, `rubric_id`, `position`, `name`, `content`) VALUES(5, 2, NULL, 'History', '(:history:)');
INSERT INTO `siteinfo_details` (`detail_id`, `rubric_id`, `position`, `name`, `content`) VALUES(6, 2, NULL, 'Stud.IP-Blog', '[lang=de]Das Blog der Stud.IP-Entwickler finden Sie auf:[/lang]\n[lang=en]The Stud.IP-Developer-Blog can be found under:[/lang]\nhttp://blog.studip.de');

--
-- Daten für Tabelle `siteinfo_rubrics`
--

INSERT INTO `siteinfo_rubrics` (`rubric_id`, `position`, `name`) VALUES(1, NULL, '[lang=de]Kontakt[/lang][lang=en]Contact[/lang]');
INSERT INTO `siteinfo_rubrics` (`rubric_id`, `position`, `name`) VALUES(2, NULL, '[lang=de]Über Stud.IP[/lang][lang=en]About Stud.IP[/lang]');

--
-- Daten für Tabelle `user_visibility`
--

INSERT INTO `user_visibility` (`user_id`, `online`, `chat`, `search`, `email`, `homepage`, `default_homepage_visibility`, `mkdate`) VALUES
('studip', 1, 1, 1, 1, '', 0, UNIX_TIMESTAMP());

